ISO-10303-21;
HEADER;
FILE_DESCRIPTION (( 'STEP AP203' ),
    '1' );
FILE_NAME ('47065T418_T-Slotted Framing.STEP',
    '2026-01-18T17:38:20',
    ( 'McMaster Carr Supply' ),
    ( 'McMaster Carr Supply' ),
    'SwSTEP 2.0',
    'SolidWorks 2024',
    '' );
FILE_SCHEMA (( 'CONFIG_CONTROL_DESIGN' ));
ENDSEC;

DATA;
#1 = CARTESIAN_POINT ( 'NONE',  ( -0.5000000000000000000, 0.9077225650551554725, -6.000000000000000888 ) ) ;
#2 = EDGE_LOOP ( 'NONE', ( #4749, #2055, #5240, #4525 ) ) ;
#3 = CARTESIAN_POINT ( 'NONE',  ( -0.08519660197288735082, 0.7706000000000000627, 6.000000000000000888 ) ) ;
#4 = CARTESIAN_POINT ( 'NONE',  ( -0.5000000000000001110, 0.6649749999999998717, -6.000000000000000888 ) ) ;
#5 = LINE ( 'NONE', #1369, #633 ) ;
#6 = LINE ( 'NONE', #3533, #1959 ) ;
#7 = EDGE_CURVE ( 'NONE', #1072, #3748, #3570, .T. ) ;
#8 = EDGE_CURVE ( 'NONE', #5061, #4325, #1636, .T. ) ;
#9 = DIRECTION ( 'NONE',  ( 0.000000000000000000, 0.000000000000000000, 1.000000000000000000 ) ) ;
#10 = LINE ( 'NONE', #4944, #3521 ) ;
#11 = CYLINDRICAL_SURFACE ( 'NONE', #527, 0.03697499999999995235 ) ;
#12 = EDGE_CURVE ( 'NONE', #3083, #628, #79, .T. ) ;
#13 = CARTESIAN_POINT ( 'NONE',  ( 0.3411992244580428491, 0.7796809344948134601, 6.000000000000000888 ) ) ;
#14 = VECTOR ( 'NONE', #4892, 39.37007874015748143 ) ;
#15 = AXIS2_PLACEMENT_3D ( 'NONE', #4220, #1932, #3275 ) ;
#16 = ORIENTED_EDGE ( 'NONE', *, *, #2451, .F. ) ;
#17 = VERTEX_POINT ( 'NONE', #4492 ) ;
#18 = CARTESIAN_POINT ( 'NONE',  ( -0.4630250000000000199, -0.3719999999999999973, -6.000000000000000888 ) ) ;
#19 = AXIS2_PLACEMENT_3D ( 'NONE', #5201, #1290, #4224 ) ;
#20 = ORIENTED_EDGE ( 'NONE', *, *, #1389, .F. ) ;
#21 = AXIS2_PLACEMENT_3D ( 'NONE', #1848, #3140, #4861 ) ;
#22 = VERTEX_POINT ( 'NONE', #544 ) ;
#23 = CYLINDRICAL_SURFACE ( 'NONE', #2202, 0.04205992052357206135 ) ;
#24 = CARTESIAN_POINT ( 'NONE',  ( -0.5000000000000001110, 0.3350250000000000727, -6.000000000000000888 ) ) ;
#25 = AXIS2_PLACEMENT_3D ( 'NONE', #648, #994, #1020 ) ;
#26 = VECTOR ( 'NONE', #763, 39.37007874015748143 ) ;
#27 = ORIENTED_EDGE ( 'NONE', *, *, #4226, .F. ) ;
#28 = ORIENTED_EDGE ( 'NONE', *, *, #3149, .T. ) ;
#29 = EDGE_LOOP ( 'NONE', ( #1552, #5495, #5237, #2650 ) ) ;
#30 = FACE_OUTER_BOUND ( 'NONE', #4860, .T. ) ;
#31 = ORIENTED_EDGE ( 'NONE', *, *, #316, .T. ) ;
#32 = FACE_OUTER_BOUND ( 'NONE', #4407, .T. ) ;
#33 = EDGE_LOOP ( 'NONE', ( #3855, #1560, #4735, #4027 ) ) ;
#34 = EDGE_CURVE ( 'NONE', #2593, #2328, #5308, .T. ) ;
#35 = CARTESIAN_POINT ( 'NONE',  ( 0.3411992244580428491, -0.7796809344948134601, -6.000000000000000888 ) ) ;
#36 = EDGE_CURVE ( 'NONE', #740, #3824, #2454, .T. ) ;
#37 = DIRECTION ( 'NONE',  ( 1.000000000000000000, 0.000000000000000000, 0.000000000000000000 ) ) ;
#38 = FACE_OUTER_BOUND ( 'NONE', #3886, .T. ) ;
#39 = FACE_OUTER_BOUND ( 'NONE', #2266, .T. ) ;
#40 = AXIS2_PLACEMENT_3D ( 'NONE', #1412, #2320, #109 ) ;
#41 = DIRECTION ( 'NONE',  ( -1.000000000000000000, -1.046685055043766868E-14, 0.000000000000000000 ) ) ;
#42 = EDGE_CURVE ( 'NONE', #3555, #4197, #3683, .T. ) ;
#43 = LINE ( 'NONE', #1811, #2840 ) ;
#44 = DIRECTION ( 'NONE',  ( -0.000000000000000000, 0.000000000000000000, -1.000000000000000000 ) ) ;
#45 = DIMENSIONAL_EXPONENTS ( 1.000000000000000000, 0.000000000000000000, 0.000000000000000000, 0.000000000000000000, 0.000000000000000000, 0.000000000000000000, 0.000000000000000000 ) ;
#46 = ORIENTED_EDGE ( 'NONE', *, *, #3634, .F. ) ;
#47 = VECTOR ( 'NONE', #2756, 39.37007874015748143 ) ;
#48 = DIRECTION ( 'NONE',  ( 1.000000000000000000, 2.926849330295178580E-16, 0.000000000000000000 ) ) ;
#49 = ORIENTED_EDGE ( 'NONE', *, *, #5579, .F. ) ;
#50 = CARTESIAN_POINT ( 'NONE',  ( -0.4630250000000000199, 0.6649749999999998717, 6.000000000000000888 ) ) ;
#51 = ADVANCED_FACE ( 'NONE', ( #4603 ), #5008, .F. ) ;
#52 = VERTEX_POINT ( 'NONE', #5090 ) ;
#53 = CARTESIAN_POINT ( 'NONE',  ( -0.3709400794764278753, -0.2500599205235715661, 6.000000000000000888 ) ) ;
#54 = CARTESIAN_POINT ( 'NONE',  ( -0.2086574459680583804, 0.6471391560048290748, -6.000000000000000888 ) ) ;
#55 = VERTEX_POINT ( 'NONE', #1145 ) ;
#56 = VERTEX_POINT ( 'NONE', #4199 ) ;
#57 = VERTEX_POINT ( 'NONE', #1061 ) ;
#58 = CARTESIAN_POINT ( 'NONE',  ( -0.3709400794764278753, -0.7499400794764283784, -6.000000000000000888 ) ) ;
#59 = ORIENTED_EDGE ( 'NONE', *, *, #3288, .F. ) ;
#60 = DIRECTION ( 'NONE',  ( -1.000000000000000000, 0.000000000000000000, 0.000000000000000000 ) ) ;
#61 = ORIENTED_EDGE ( 'NONE', *, *, #1519, .T. ) ;
#62 = CARTESIAN_POINT ( 'NONE',  ( 0.5000000000000001110, -0.6649749999999998717, 6.000000000000000888 ) ) ;
#63 = LINE ( 'NONE', #1835, #1528 ) ;
#64 = PERSON_AND_ORGANIZATION ( #693, #3576 ) ;
#65 = EDGE_CURVE ( 'NONE', #2313, #347, #3308, .T. ) ;
#66 = CARTESIAN_POINT ( 'NONE',  ( -0.5000000000000001110, 0.3350250000000000727, -6.000000000000000888 ) ) ;
#67 = FACE_OUTER_BOUND ( 'NONE', #4330, .T. ) ;
#68 = CIRCLE ( 'NONE', #4036, 0.04205992052357206135 ) ;
#69 = DIRECTION ( 'NONE',  ( 1.000000000000000000, 0.000000000000000000, 0.000000000000000000 ) ) ;
#70 = CIRCLE ( 'NONE', #4037, 0.02174999999999998115 ) ;
#71 = CARTESIAN_POINT ( 'NONE',  ( -0.1649749999999999550, 0.9129999999999999227, -6.000000000000000888 ) ) ;
#72 = EDGE_CURVE ( 'NONE', #1856, #5416, #4981, .T. ) ;
#73 = VERTEX_POINT ( 'NONE', #5466 ) ;
#74 = VECTOR ( 'NONE', #4994, 39.37007874015748143 ) ;
#75 = EDGE_CURVE ( 'NONE', #4702, #3527, #1265, .T. ) ;
#76 = DIRECTION ( 'NONE',  ( 2.926849330295178580E-16, -1.000000000000000000, 0.000000000000000000 ) ) ;
#77 = ORIENTED_EDGE ( 'NONE', *, *, #4208, .F. ) ;
#78 = CARTESIAN_POINT ( 'NONE',  ( 0.5000000000000000000, -0.2718099205235717242, -6.000000000000000888 ) ) ;
#79 = LINE ( 'NONE', #1851, #5216 ) ;
#80 = CARTESIAN_POINT ( 'NONE',  ( -0.4499749999999999028, 0.6649749999999998717, 6.000000000000000888 ) ) ;
#81 = AXIS2_PLACEMENT_3D ( 'NONE', #4442, #2637, #5305 ) ;
#82 = DIRECTION ( 'NONE',  ( 0.000000000000000000, -0.000000000000000000, 1.000000000000000000 ) ) ;
#83 = ORIENTED_EDGE ( 'NONE', *, *, #4058, .T. ) ;
#84 = EDGE_CURVE ( 'NONE', #1420, #2633, #630, .T. ) ;
#85 = CIRCLE ( 'NONE', #5316, 0.02174999999999998115 ) ;
#86 = EDGE_LOOP ( 'NONE', ( #2741, #315, #230, #4094 ) ) ;
#87 = ORIENTED_EDGE ( 'NONE', *, *, #3261, .F. ) ;
#88 = DIRECTION ( 'NONE',  ( 2.926849330295178580E-16, -1.000000000000000000, 0.000000000000000000 ) ) ;
#89 = ORIENTED_EDGE ( 'NONE', *, *, #1342, .F. ) ;
#90 = CARTESIAN_POINT ( 'NONE',  ( -0.5000000000000000000, -0.2718099205235717242, -6.000000000000000888 ) ) ;
#91 = ORIENTED_EDGE ( 'NONE', *, *, #4971, .T. ) ;
#92 = CARTESIAN_POINT ( 'NONE',  ( -0.3983187499999999992, -0.8983187500000000547, 6.000000000000000888 ) ) ;
#93 = DIRECTION ( 'NONE',  ( 1.000000000000000000, 0.000000000000000000, 0.000000000000000000 ) ) ;
#94 = LINE ( 'NONE', #3532, #4959 ) ;
#95 = DIRECTION ( 'NONE',  ( 1.000000000000000000, 0.000000000000000000, 0.000000000000000000 ) ) ;
#96 = LINE ( 'NONE', #1869, #4813 ) ;
#97 = CARTESIAN_POINT ( 'NONE',  ( 0.5000000000000000000, 0.07052743494484452202, 6.000000000000000888 ) ) ;
#98 = CARTESIAN_POINT ( 'NONE',  ( -0.4499749999999999028, 0.3719999999999999973, 6.000000000000000888 ) ) ;
#99 = ORIENTED_EDGE ( 'NONE', *, *, #2656, .F. ) ;
#100 = CARTESIAN_POINT ( 'NONE',  ( -1.708498649160620184E-17, 0.5000000000000000000, 6.000000000000000888 ) ) ;
#101 = EDGE_LOOP ( 'NONE', ( #2294, #2409, #3268, #1013 ) ) ;
#102 = PLANE ( 'NONE',  #5258 ) ;
#103 = ORIENTED_EDGE ( 'NONE', *, *, #3811, .F. ) ;
#104 = AXIS2_PLACEMENT_3D ( 'NONE', #5103, #1252, #4764 ) ;
#105 = DIRECTION ( 'NONE',  ( 0.000000000000000000, 0.000000000000000000, -1.000000000000000000 ) ) ;
#106 = EDGE_CURVE ( 'NONE', #3860, #3508, #2399, .T. ) ;
#107 = AXIS2_PLACEMENT_3D ( 'NONE', #300, #5198, #3134 ) ;
#108 = EDGE_CURVE ( 'NONE', #5208, #694, #3656, .T. ) ;
#109 = DIRECTION ( 'NONE',  ( 1.000000000000000000, 0.000000000000000000, 0.000000000000000000 ) ) ;
#110 = ORIENTED_EDGE ( 'NONE', *, *, #988, .F. ) ;
#111 = AXIS2_PLACEMENT_3D ( 'NONE', #2005, #664, #692 ) ;
#112 = VECTOR ( 'NONE', #4144, 39.37007874015748143 ) ;
#113 = VERTEX_POINT ( 'NONE', #2373 ) ;
#114 = ORIENTED_EDGE ( 'NONE', *, *, #2976, .F. ) ;
#115 = CARTESIAN_POINT ( 'NONE',  ( -0.1649749999999999550, -0.9499750000000000139, 6.000000000000000888 ) ) ;
#116 = EDGE_CURVE ( 'NONE', #2527, #3515, #4147, .T. ) ;
#117 = AXIS2_PLACEMENT_3D ( 'NONE', #1168, #1632, #1232 ) ;
#118 = VECTOR ( 'NONE', #3387, 39.37007874015748143 ) ;
#119 = ORIENTED_EDGE ( 'NONE', *, *, #428, .T. ) ;
#120 = VECTOR ( 'NONE', #2874, 39.37007874015748143 ) ;
#121 = CIRCLE ( 'NONE', #5073, 0.02174999999999998115 ) ;
#122 = CARTESIAN_POINT ( 'NONE',  ( -0.5000000000000001110, -0.2935599205235716602, 6.000000000000000888 ) ) ;
#123 = VERTEX_POINT ( 'NONE', #1576 ) ;
#124 = FACE_OUTER_BOUND ( 'NONE', #1387, .T. ) ;
#125 = CARTESIAN_POINT ( 'NONE',  ( 0.1471391560048289637, 0.2913425540319414808, -6.000000000000000888 ) ) ;
#126 = EDGE_CURVE ( 'NONE', #434, #1079, #4399, .T. ) ;
#127 = APPROVAL_ROLE ( '' ) ;
#128 = AXIS2_PLACEMENT_3D ( 'NONE', #4801, #3912, #5634 ) ;
#129 = VERTEX_POINT ( 'NONE', #1964 ) ;
#130 = DIRECTION ( 'NONE',  ( -2.926849330295178087E-16, 1.000000000000000000, 0.000000000000000000 ) ) ;
#131 = CARTESIAN_POINT ( 'NONE',  ( 0.5000000000000001110, -0.7499400794764282674, 6.000000000000000888 ) ) ;
#132 = CARTESIAN_POINT ( 'NONE',  ( -0.3709400794764278753, 0.2500599205235715661, 6.000000000000000888 ) ) ;
#133 = PLANE ( 'NONE',  #4264 ) ;
#134 = ORIENTED_EDGE ( 'NONE', *, *, #5653, .T. ) ;
#135 = VECTOR ( 'NONE', #2803, 39.37007874015748143 ) ;
#136 = DIRECTION ( 'NONE',  ( 1.000000000000000000, 0.000000000000000000, 0.000000000000000000 ) ) ;
#137 = VERTEX_POINT ( 'NONE', #3227 ) ;
#138 = CYLINDRICAL_SURFACE ( 'NONE', #4168, 0.03697499999999995235 ) ;
#139 = EDGE_LOOP ( 'NONE', ( #4018, #396, #2436, #365 ) ) ;
#140 = DIRECTION ( 'NONE',  ( 4.008152805398325894E-16, 1.000000000000000000, 0.000000000000000000 ) ) ;
#141 = DIRECTION ( 'NONE',  ( -0.000000000000000000, -0.000000000000000000, -1.000000000000000000 ) ) ;
#142 = VECTOR ( 'NONE', #1191, 39.37007874015748143 ) ;
#143 = ORIENTED_EDGE ( 'NONE', *, *, #895, .F. ) ;
#144 = ADVANCED_FACE ( 'NONE', ( #601 ), #4658, .F. ) ;
#145 = ORIENTED_EDGE ( 'NONE', *, *, #786, .T. ) ;
#146 = EDGE_LOOP ( 'NONE', ( #2567, #1325, #2777, #1915 ) ) ;
#147 = CIRCLE ( 'NONE', #1341, 0.04205992052357206135 ) ;
#148 = DIRECTION ( 'NONE',  ( 0.000000000000000000, 0.000000000000000000, -1.000000000000000000 ) ) ;
#149 = ORIENTED_EDGE ( 'NONE', *, *, #280, .T. ) ;
#150 = ADVANCED_FACE ( 'NONE', ( #3738 ), #5521, .F. ) ;
#151 = LINE ( 'NONE', #207, #951 ) ;
#152 = ORIENTED_EDGE ( 'NONE', *, *, #2275, .T. ) ;
#153 = LINE ( 'NONE', #2842, #3214 ) ;
#154 = CALENDAR_DATE ( 2026, 18, 1 ) ;
#155 = VERTEX_POINT ( 'NONE', #1494 ) ;
#156 = EDGE_CURVE ( 'NONE', #3711, #206, #226, .T. ) ;
#157 = FACE_BOUND ( 'NONE', #3728, .T. ) ;
#158 = CARTESIAN_POINT ( 'NONE',  ( -0.4129999999999999227, 0.6649749999999998717, -6.000000000000000888 ) ) ;
#159 = LINE ( 'NONE', #3244, #4301 ) ;
#160 = FACE_OUTER_BOUND ( 'NONE', #4656, .T. ) ;
#161 = ORIENTED_EDGE ( 'NONE', *, *, #4515, .T. ) ;
#162 = LINE ( 'NONE', #3251, #2972 ) ;
#163 = AXIS2_PLACEMENT_3D ( 'NONE', #5438, #655, #1939 ) ;
#164 = VERTEX_POINT ( 'NONE', #1549 ) ;
#165 = LINE ( 'NONE', #5465, #209 ) ;
#166 = CARTESIAN_POINT ( 'NONE',  ( 0.5000000000000001110, -0.6649749999999998717, 6.000000000000000888 ) ) ;
#167 = LINE ( 'NONE', #3145, #4402 ) ;
#168 = DIRECTION ( 'NONE',  ( -0.000000000000000000, 0.000000000000000000, -1.000000000000000000 ) ) ;
#169 = LOCAL_TIME ( 11, 38, 20.00000000000000000, #5510 ) ;
#170 = EDGE_LOOP ( 'NONE', ( #4815, #4593, #2869, #5503 ) ) ;
#171 = CIRCLE ( 'NONE', #4217, 0.04205992052357206135 ) ;
#172 = ORIENTED_EDGE ( 'NONE', *, *, #4770, .F. ) ;
#173 = AXIS2_PLACEMENT_3D ( 'NONE', #92, #525, #1802 ) ;
#174 = VERTEX_POINT ( 'NONE', #5059 ) ;
#175 = DIRECTION ( 'NONE',  ( 1.000000000000000000, 0.000000000000000000, 0.000000000000000000 ) ) ;
#176 = ORIENTED_EDGE ( 'NONE', *, *, #36, .F. ) ;
#177 = AXIS2_PLACEMENT_3D ( 'NONE', #58, #5274, #1333 ) ;
#178 = DIRECTION ( 'NONE',  ( 0.000000000000000000, 1.000000000000000000, 0.000000000000000000 ) ) ;
#179 = ORIENTED_EDGE ( 'NONE', *, *, #2451, .T. ) ;
#180 = CARTESIAN_POINT ( 'NONE',  ( -1.708498649160620184E-17, 0.5000000000000000000, -6.000000000000000888 ) ) ;
#181 = EDGE_CURVE ( 'NONE', #2457, #2808, #1927, .T. ) ;
#182 = ADVANCED_FACE ( 'NONE', ( #5170 ), #4775, .F. ) ;
#183 = CC_DESIGN_PERSON_AND_ORGANIZATION_ASSIGNMENT ( #1538, #618, ( #4040 ) ) ;
#184 = EDGE_LOOP ( 'NONE', ( #1897, #2663, #1826, #927 ) ) ;
#185 = DIRECTION ( 'NONE',  ( 2.926849330295178087E-16, 1.000000000000000000, 0.000000000000000000 ) ) ;
#186 = LINE ( 'NONE', #1904, #754 ) ;
#187 = LINE ( 'NONE', #4544, #2299 ) ;
#188 = PLANE ( 'NONE',  #15 ) ;
#189 = EDGE_CURVE ( 'NONE', #4349, #2195, #4950, .T. ) ;
#190 = EDGE_CURVE ( 'NONE', #2697, #1068, #5126, .T. ) ;
#191 = CARTESIAN_POINT ( 'NONE',  ( 0.08519660197288733694, 0.6830000000000000515, -6.000000000000000888 ) ) ;
#192 = EDGE_LOOP ( 'NONE', ( #3270, #5275, #671, #2541 ) ) ;
#194 = ADVANCED_FACE ( 'NONE', ( #3363 ), #1233, .F. ) ;
#193 = DIRECTION ( 'NONE',  ( 1.000000000000000000, -1.046685055043766868E-14, 0.000000000000000000 ) ) ;
#195 = DIRECTION ( 'NONE',  ( -0.000000000000000000, 0.000000000000000000, -1.000000000000000000 ) ) ;
#196 = FACE_OUTER_BOUND ( 'NONE', #1631, .T. ) ;
#197 = DIRECTION ( 'NONE',  ( -0.000000000000000000, -0.000000000000000000, -1.000000000000000000 ) ) ;
#198 = EDGE_CURVE ( 'NONE', #52, #2323, #363, .T. ) ;
#199 = ORIENTED_EDGE ( 'NONE', *, *, #1200, .T. ) ;
#200 = ORIENTED_EDGE ( 'NONE', *, *, #503, .F. ) ;
#201 = CIRCLE ( 'NONE', #4344, 0.04205992052357206135 ) ;
#202 = ORIENTED_EDGE ( 'NONE', *, *, #4107, .T. ) ;
#203 = LINE ( 'NONE', #3207, #725 ) ;
#204 = CIRCLE ( 'NONE', #4438, 0.03697499999999995235 ) ;
#205 = CIRCLE ( 'NONE', #4995, 0.02174999999999998115 ) ;
#206 = VERTEX_POINT ( 'NONE', #3476 ) ;
#207 = CARTESIAN_POINT ( 'NONE',  ( -0.2499400794764282951, -0.9130000000000000338, 6.000000000000000888 ) ) ;
#208 = ORIENTED_EDGE ( 'NONE', *, *, #5283, .T. ) ;
#209 = VECTOR ( 'NONE', #1523, 39.37007874015748143 ) ;
#210 = PLANE ( 'NONE',  #264 ) ;
#211 = VECTOR ( 'NONE', #9, 39.37007874015748143 ) ;
#212 = PERSON_AND_ORGANIZATION ( #693, #3576 ) ;
#213 = EDGE_LOOP ( 'NONE', ( #3974, #1791, #1504, #2030 ) ) ;
#214 = AXIS2_PLACEMENT_3D ( 'NONE', #3902, #4017, #3583 ) ;
#215 = EDGE_CURVE ( 'NONE', #4666, #2581, #391, .T. ) ;
#216 = EDGE_CURVE ( 'NONE', #281, #3317, #3449, .T. ) ;
#217 = CARTESIAN_POINT ( 'NONE',  ( 0.4499749999999999028, -0.6649749999999998717, -6.000000000000000888 ) ) ;
#218 = PLANE ( 'NONE',  #3984 ) ;
#219 = DIRECTION ( 'NONE',  ( -1.046685055043767026E-14, 1.000000000000000000, 0.000000000000000000 ) ) ;
#220 = CARTESIAN_POINT ( 'NONE',  ( 0.5000000000000000000, 0.09227743494484449971, -6.000000000000000888 ) ) ;
#221 = ADVANCED_BREP_SHAPE_REPRESENTATION ( '47065T418_T-Slotted Framing', ( #1102, #2481 ), #1934 ) ;
#222 = CARTESIAN_POINT ( 'NONE',  ( -0.4129999999999999227, 0.3350250000000000727, 6.000000000000000888 ) ) ;
#223 = EDGE_CURVE ( 'NONE', #2552, #2593, #4341, .T. ) ;
#224 = ORIENTED_EDGE ( 'NONE', *, *, #4373, .F. ) ;
#225 = CARTESIAN_POINT ( 'NONE',  ( 0.5000000000000001110, -0.7064400794764282843, 6.000000000000000888 ) ) ;
#226 = LINE ( 'NONE', #3255, #1172 ) ;
#227 = LINE ( 'NONE', #5553, #3727 ) ;
#228 = ORIENTED_EDGE ( 'NONE', *, *, #437, .F. ) ;
#229 = EDGE_CURVE ( 'NONE', #4539, #2813, #3119, .T. ) ;
#230 = ORIENTED_EDGE ( 'NONE', *, *, #216, .F. ) ;
#231 = VERTEX_POINT ( 'NONE', #3910 ) ;
#232 = AXIS2_PLACEMENT_3D ( 'NONE', #2912, #1498, #3257 ) ;
#233 = CARTESIAN_POINT ( 'NONE',  ( 0.4129999999999999227, -0.6649749999999998717, 6.000000000000000888 ) ) ;
#234 = DIRECTION ( 'NONE',  ( -1.000000000000000000, 0.000000000000000000, 0.000000000000000000 ) ) ;
#235 = ORIENTED_EDGE ( 'NONE', *, *, #5564, .F. ) ;
#236 = VECTOR ( 'NONE', #2891, 39.37007874015748143 ) ;
#237 = DIRECTION ( 'NONE',  ( -0.000000000000000000, -0.000000000000000000, -1.000000000000000000 ) ) ;
#238 = ORIENTED_EDGE ( 'NONE', *, *, #461, .F. ) ;
#239 = DIRECTION ( 'NONE',  ( -1.000000000000000000, 2.926849330295178580E-16, 0.000000000000000000 ) ) ;
#240 = ORIENTED_EDGE ( 'NONE', *, *, #1816, .F. ) ;
#241 = CARTESIAN_POINT ( 'NONE',  ( -0.1829999999999999682, -0.5000000000000000000, -6.000000000000000888 ) ) ;
#242 = CARTESIAN_POINT ( 'NONE',  ( 0.4129999999999999227, -0.7499400794764283784, -6.000000000000000888 ) ) ;
#243 = DIRECTION ( 'NONE',  ( 1.000000000000000000, 1.046685055043766868E-14, 0.000000000000000000 ) ) ;
#244 = CARTESIAN_POINT ( 'NONE',  ( 0.3983187499999999992, 0.8983187500000000547, 6.000000000000000888 ) ) ;
#245 = ADVANCED_FACE ( 'NONE', ( #3051 ), #4800, .F. ) ;
#246 = DIRECTION ( 'NONE',  ( -1.000000000000000000, 0.000000000000000000, 0.000000000000000000 ) ) ;
#247 = ORIENTED_EDGE ( 'NONE', *, *, #420, .F. ) ;
#248 = CARTESIAN_POINT ( 'NONE',  ( 0.5000000000000001110, -0.7499400794764282674, -6.000000000000000888 ) ) ;
#249 = CARTESIAN_POINT ( 'NONE',  ( 0.3411992244580428491, -0.7796809344948134601, 6.000000000000000888 ) ) ;
#250 = CLOSED_SHELL ( 'NONE', ( #2427, #1667, #3874, #1446, #1071, #2442, #3952, #353, #4939, #1491, #5594, #1740, #5085, #777, #996, #2732, #2443, #5360, #5106, #1094, #5362, #2349, #1415, #2862, #2950, #5393, #1026, #4940, #5138, #1108, #703, #5370, #956, #565, #3559, #1891, #1956, #5406, #3365, #3125, #4374, #4514, #4835, #150, #4914, #4483, #2529, #1634, #2418, #2932, #2056, #4108, #386, #4029, #194, #4876, #4685, #3439, #2458, #1926, #2166, #2106, #3672, #5139, #2902, #1661, #840, #4799, #4239, #4594, #2482, #4931, #3156, #4057, #4701, #4491, #3427, #5113, #3594, #407, #182, #466, #1044, #2196, #2480, #1859, #702, #1421, #673, #1131, #4066, #4071, #2247, #1166, #2236, #5076, #5395, #2833, #4128, #51, #4101, #1239, #3219, #4444, #638, #2305, #4022, #651, #5524, #4941, #3543, #621, #2139, #4634, #397, #3920, #2361, #4165, #5154, #5603, #3875, #4882, #5530, #3911, #1141, #1920, #362, #4827, #3428, #2965, #2691, #4793, #2034, #1814, #3669, #3617, #5427, #3266, #5017, #4724, #144, #5492, #4526, #1854, #245, #2769, #4553, #3686, #822, #4174, #3248, #368, #5036, #2382, #253, #4588, #3840, #1603, #541, #4760, #4722, #1633, #3503, #1483, #3077, #3894 ) ) ;
#251 = DIRECTION ( 'NONE',  ( -0.000000000000000000, -0.000000000000000000, -1.000000000000000000 ) ) ;
#252 = EDGE_CURVE ( 'NONE', #4640, #3654, #4371, .T. ) ;
#253 = ADVANCED_FACE ( 'NONE', ( #857 ), #3023, .T. ) ;
#254 = ORIENTED_EDGE ( 'NONE', *, *, #5321, .F. ) ;
#255 = AXIS2_PLACEMENT_3D ( 'NONE', #4945, #2736, #3938 ) ;
#256 = ORIENTED_EDGE ( 'NONE', *, *, #3883, .F. ) ;
#257 = ORIENTED_EDGE ( 'NONE', *, *, #4298, .F. ) ;
#258 = CARTESIAN_POINT ( 'NONE',  ( 0.08519660197288735082, 0.7706000000000000627, 6.000000000000000888 ) ) ;
#259 = AXIS2_PLACEMENT_3D ( 'NONE', #1440, #2773, #3201 ) ;
#260 = DIRECTION ( 'NONE',  ( -0.000000000000000000, -0.000000000000000000, 1.000000000000000000 ) ) ;
#261 = EDGE_CURVE ( 'NONE', #1175, #4256, #5114, .T. ) ;
#262 = ORIENTED_EDGE ( 'NONE', *, *, #3019, .F. ) ;
#263 = VECTOR ( 'NONE', #2501, 39.37007874015748143 ) ;
#264 = AXIS2_PLACEMENT_3D ( 'NONE', #5398, #1075, #1950 ) ;
#265 = DIRECTION ( 'NONE',  ( -0.7071067811865479058, 0.7071067811865472397, 0.000000000000000000 ) ) ;
#266 = ORIENTED_EDGE ( 'NONE', *, *, #1383, .T. ) ;
#267 = LINE ( 'NONE', #2091, #1739 ) ;
#268 = EDGE_LOOP ( 'NONE', ( #5150, #4089, #1492, #3239 ) ) ;
#269 = CARTESIAN_POINT ( 'NONE',  ( -0.4630250000000000199, 0.6280000000000000027, 6.000000000000000888 ) ) ;
#270 = LINE ( 'NONE', #5569, #5176 ) ;
#271 = LINE ( 'NONE', #4650, #1251 ) ;
#272 = CARTESIAN_POINT ( 'NONE',  ( 0.08519660197288735082, 0.7706000000000000627, 6.000000000000000888 ) ) ;
#273 = DIRECTION ( 'NONE',  ( -1.000000000000000000, 0.000000000000000000, 0.000000000000000000 ) ) ;
#274 = ORIENTED_EDGE ( 'NONE', *, *, #3953, .F. ) ;
#275 = CARTESIAN_POINT ( 'NONE',  ( 0.3983187499999999992, -0.8983187500000000547, 6.000000000000000888 ) ) ;
#276 = CARTESIAN_POINT ( 'NONE',  ( 0.08519660197288733694, 0.6830000000000000515, 6.000000000000000888 ) ) ;
#277 = CARTESIAN_POINT ( 'NONE',  ( -0.4289532336714965144, -0.9952754672079547893, -2.185478394931410575E-15 ) ) ;
#278 = ORIENTED_EDGE ( 'NONE', *, *, #1701, .F. ) ;
#279 = CARTESIAN_POINT ( 'NONE',  ( -0.4499749999999999028, -0.3719999999999999973, 6.000000000000000888 ) ) ;
#280 = EDGE_CURVE ( 'NONE', #2782, #55, #2506, .T. ) ;
#281 = VERTEX_POINT ( 'NONE', #2103 ) ;
#282 = EDGE_CURVE ( 'NONE', #3185, #5300, #2536, .T. ) ;
#283 = ORIENTED_EDGE ( 'NONE', *, *, #2590, .T. ) ;
#284 = DIRECTION ( 'NONE',  ( 1.000000000000000000, 0.000000000000000000, 0.000000000000000000 ) ) ;
#285 = DIRECTION ( 'NONE',  ( 0.000000000000000000, 0.000000000000000000, 1.000000000000000000 ) ) ;
#286 = VERTEX_POINT ( 'NONE', #332 ) ;
#287 = FACE_OUTER_BOUND ( 'NONE', #462, .T. ) ;
#288 = EDGE_CURVE ( 'NONE', #5300, #57, #3851, .T. ) ;
#289 = EDGE_LOOP ( 'NONE', ( #4440, #1612, #1167, #3311 ) ) ;
#290 = DIRECTION ( 'NONE',  ( 0.000000000000000000, 0.000000000000000000, -1.000000000000000000 ) ) ;
#291 = AXIS2_PLACEMENT_3D ( 'NONE', #5098, #1589, #5043 ) ;
#292 = ORIENTED_EDGE ( 'NONE', *, *, #1037, .F. ) ;
#293 = VECTOR ( 'NONE', #4172, 39.37007874015748143 ) ;
#294 = VECTOR ( 'NONE', #3368, 39.37007874015748143 ) ;
#295 = CARTESIAN_POINT ( 'NONE',  ( -0.1280000000000000027, -0.9499750000000000139, 6.000000000000000888 ) ) ;
#296 = EDGE_CURVE ( 'NONE', #3744, #4118, #4314, .T. ) ;
#297 = LINE ( 'NONE', #1190, #4676 ) ;
#298 = CARTESIAN_POINT ( 'NONE',  ( 0.4129999999999999227, -0.7499400794764283784, 6.000000000000000888 ) ) ;
#299 = CARTESIAN_POINT ( 'NONE',  ( -0.3411992244580428491, -0.2203190655051865676, 6.000000000000000888 ) ) ;
#300 = CARTESIAN_POINT ( 'NONE',  ( -0.2705999999999998962, 0.4148033980271126353, -6.000000000000000888 ) ) ;
#301 = AXIS2_PLACEMENT_3D ( 'NONE', #1929, #2819, #4622 ) ;
#302 = VECTOR ( 'NONE', #965, 39.37007874015748143 ) ;
#303 = CARTESIAN_POINT ( 'NONE',  ( 0.4129999999999999227, 0.2500599205235715661, -6.000000000000000888 ) ) ;
#304 = ORIENTED_EDGE ( 'NONE', *, *, #2875, .F. ) ;
#305 = DIRECTION ( 'NONE',  ( -1.000000000000000000, 5.853698660590359132E-16, 0.000000000000000000 ) ) ;
#306 = DIRECTION ( 'NONE',  ( -1.000000000000000000, 0.000000000000000000, 0.000000000000000000 ) ) ;
#307 = LINE ( 'NONE', #5232, #2997 ) ;
#308 = EDGE_LOOP ( 'NONE', ( #5018, #3857, #4486, #591 ) ) ;
#309 = ORIENTED_EDGE ( 'NONE', *, *, #1317, .T. ) ;
#310 = DIRECTION ( 'NONE',  ( -1.000000000000000000, 0.000000000000000000, 0.000000000000000000 ) ) ;
#311 = ORIENTED_EDGE ( 'NONE', *, *, #1281, .T. ) ;
#312 = ORIENTED_EDGE ( 'NONE', *, *, #1453, .T. ) ;
#313 = DIRECTION ( 'NONE',  ( -1.000000000000000000, 0.000000000000000000, 0.000000000000000000 ) ) ;
#314 = CARTESIAN_POINT ( 'NONE',  ( 0.2705999999999998962, -0.5851966019728873647, 6.000000000000000888 ) ) ;
#315 = ORIENTED_EDGE ( 'NONE', *, *, #3358, .F. ) ;
#316 = EDGE_CURVE ( 'NONE', #5529, #5352, #3477, .T. ) ;
#317 = DIRECTION ( 'NONE',  ( -0.000000000000000000, 0.000000000000000000, -1.000000000000000000 ) ) ;
#318 = CARTESIAN_POINT ( 'NONE',  ( 0.4499749999999999028, -0.6649749999999998717, 6.000000000000000888 ) ) ;
#319 = ORIENTED_EDGE ( 'NONE', *, *, #329, .T. ) ;
#320 = CARTESIAN_POINT ( 'NONE',  ( 0.1649749999999999550, 0.9499750000000000139, 6.000000000000000888 ) ) ;
#321 = ORIENTED_EDGE ( 'NONE', *, *, #5257, .F. ) ;
#322 = EDGE_CURVE ( 'NONE', #3927, #4847, #2648, .T. ) ;
#323 = AXIS2_PLACEMENT_3D ( 'NONE', #3814, #3471, #729 ) ;
#324 = DIRECTION ( 'NONE',  ( 1.000000000000000000, 0.000000000000000000, 0.000000000000000000 ) ) ;
#325 = CARTESIAN_POINT ( 'NONE',  ( -0.08519660197288733694, 0.3169999999999999485, 6.000000000000000888 ) ) ;
#326 = CARTESIAN_POINT ( 'NONE',  ( 0.3411992244580428491, -0.7796809344948134601, 6.000000000000000888 ) ) ;
#327 = DIRECTION ( 'NONE',  ( -2.926849330295178087E-16, -1.000000000000000000, 0.000000000000000000 ) ) ;
#328 = DIRECTION ( 'NONE',  ( 1.000000000000000000, 0.000000000000000000, -0.000000000000000000 ) ) ;
#329 = EDGE_CURVE ( 'NONE', #3378, #2654, #2282, .T. ) ;
#330 = FACE_OUTER_BOUND ( 'NONE', #334, .T. ) ;
#331 = CARTESIAN_POINT ( 'NONE',  ( 0.1649749999999999550, -1.000000000000000000, 6.000000000000000888 ) ) ;
#332 = CARTESIAN_POINT ( 'NONE',  ( -0.4129999999999999227, -0.3350250000000000727, 6.000000000000000888 ) ) ;
#333 = DIRECTION ( 'NONE',  ( -1.000000000000000000, 1.046685055043766868E-14, 0.000000000000000000 ) ) ;
#334 = EDGE_LOOP ( 'NONE', ( #3168, #3579, #463, #1305 ) ) ;
#335 = VERTEX_POINT ( 'NONE', #4484 ) ;
#336 = DIRECTION ( 'NONE',  ( -1.607629870117495978E-15, -1.000000000000000000, 0.000000000000000000 ) ) ;
#337 = ORIENTED_EDGE ( 'NONE', *, *, #4625, .F. ) ;
#338 = ORIENTED_EDGE ( 'NONE', *, *, #5501, .F. ) ;
#339 = DIRECTION ( 'NONE',  ( -1.000000000000000000, 0.000000000000000000, 0.000000000000000000 ) ) ;
#340 = CYLINDRICAL_SURFACE ( 'NONE', #1901, 0.03697499999999995235 ) ;
#341 = AXIS2_PLACEMENT_3D ( 'NONE', #2820, #676, #4623 ) ;
#342 = ORIENTED_EDGE ( 'NONE', *, *, #1527, .T. ) ;
#343 = CIRCLE ( 'NONE', #3573, 0.08760000000000003895 ) ;
#344 = DIRECTION ( 'NONE',  ( 0.000000000000000000, 0.000000000000000000, 1.000000000000000000 ) ) ;
#345 = DIRECTION ( 'NONE',  ( -0.000000000000000000, 0.000000000000000000, -1.000000000000000000 ) ) ;
#346 = AXIS2_PLACEMENT_3D ( 'NONE', #3382, #789, #819 ) ;
#347 = VERTEX_POINT ( 'NONE', #1780 ) ;
#348 = LINE ( 'NONE', #2121, #3035 ) ;
#349 = VECTOR ( 'NONE', #5280, 39.37007874015748143 ) ;
#350 = ORIENTED_EDGE ( 'NONE', *, *, #3601, .F. ) ;
#351 = CIRCLE ( 'NONE', #2851, 0.03697499999999995235 ) ;
#352 = DIRECTION ( 'NONE',  ( 1.000000000000000000, 0.000000000000000000, 0.000000000000000000 ) ) ;
#353 = ADVANCED_FACE ( 'NONE', ( #4427 ), #4025, .F. ) ;
#354 = DIRECTION ( 'NONE',  ( 0.000000000000000000, 1.000000000000000000, 0.000000000000000000 ) ) ;
#355 = AXIS2_PLACEMENT_3D ( 'NONE', #3044, #2274, #2184 ) ;
#356 = DIRECTION ( 'NONE',  ( -0.000000000000000000, -0.000000000000000000, -1.000000000000000000 ) ) ;
#357 = DIRECTION ( 'NONE',  ( -0.000000000000000000, -0.000000000000000000, -1.000000000000000000 ) ) ;
#358 = DIRECTION ( 'NONE',  ( -0.7071067811865479058, -0.7071067811865472397, 0.000000000000000000 ) ) ;
#359 = AXIS2_PLACEMENT_3D ( 'NONE', #2178, #1360, #2665 ) ;
#360 = CARTESIAN_POINT ( 'NONE',  ( -0.08519660197288735082, 0.7706000000000000627, -6.000000000000000888 ) ) ;
#361 = LINE ( 'NONE', #2133, #5547 ) ;
#362 = ADVANCED_FACE ( 'NONE', ( #5288 ), #534, .F. ) ;
#363 = LINE ( 'NONE', #5577, #2564 ) ;
#364 = DIRECTION ( 'NONE',  ( 1.000000000000000000, 0.000000000000000000, 0.000000000000000000 ) ) ;
#365 = ORIENTED_EDGE ( 'NONE', *, *, #5190, .T. ) ;
#366 = DIRECTION ( 'NONE',  ( -1.000000000000000000, 0.000000000000000000, 0.000000000000000000 ) ) ;
#367 = ORIENTED_EDGE ( 'NONE', *, *, #750, .T. ) ;
#368 = ADVANCED_FACE ( 'NONE', ( #507 ), #2220, .F. ) ;
#369 = ORIENTED_EDGE ( 'NONE', *, *, #215, .F. ) ;
#370 = DIRECTION ( 'NONE',  ( -0.000000000000000000, 0.000000000000000000, 1.000000000000000000 ) ) ;
#371 = DIRECTION ( 'NONE',  ( 0.000000000000000000, 1.000000000000000000, 0.000000000000000000 ) ) ;
#372 = ORIENTED_EDGE ( 'NONE', *, *, #2312, .T. ) ;
#373 = DIRECTION ( 'NONE',  ( 0.000000000000000000, 0.000000000000000000, -1.000000000000000000 ) ) ;
#374 = DIRECTION ( 'NONE',  ( -0.000000000000000000, 0.000000000000000000, -1.000000000000000000 ) ) ;
#375 = ORIENTED_EDGE ( 'NONE', *, *, #4479, .F. ) ;
#376 = CARTESIAN_POINT ( 'NONE',  ( -0.08519660197288735082, -0.2293999999999998818, 6.000000000000000888 ) ) ;
#377 = ORIENTED_EDGE ( 'NONE', *, *, #4316, .T. ) ;
#378 = LINE ( 'NONE', #412, #3785 ) ;
#379 = VECTOR ( 'NONE', #1568, 39.37007874015748143 ) ;
#380 = CARTESIAN_POINT ( 'NONE',  ( 0.4129999999999999227, 0.3350250000000000727, 6.000000000000000888 ) ) ;
#381 = AXIS2_PLACEMENT_3D ( 'NONE', #2951, #4357, #806 ) ;
#382 = DIRECTION ( 'NONE',  ( -1.000000000000000000, 0.000000000000000000, 0.000000000000000000 ) ) ;
#383 = CARTESIAN_POINT ( 'NONE',  ( -0.1025000000000000216, -0.5000000000000000000, 6.000000000000000888 ) ) ;
#384 = CARTESIAN_POINT ( 'NONE',  ( -0.1025000000000000216, -0.5000000000000000000, 6.000000000000000888 ) ) ;
#385 = AXIS2_PLACEMENT_3D ( 'NONE', #2031, #4236, #3775 ) ;
#386 = ADVANCED_FACE ( 'NONE', ( #1842 ), #3165, .F. ) ;
#387 = CIRCLE ( 'NONE', #2793, 0.04205992052357206135 ) ;
#388 = EDGE_CURVE ( 'NONE', #1638, #2527, #2104, .T. ) ;
#389 = CARTESIAN_POINT ( 'NONE',  ( -0.5000000000000001110, 0.3350250000000000727, 6.000000000000000888 ) ) ;
#390 = FACE_OUTER_BOUND ( 'NONE', #771, .T. ) ;
#391 = LINE ( 'NONE', #1260, #3024 ) ;
#392 = AXIS2_PLACEMENT_3D ( 'NONE', #1962, #3225, #706 ) ;
#393 = VECTOR ( 'NONE', #4885, 39.37007874015748143 ) ;
#394 = CARTESIAN_POINT ( 'NONE',  ( 0.5000000000000001110, 0.7064400794764282843, -6.000000000000000888 ) ) ;
#395 = ORIENTED_EDGE ( 'NONE', *, *, #261, .F. ) ;
#396 = ORIENTED_EDGE ( 'NONE', *, *, #3718, .F. ) ;
#397 = ADVANCED_FACE ( 'NONE', ( #3591 ), #11, .T. ) ;
#398 = VECTOR ( 'NONE', #2095, 39.37007874015748143 ) ;
#399 = AXIS2_PLACEMENT_3D ( 'NONE', #5055, #1112, #4652 ) ;
#400 = CARTESIAN_POINT ( 'NONE',  ( -0.4630250000000000199, -0.6649749999999998717, 6.000000000000000888 ) ) ;
#401 = ORIENTED_EDGE ( 'NONE', *, *, #2618, .T. ) ;
#402 = VERTEX_POINT ( 'NONE', #2252 ) ;
#403 = CARTESIAN_POINT ( 'NONE',  ( -0.2499400794764282674, 0.8709400794764280418, -6.000000000000000888 ) ) ;
#404 = DIRECTION ( 'NONE',  ( -0.000000000000000000, 0.000000000000000000, -1.000000000000000000 ) ) ;
#405 = VECTOR ( 'NONE', #1721, 39.37007874015748143 ) ;
#406 = ORIENTED_EDGE ( 'NONE', *, *, #3985, .T. ) ;
#407 = ADVANCED_FACE ( 'NONE', ( #3081 ), #968, .F. ) ;
#408 = DIRECTION ( 'NONE',  ( -0.000000000000000000, -0.000000000000000000, -1.000000000000000000 ) ) ;
#409 = ORIENTED_EDGE ( 'NONE', *, *, #4226, .T. ) ;
#410 = CARTESIAN_POINT ( 'NONE',  ( 0.5000000000000000000, -0.09227743494484449971, -6.000000000000000888 ) ) ;
#411 = VERTEX_POINT ( 'NONE', #3562 ) ;
#412 = CARTESIAN_POINT ( 'NONE',  ( -0.1280000000000000027, -0.9499750000000000139, -6.000000000000000888 ) ) ;
#413 = ORIENTED_EDGE ( 'NONE', *, *, #5301, .T. ) ;
#414 = CARTESIAN_POINT ( 'NONE',  ( 0.5000000000000000000, 0.09227743494484449971, 6.000000000000000888 ) ) ;
#415 = CARTESIAN_POINT ( 'NONE',  ( -0.4630250000000000199, -0.6280000000000000027, -6.000000000000000888 ) ) ;
#416 = DIRECTION ( 'NONE',  ( 0.000000000000000000, -1.000000000000000000, 0.000000000000000000 ) ) ;
#417 = CARTESIAN_POINT ( 'NONE',  ( -0.4129999999999999227, -0.7499400794764283784, 6.000000000000000888 ) ) ;
#418 = CYLINDRICAL_SURFACE ( 'NONE', #2977, 0.03697499999999995235 ) ;
#419 = DIRECTION ( 'NONE',  ( -2.926849330295178580E-16, 1.000000000000000000, 0.000000000000000000 ) ) ;
#420 = EDGE_CURVE ( 'NONE', #5006, #3511, #1270, .T. ) ;
#421 = CARTESIAN_POINT ( 'NONE',  ( 0.4499749999999999028, -0.6280000000000000027, 6.000000000000000888 ) ) ;
#422 = VERTEX_POINT ( 'NONE', #2681 ) ;
#423 = VERTEX_POINT ( 'NONE', #5317 ) ;
#424 = CARTESIAN_POINT ( 'NONE',  ( 0.3411992244580428491, 0.7796809344948134601, 6.000000000000000888 ) ) ;
#425 = ORIENTED_EDGE ( 'NONE', *, *, #3670, .F. ) ;
#426 = ORIENTED_EDGE ( 'NONE', *, *, #3396, .F. ) ;
#427 = DIRECTION ( 'NONE',  ( 1.000000000000000000, 0.000000000000000000, 0.000000000000000000 ) ) ;
#428 = EDGE_CURVE ( 'NONE', #929, #781, #4055, .T. ) ;
#429 = EDGE_CURVE ( 'NONE', #4847, #1647, #43, .T. ) ;
#430 = CARTESIAN_POINT ( 'NONE',  ( 0.4630250000000000199, -0.3719999999999999973, -6.000000000000000888 ) ) ;
#431 = EDGE_CURVE ( 'NONE', #5416, #3854, #2013, .T. ) ;
#432 = ORIENTED_EDGE ( 'NONE', *, *, #42, .T. ) ;
#433 = CARTESIAN_POINT ( 'NONE',  ( -0.2705999999999998962, -0.5851966019728873647, 6.000000000000000888 ) ) ;
#434 = VERTEX_POINT ( 'NONE', #1401 ) ;
#435 = CARTESIAN_POINT ( 'NONE',  ( -1.708498649160620184E-17, -0.5000000000000000000, -6.000000000000000888 ) ) ;
#436 = APPROVAL ( #2644, 'UNSPECIFIED' ) ;
#437 = EDGE_CURVE ( 'NONE', #5497, #5333, #4668, .T. ) ;
#438 = ORIENTED_EDGE ( 'NONE', *, *, #4694, .F. ) ;
#439 = CARTESIAN_POINT ( 'NONE',  ( -0.3912499999999999312, -0.01647256505515531932, -6.000000000000000888 ) ) ;
#440 = EDGE_LOOP ( 'NONE', ( #4293, #5264, #2542, #3056 ) ) ;
#441 = FACE_OUTER_BOUND ( 'NONE', #4733, .T. ) ;
#442 = DIRECTION ( 'NONE',  ( -1.000000000000000000, 0.000000000000000000, 0.000000000000000000 ) ) ;
#443 = LINE ( 'NONE', #908, #1837 ) ;
#444 = AXIS2_PLACEMENT_3D ( 'NONE', #80, #2802, #977 ) ;
#445 = CARTESIAN_POINT ( 'NONE',  ( 0.4499749999999999028, 0.6649749999999998717, -6.000000000000000888 ) ) ;
#446 = VECTOR ( 'NONE', #4740, 39.37007874015748143 ) ;
#447 = CARTESIAN_POINT ( 'NONE',  ( 0.4499749999999999028, 0.3719999999999999973, 6.000000000000000888 ) ) ;
#448 = FACE_OUTER_BOUND ( 'NONE', #1825, .T. ) ;
#449 = DIRECTION ( 'NONE',  ( -1.000000000000000000, 0.000000000000000000, 0.000000000000000000 ) ) ;
#450 = CARTESIAN_POINT ( 'NONE',  ( -0.4129999999999999227, -0.2500599205235715661, 6.000000000000000888 ) ) ;
#451 = AXIS2_PLACEMENT_3D ( 'NONE', #1012, #5475, #2295 ) ;
#452 = ORIENTED_EDGE ( 'NONE', *, *, #322, .F. ) ;
#453 = ORIENTED_EDGE ( 'NONE', *, *, #2830, .F. ) ;
#454 = DIRECTION ( 'NONE',  ( -0.000000000000000000, -0.000000000000000000, -1.000000000000000000 ) ) ;
#455 = VERTEX_POINT ( 'NONE', #1752 ) ;
#456 = ORIENTED_EDGE ( 'NONE', *, *, #1326, .T. ) ;
#457 = CARTESIAN_POINT ( 'NONE',  ( 0.3709400794764278753, 0.2500599205235715661, -6.000000000000000888 ) ) ;
#458 = DIRECTION ( 'NONE',  ( 1.000000000000000000, 2.926849330295178580E-16, 0.000000000000000000 ) ) ;
#459 = VERTEX_POINT ( 'NONE', #623 ) ;
#460 = EDGE_CURVE ( 'NONE', #5696, #552, #2200, .T. ) ;
#461 = EDGE_CURVE ( 'NONE', #3422, #2836, #5409, .T. ) ;
#462 = EDGE_LOOP ( 'NONE', ( #4318, #3604, #3820, #635 ) ) ;
#463 = ORIENTED_EDGE ( 'NONE', *, *, #4138, .F. ) ;
#464 = LINE ( 'NONE', #1736, #3858 ) ;
#465 = ORIENTED_EDGE ( 'NONE', *, *, #2676, .F. ) ;
#466 = ADVANCED_FACE ( 'NONE', ( #5026 ), #3650, .F. ) ;
#467 = DIRECTION ( 'NONE',  ( -1.000000000000000000, 0.000000000000000000, 0.000000000000000000 ) ) ;
#468 = VERTEX_POINT ( 'NONE', #4191 ) ;
#469 = DIRECTION ( 'NONE',  ( 0.000000000000000000, 0.000000000000000000, -1.000000000000000000 ) ) ;
#470 = CARTESIAN_POINT ( 'NONE',  ( 0.4630250000000000199, 0.6280000000000000027, -6.000000000000000888 ) ) ;
#471 = CARTESIAN_POINT ( 'NONE',  ( -0.08519660197288733694, 0.6830000000000000515, 6.000000000000000888 ) ) ;
#472 = CARTESIAN_POINT ( 'NONE',  ( 0.4129999999999999227, 0.6649749999999998717, -6.000000000000000888 ) ) ;
#473 = EDGE_CURVE ( 'NONE', #3498, #4702, #3677, .T. ) ;
#474 = VECTOR ( 'NONE', #3558, 39.37007874015748143 ) ;
#475 = DIRECTION ( 'NONE',  ( 1.000000000000000000, 0.000000000000000000, -0.000000000000000000 ) ) ;
#476 = CARTESIAN_POINT ( 'NONE',  ( 0.2086574459680583804, -0.3528608439951709252, 6.000000000000000888 ) ) ;
#477 = DIRECTION ( 'NONE',  ( 1.000000000000000000, 0.000000000000000000, 0.000000000000000000 ) ) ;
#478 = LINE ( 'NONE', #98, #5458 ) ;
#479 = CIRCLE ( 'NONE', #2607, 0.02174999999999998115 ) ;
#480 = AXIS2_PLACEMENT_3D ( 'NONE', #4347, #2081, #4259 ) ;
#481 = ORIENTED_EDGE ( 'NONE', *, *, #3007, .F. ) ;
#482 = CARTESIAN_POINT ( 'NONE',  ( -0.5000000000000000000, 0.2718099205235717242, -6.000000000000000888 ) ) ;
#483 = VECTOR ( 'NONE', #193, 39.37007874015748143 ) ;
#484 = ORIENTED_EDGE ( 'NONE', *, *, #3085, .T. ) ;
#485 = CARTESIAN_POINT ( 'NONE',  ( -0.4499749999999999028, 0.3350250000000000727, -6.000000000000000888 ) ) ;
#486 = VECTOR ( 'NONE', #1515, 39.37007874015748143 ) ;
#487 = ORIENTED_EDGE ( 'NONE', *, *, #5282, .F. ) ;
#488 = DIRECTION ( 'NONE',  ( 1.000000000000000000, 0.000000000000000000, 0.000000000000000000 ) ) ;
#489 = FACE_OUTER_BOUND ( 'NONE', #3321, .T. ) ;
#490 = AXIS2_PLACEMENT_3D ( 'NONE', #594, #2764, #562 ) ;
#491 = AXIS2_PLACEMENT_3D ( 'NONE', #4909, #4047, #642 ) ;
#492 = ORIENTED_EDGE ( 'NONE', *, *, #3647, .F. ) ;
#493 = ORIENTED_EDGE ( 'NONE', *, *, #585, .F. ) ;
#494 = ORIENTED_EDGE ( 'NONE', *, *, #1174, .T. ) ;
#495 = CARTESIAN_POINT ( 'NONE',  ( -0.1649749999999999550, 0.9129999999999999227, 6.000000000000000888 ) ) ;
#496 = EDGE_CURVE ( 'NONE', #4953, #2328, #2416, .T. ) ;
#497 = ORIENTED_EDGE ( 'NONE', *, *, #3679, .T. ) ;
#498 = DIRECTION ( 'NONE',  ( -1.000000000000000000, 0.000000000000000000, 0.000000000000000000 ) ) ;
#499 = ORIENTED_EDGE ( 'NONE', *, *, #126, .T. ) ;
#500 = DIRECTION ( 'NONE',  ( 0.000000000000000000, -0.000000000000000000, -1.000000000000000000 ) ) ;
#501 = CARTESIAN_POINT ( 'NONE',  ( 0.5000000000000001110, -0.2500599205235717326, 6.000000000000000888 ) ) ;
#502 = CARTESIAN_POINT ( 'NONE',  ( 0.000000000000000000, 0.000000000000000000, 0.000000000000000000 ) ) ;
#503 = EDGE_CURVE ( 'NONE', #3352, #1018, #159, .T. ) ;
#504 = LINE ( 'NONE', #2706, #5084 ) ;
#505 = AXIS2_PLACEMENT_3D ( 'NONE', #5414, #547, #1853 ) ;
#506 = DIRECTION ( 'NONE',  ( -1.000000000000000000, 0.000000000000000000, 0.000000000000000000 ) ) ;
#507 = FACE_OUTER_BOUND ( 'NONE', #5049, .T. ) ;
#508 = CARTESIAN_POINT ( 'NONE',  ( -0.2064400794764282288, 1.000000000000000000, -6.000000000000000888 ) ) ;
#509 = EDGE_CURVE ( 'NONE', #2140, #52, #4769, .T. ) ;
#510 = ORIENTED_EDGE ( 'NONE', *, *, #8, .T. ) ;
#511 = VECTOR ( 'NONE', #5528, 39.37007874015748143 ) ;
#512 = PLANE ( 'NONE',  #3247 ) ;
#513 = ORIENTED_EDGE ( 'NONE', *, *, #4694, .T. ) ;
#514 = CARTESIAN_POINT ( 'NONE',  ( -0.5000000000000000000, -0.1140274349448444774, 6.000000000000000888 ) ) ;
#515 = DIRECTION ( 'NONE',  ( 0.000000000000000000, 0.000000000000000000, 1.000000000000000000 ) ) ;
#516 = DIRECTION ( 'NONE',  ( -0.7071067811865472397, 0.7071067811865479058, 0.000000000000000000 ) ) ;
#517 = FACE_OUTER_BOUND ( 'NONE', #5512, .T. ) ;
#518 = VERTEX_POINT ( 'NONE', #1487 ) ;
#519 = ORIENTED_EDGE ( 'NONE', *, *, #5044, .F. ) ;
#520 = EDGE_LOOP ( 'NONE', ( #2672, #4923, #3230, #1133 ) ) ;
#521 = CYLINDRICAL_SURFACE ( 'NONE', #5332, 0.02175000000000001238 ) ;
#522 = ORIENTED_EDGE ( 'NONE', *, *, #4281, .T. ) ;
#523 = LINE ( 'NONE', #2300, #5446 ) ;
#524 = ORIENTED_EDGE ( 'NONE', *, *, #2761, .T. ) ;
#525 = DIRECTION ( 'NONE',  ( -0.000000000000000000, -0.000000000000000000, -1.000000000000000000 ) ) ;
#526 = LINE ( 'NONE', #4423, #784 ) ;
#527 = AXIS2_PLACEMENT_3D ( 'NONE', #5345, #3506, #477 ) ;
#528 = EDGE_CURVE ( 'NONE', #1248, #2087, #1082, .T. ) ;
#529 = EDGE_CURVE ( 'NONE', #5123, #5061, #187, .T. ) ;
#530 = EDGE_CURVE ( 'NONE', #1999, #1093, #2393, .T. ) ;
#531 = CARTESIAN_POINT ( 'NONE',  ( 0.4630250000000000199, 0.6649749999999998717, 6.000000000000000888 ) ) ;
#532 = LINE ( 'NONE', #5254, #5263 ) ;
#533 = VECTOR ( 'NONE', #1471, 39.37007874015748143 ) ;
#534 = PLANE ( 'NONE',  #1361 ) ;
#535 = VECTOR ( 'NONE', #2366, 39.37007874015748143 ) ;
#536 = CARTESIAN_POINT ( 'NONE',  ( -0.3411992244580428491, -0.2203190655051865676, 6.000000000000000888 ) ) ;
#537 = CC_DESIGN_APPROVAL ( #436, ( #2491 ) ) ;
#538 = ORIENTED_EDGE ( 'NONE', *, *, #864, .F. ) ;
#539 = CIRCLE ( 'NONE', #3127, 0.03697499999999995235 ) ;
#540 = FACE_OUTER_BOUND ( 'NONE', #3419, .T. ) ;
#541 = ADVANCED_FACE ( 'NONE', ( #5054 ), #4141, .F. ) ;
#542 = VERTEX_POINT ( 'NONE', #5081 ) ;
#543 = DIRECTION ( 'NONE',  ( -1.000000000000000000, 0.000000000000000000, 0.000000000000000000 ) ) ;
#544 = CARTESIAN_POINT ( 'NONE',  ( -0.2064400794764282010, 1.000000000000000000, -6.000000000000000888 ) ) ;
#545 = CARTESIAN_POINT ( 'NONE',  ( 0.5000000000000001110, -0.3350250000000000727, 6.000000000000000888 ) ) ;
#546 = CIRCLE ( 'NONE', #2214, 0.02174999999999998115 ) ;
#547 = DIRECTION ( 'NONE',  ( 1.000000000000000000, 4.008152805398325894E-16, 0.000000000000000000 ) ) ;
#548 = ORIENTED_EDGE ( 'NONE', *, *, #198, .T. ) ;
#549 = CIRCLE ( 'NONE', #2843, 0.04205992052357206135 ) ;
#550 = EDGE_CURVE ( 'NONE', #3113, #3927, #4586, .T. ) ;
#551 = ORIENTED_EDGE ( 'NONE', *, *, #5336, .T. ) ;
#552 = VERTEX_POINT ( 'NONE', #5002 ) ;
#553 = CARTESIAN_POINT ( 'NONE',  ( -0.2281900794764282203, -1.000000000000000000, -6.000000000000000888 ) ) ;
#554 = ORIENTED_EDGE ( 'NONE', *, *, #4947, .F. ) ;
#555 = CARTESIAN_POINT ( 'NONE',  ( 0.5000000000000000000, 0.07052743494484452202, 6.000000000000000888 ) ) ;
#556 = EDGE_LOOP ( 'NONE', ( #5507, #1801 ) ) ;
#557 = CARTESIAN_POINT ( 'NONE',  ( 0.3709400794764278753, -0.7499400794764283784, 6.000000000000000888 ) ) ;
#558 = DIRECTION ( 'NONE',  ( 0.000000000000000000, 0.000000000000000000, 1.000000000000000000 ) ) ;
#559 = COORDINATED_UNIVERSAL_TIME_OFFSET ( 6, 0, .BEHIND. ) ;
#560 = ORIENTED_EDGE ( 'NONE', *, *, #887, .F. ) ;
#561 = DIRECTION ( 'NONE',  ( -0.000000000000000000, 0.000000000000000000, -1.000000000000000000 ) ) ;
#562 = DIRECTION ( 'NONE',  ( -1.000000000000000000, 0.000000000000000000, 0.000000000000000000 ) ) ;
#563 = LINE ( 'NONE', #5404, #5318 ) ;
#564 = DIRECTION ( 'NONE',  ( 0.000000000000000000, 0.000000000000000000, 1.000000000000000000 ) ) ;
#565 = ADVANCED_FACE ( 'NONE', ( #3760 ), #5459, .F. ) ;
#566 = ORIENTED_EDGE ( 'NONE', *, *, #2910, .T. ) ;
#567 = DIRECTION ( 'NONE',  ( -0.000000000000000000, -0.000000000000000000, -1.000000000000000000 ) ) ;
#568 = ORIENTED_EDGE ( 'NONE', *, *, #2029, .F. ) ;
#569 = CARTESIAN_POINT ( 'NONE',  ( -0.1280000000000000027, 0.9499750000000000139, 6.000000000000000888 ) ) ;
#570 = ORIENTED_EDGE ( 'NONE', *, *, #2020, .T. ) ;
#571 = CIRCLE ( 'NONE', #491, 0.04205992052357206135 ) ;
#572 = PLANE ( 'NONE',  #3766 ) ;
#573 = AXIS2_PLACEMENT_3D ( 'NONE', #4326, #2088, #5155 ) ;
#574 = CARTESIAN_POINT ( 'NONE',  ( 0.5000000000000000000, -0.8859725650551555365, 6.000000000000000888 ) ) ;
#575 = EDGE_CURVE ( 'NONE', #979, #3924, #3298, .T. ) ;
#576 = ORIENTED_EDGE ( 'NONE', *, *, #2522, .T. ) ;
#577 = CIRCLE ( 'NONE', #291, 0.03697500000000002174 ) ;
#578 = VECTOR ( 'NONE', #5518, 39.37007874015748143 ) ;
#579 = VECTOR ( 'NONE', #2649, 39.37007874015748143 ) ;
#580 = ORIENTED_EDGE ( 'NONE', *, *, #4455, .T. ) ;
#581 = EDGE_LOOP ( 'NONE', ( #2341, #1813, #4787, #616 ) ) ;
#582 = DIRECTION ( 'NONE',  ( -0.000000000000000000, -0.000000000000000000, -1.000000000000000000 ) ) ;
#583 = CIRCLE ( 'NONE', #1406, 0.03697499999999995235 ) ;
#584 = AXIS2_PLACEMENT_3D ( 'NONE', #1142, #1258, #2907 ) ;
#585 = EDGE_CURVE ( 'NONE', #335, #2090, #2568, .T. ) ;
#586 = EDGE_LOOP ( 'NONE', ( #4637, #1973, #172, #2641 ) ) ;
#587 = DIRECTION ( 'NONE',  ( 1.000000000000000000, -1.046685055043767026E-14, 0.000000000000000000 ) ) ;
#588 = EDGE_LOOP ( 'NONE', ( #1322, #3177, #1347, #4822 ) ) ;
#589 = DIRECTION ( 'NONE',  ( -1.000000000000000000, 5.853698660590358146E-16, 0.000000000000000000 ) ) ;
#590 = DIRECTION ( 'NONE',  ( 0.000000000000000000, 0.000000000000000000, -1.000000000000000000 ) ) ;
#591 = ORIENTED_EDGE ( 'NONE', *, *, #3929, .T. ) ;
#592 = PRODUCT_DEFINITION_SHAPE ( 'NONE', 'NONE',  #2491 ) ;
#593 = DIRECTION ( 'NONE',  ( 1.000000000000000000, 0.000000000000000000, -0.000000000000000000 ) ) ;
#594 = CARTESIAN_POINT ( 'NONE',  ( 0.2705999999999998962, 0.4148033980271126353, -6.000000000000000888 ) ) ;
#595 = DIRECTION ( 'NONE',  ( 1.000000000000000000, 0.000000000000000000, 0.000000000000000000 ) ) ;
#596 = PLANE ( 'NONE',  #399 ) ;
#597 = ORIENTED_EDGE ( 'NONE', *, *, #4039, .F. ) ;
#598 = CARTESIAN_POINT ( 'NONE',  ( 0.4630250000000000199, 0.6280000000000000027, 6.000000000000000888 ) ) ;
#599 = ORIENTED_EDGE ( 'NONE', *, *, #2124, .T. ) ;
#600 = CARTESIAN_POINT ( 'NONE',  ( -0.4499749999999999028, -0.3719999999999999973, -6.000000000000000888 ) ) ;
#601 = FACE_OUTER_BOUND ( 'NONE', #2, .T. ) ;
#602 = CARTESIAN_POINT ( 'NONE',  ( 0.1649749999999999550, -0.9630250000000000199, -6.000000000000000888 ) ) ;
#603 = CARTESIAN_POINT ( 'NONE',  ( 0.1471391560048289637, -0.2913425540319414808, -6.000000000000000888 ) ) ;
#604 = CIRCLE ( 'NONE', #4014, 0.1016812500000000008 ) ;
#605 = ORIENTED_EDGE ( 'NONE', *, *, #1785, .F. ) ;
#606 = EDGE_CURVE ( 'NONE', #2060, #1079, #1517, .T. ) ;
#607 = ORIENTED_EDGE ( 'NONE', *, *, #1272, .T. ) ;
#608 = EDGE_CURVE ( 'NONE', #402, #4907, #563, .T. ) ;
#609 = CC_DESIGN_DATE_AND_TIME_ASSIGNMENT ( #2868, #3295, ( #2491 ) ) ;
#610 = ORIENTED_EDGE ( 'NONE', *, *, #156, .T. ) ;
#611 = LINE ( 'NONE', #1946, #2945 ) ;
#612 = ORIENTED_EDGE ( 'NONE', *, *, #5670, .T. ) ;
#613 = DIRECTION ( 'NONE',  ( 0.000000000000000000, -0.000000000000000000, -1.000000000000000000 ) ) ;
#614 = EDGE_CURVE ( 'NONE', #2323, #5696, #3220, .T. ) ;
#615 = EDGE_CURVE ( 'NONE', #3659, #2609, #70, .T. ) ;
#616 = ORIENTED_EDGE ( 'NONE', *, *, #4234, .T. ) ;
#617 = DIRECTION ( 'NONE',  ( -0.000000000000000000, 0.000000000000000000, 1.000000000000000000 ) ) ;
#618 = PERSON_AND_ORGANIZATION_ROLE ( 'classification_officer' ) ;
#619 = ORIENTED_EDGE ( 'NONE', *, *, #640, .T. ) ;
#620 = DIRECTION ( 'NONE',  ( -1.000000000000000000, 0.000000000000000000, 0.000000000000000000 ) ) ;
#621 = ADVANCED_FACE ( 'NONE', ( #4706 ), #1255, .F. ) ;
#622 = CARTESIAN_POINT ( 'NONE',  ( 0.1024999999999999800, -0.5000000000000000000, -6.000000000000000888 ) ) ;
#623 = CARTESIAN_POINT ( 'NONE',  ( -0.3411992244580428491, -0.2203190655051865676, 6.000000000000000888 ) ) ;
#624 = CARTESIAN_POINT ( 'NONE',  ( -0.1829999999999998572, -0.5851966019728873647, 6.000000000000000888 ) ) ;
#625 = VECTOR ( 'NONE', #2801, 39.37007874015748143 ) ;
#626 = CARTESIAN_POINT ( 'NONE',  ( 0.1829999999999998572, 0.5851966019728873647, 6.000000000000000888 ) ) ;
#627 = AXIS2_PLACEMENT_3D ( 'NONE', #5631, #5255, #69 ) ;
#628 = VERTEX_POINT ( 'NONE', #5107 ) ;
#629 = CARTESIAN_POINT ( 'NONE',  ( -0.4129999999999999227, 0.2500599205235715661, -6.000000000000000888 ) ) ;
#630 = LINE ( 'NONE', #276, #3204 ) ;
#631 = DIRECTION ( 'NONE',  ( -1.000000000000000000, -2.926849330295178580E-16, 0.000000000000000000 ) ) ;
#632 = CYLINDRICAL_SURFACE ( 'NONE', #232, 0.03697500000000002174 ) ;
#633 = VECTOR ( 'NONE', #1426, 39.37007874015748143 ) ;
#634 = ORIENTED_EDGE ( 'NONE', *, *, #1101, .T. ) ;
#635 = ORIENTED_EDGE ( 'NONE', *, *, #4687, .T. ) ;
#636 = ORIENTED_EDGE ( 'NONE', *, *, #4978, .F. ) ;
#637 = LINE ( 'NONE', #4153, #5423 ) ;
#638 = ADVANCED_FACE ( 'NONE', ( #3016 ), #2958, .F. ) ;
#639 = ORIENTED_EDGE ( 'NONE', *, *, #2794, .F. ) ;
#640 = EDGE_CURVE ( 'NONE', #3099, #3286, #5040, .T. ) ;
#641 = CIRCLE ( 'NONE', #359, 0.08760000000000003895 ) ;
#642 = DIRECTION ( 'NONE',  ( -1.000000000000000000, 0.000000000000000000, 0.000000000000000000 ) ) ;
#643 = ORIENTED_EDGE ( 'NONE', *, *, #811, .T. ) ;
#644 = LINE ( 'NONE', #4612, #74 ) ;
#645 = VERTEX_POINT ( 'NONE', #1715 ) ;
#646 = EDGE_CURVE ( 'NONE', #1511, #2026, #271, .T. ) ;
#647 = CARTESIAN_POINT ( 'NONE',  ( 0.5000000000000001110, 0.3350250000000000727, -6.000000000000000888 ) ) ;
#648 = CARTESIAN_POINT ( 'NONE',  ( -0.4630250000000000199, -0.3350250000000000727, 6.000000000000000888 ) ) ;
#649 = DIRECTION ( 'NONE',  ( -1.000000000000000000, 0.000000000000000000, 0.000000000000000000 ) ) ;
#650 = DIRECTION ( 'NONE',  ( -1.000000000000000000, 1.046685055043766868E-14, 0.000000000000000000 ) ) ;
#651 = ADVANCED_FACE ( 'NONE', ( #4334 ), #4739, .F. ) ;
#652 = DIRECTION ( 'NONE',  ( 1.000000000000000000, 0.000000000000000000, 0.000000000000000000 ) ) ;
#653 = ORIENTED_EDGE ( 'NONE', *, *, #1845, .F. ) ;
#654 = CARTESIAN_POINT ( 'NONE',  ( -1.708498649160620184E-17, -0.5000000000000000000, -6.000000000000000888 ) ) ;
#655 = DIRECTION ( 'NONE',  ( -0.000000000000000000, -0.000000000000000000, -1.000000000000000000 ) ) ;
#656 = LINE ( 'NONE', #1995, #2538 ) ;
#657 = ORIENTED_EDGE ( 'NONE', *, *, #964, .F. ) ;
#658 = EDGE_LOOP ( 'NONE', ( #4942, #1334, #5266, #1892 ) ) ;
#659 = CIRCLE ( 'NONE', #4531, 0.08760000000000003895 ) ;
#660 = ORIENTED_EDGE ( 'NONE', *, *, #4316, .F. ) ;
#661 = CARTESIAN_POINT ( 'NONE',  ( 0.2281900794764282203, -1.000000000000000000, 6.000000000000000888 ) ) ;
#662 = CIRCLE ( 'NONE', #1777, 0.08760000000000003895 ) ;
#663 = ORIENTED_EDGE ( 'NONE', *, *, #1844, .F. ) ;
#664 = DIRECTION ( 'NONE',  ( 0.000000000000000000, -0.000000000000000000, 1.000000000000000000 ) ) ;
#665 = ORIENTED_EDGE ( 'NONE', *, *, #7, .F. ) ;
#666 = CIRCLE ( 'NONE', #19, 0.02174999999999998115 ) ;
#667 = CARTESIAN_POINT ( 'NONE',  ( -0.4630250000000000199, -0.3719999999999999973, 6.000000000000000888 ) ) ;
#668 = CIRCLE ( 'NONE', #3430, 0.02174999999999998115 ) ;
#669 = EDGE_CURVE ( 'NONE', #4154, #281, #4472, .T. ) ;
#670 = SHAPE_DEFINITION_REPRESENTATION ( #592, #221 ) ;
#671 = ORIENTED_EDGE ( 'NONE', *, *, #2832, .T. ) ;
#672 = CARTESIAN_POINT ( 'NONE',  ( -0.4499749999999999028, 0.6649749999999998717, -6.000000000000000888 ) ) ;
#673 = ADVANCED_FACE ( 'NONE', ( #2157 ), #3444, .F. ) ;
#674 = FACE_OUTER_BOUND ( 'NONE', #5683, .T. ) ;
#675 = EDGE_CURVE ( 'NONE', #2140, #3603, #3904, .T. ) ;
#676 = DIRECTION ( 'NONE',  ( -0.000000000000000000, -0.000000000000000000, -1.000000000000000000 ) ) ;
#677 = DIRECTION ( 'NONE',  ( -0.000000000000000000, -0.000000000000000000, -1.000000000000000000 ) ) ;
#678 = DIRECTION ( 'NONE',  ( -0.000000000000000000, -0.000000000000000000, 1.000000000000000000 ) ) ;
#679 = ORIENTED_EDGE ( 'NONE', *, *, #5635, .F. ) ;
#680 = LINE ( 'NONE', #1938, #3240 ) ;
#681 = EDGE_CURVE ( 'NONE', #1944, #628, #758, .T. ) ;
#682 = CARTESIAN_POINT ( 'NONE',  ( -0.3411992244580428491, -0.7796809344948134601, 6.000000000000000888 ) ) ;
#683 = PLANE ( 'NONE',  #5197 ) ;
#684 = ORIENTED_EDGE ( 'NONE', *, *, #1988, .T. ) ;
#685 = ORIENTED_EDGE ( 'NONE', *, *, #1694, .F. ) ;
#686 = ORIENTED_EDGE ( 'NONE', *, *, #2810, .F. ) ;
#687 = CIRCLE ( 'NONE', #40, 0.1024999999999999939 ) ;
#688 = CYLINDRICAL_SURFACE ( 'NONE', #995, 0.04205992052357206135 ) ;
#689 = DIRECTION ( 'NONE',  ( -1.000000000000000000, 0.000000000000000000, 0.000000000000000000 ) ) ;
#690 = ORIENTED_EDGE ( 'NONE', *, *, #3053, .T. ) ;
#691 = VECTOR ( 'NONE', #5645, 39.37007874015748143 ) ;
#692 = DIRECTION ( 'NONE',  ( -1.000000000000000000, 0.000000000000000000, 0.000000000000000000 ) ) ;
#693 = PERSON ( 'UNSPECIFIED', 'UNSPECIFIED', 'UNSPECIFIED', ('UNSPECIFIED'), ('UNSPECIFIED'), ('UNSPECIFIED') ) ;
#694 = VERTEX_POINT ( 'NONE', #298 ) ;
#695 = CARTESIAN_POINT ( 'NONE',  ( -0.1649749999999999550, -0.9129999999999999227, 6.000000000000000888 ) ) ;
#696 = AXIS2_PLACEMENT_3D ( 'NONE', #4812, #458, #773 ) ;
#697 = VERTEX_POINT ( 'NONE', #5163 ) ;
#698 = DIRECTION ( 'NONE',  ( -0.000000000000000000, 0.000000000000000000, 1.000000000000000000 ) ) ;
#699 = CARTESIAN_POINT ( 'NONE',  ( -0.4630250000000000199, -0.6649749999999998717, -6.000000000000000888 ) ) ;
#700 = CARTESIAN_POINT ( 'NONE',  ( -0.1829999999999998572, 0.4148033980271126353, 6.000000000000000888 ) ) ;
#701 = DIRECTION ( 'NONE',  ( -0.000000000000000000, -0.000000000000000000, -1.000000000000000000 ) ) ;
#702 = ADVANCED_FACE ( 'NONE', ( #2127 ), #4277, .F. ) ;
#703 = ADVANCED_FACE ( 'NONE', ( #3783 ), #5657, .F. ) ;
#704 = DIRECTION ( 'NONE',  ( 0.000000000000000000, 0.000000000000000000, 1.000000000000000000 ) ) ;
#705 = ORIENTED_EDGE ( 'NONE', *, *, #2273, .T. ) ;
#706 = DIRECTION ( 'NONE',  ( -1.000000000000000000, 0.000000000000000000, 0.000000000000000000 ) ) ;
#707 = CARTESIAN_POINT ( 'NONE',  ( 0.5000000000000000000, -0.2718099205235717242, -6.000000000000000888 ) ) ;
#708 = VECTOR ( 'NONE', #2911, 39.37007874015748143 ) ;
#709 = DIRECTION ( 'NONE',  ( 0.000000000000000000, -0.000000000000000000, -1.000000000000000000 ) ) ;
#710 = EDGE_LOOP ( 'NONE', ( #957, #224, #3518, #4069 ) ) ;
#711 = EDGE_CURVE ( 'NONE', #4605, #4351, #1601, .T. ) ;
#712 = AXIS2_PLACEMENT_3D ( 'NONE', #3822, #4251, #306 ) ;
#713 = CARTESIAN_POINT ( 'NONE',  ( -0.1649749999999999550, -0.9129999999999999227, 6.000000000000000888 ) ) ;
#714 = ORIENTED_EDGE ( 'NONE', *, *, #3919, .F. ) ;
#715 = ORIENTED_EDGE ( 'NONE', *, *, #1998, .T. ) ;
#716 = CARTESIAN_POINT ( 'NONE',  ( 0.08519660197288735082, -0.7706000000000000627, 6.000000000000000888 ) ) ;
#717 = CYLINDRICAL_SURFACE ( 'NONE', #2278, 0.08760000000000003895 ) ;
#718 = EDGE_LOOP ( 'NONE', ( #1768, #77, #3313, #3342 ) ) ;
#719 = EDGE_CURVE ( 'NONE', #2313, #4429, #5135, .T. ) ;
#720 = AXIS2_PLACEMENT_3D ( 'NONE', #2216, #4394, #990 ) ;
#721 = AXIS2_PLACEMENT_3D ( 'NONE', #810, #239, #749 ) ;
#722 = CARTESIAN_POINT ( 'NONE',  ( 0.4499749999999999028, -0.3350250000000000727, 6.000000000000000888 ) ) ;
#723 = ORIENTED_EDGE ( 'NONE', *, *, #5579, .T. ) ;
#724 = DIRECTION ( 'NONE',  ( -0.000000000000000000, -0.000000000000000000, -1.000000000000000000 ) ) ;
#725 = VECTOR ( 'NONE', #4126, 39.37007874015748143 ) ;
#726 = ORIENTED_EDGE ( 'NONE', *, *, #4454, .T. ) ;
#727 = LINE ( 'NONE', #5568, #5368 ) ;
#728 = CYLINDRICAL_SURFACE ( 'NONE', #1280, 0.08760000000000003895 ) ;
#729 = DIRECTION ( 'NONE',  ( 1.000000000000000000, 5.853698660590359132E-16, 0.000000000000000000 ) ) ;
#730 = LINE ( 'NONE', #5571, #263 ) ;
#731 = CARTESIAN_POINT ( 'NONE',  ( -0.1471391560048289637, -0.7086574459680585747, -6.000000000000000888 ) ) ;
#732 = DIRECTION ( 'NONE',  ( -0.7071067811865472397, -0.7071067811865479058, 0.000000000000000000 ) ) ;
#733 = ORIENTED_EDGE ( 'NONE', *, *, #4754, .F. ) ;
#734 = CARTESIAN_POINT ( 'NONE',  ( -0.2499400794764282951, 0.9130000000000000338, 6.000000000000000888 ) ) ;
#735 = DIRECTION ( 'NONE',  ( 0.000000000000000000, 0.000000000000000000, 1.000000000000000000 ) ) ;
#736 = EDGE_CURVE ( 'NONE', #4045, #5271, #2531, .T. ) ;
#737 = CARTESIAN_POINT ( 'NONE',  ( 0.1024999999999999800, -0.5000000000000000000, 6.000000000000000888 ) ) ;
#738 = ORIENTED_EDGE ( 'NONE', *, *, #3488, .F. ) ;
#739 = DIRECTION ( 'NONE',  ( -0.7071067811865472397, 0.7071067811865479058, 0.000000000000000000 ) ) ;
#740 = VERTEX_POINT ( 'NONE', #3842 ) ;
#741 = VERTEX_POINT ( 'NONE', #1224 ) ;
#742 = DIRECTION ( 'NONE',  ( 0.000000000000000000, -0.000000000000000000, -1.000000000000000000 ) ) ;
#743 = LINE ( 'NONE', #4079, #3274 ) ;
#744 = EDGE_CURVE ( 'NONE', #4177, #3914, #1864, .T. ) ;
#745 = ORIENTED_EDGE ( 'NONE', *, *, #3747, .T. ) ;
#746 = CARTESIAN_POINT ( 'NONE',  ( 0.1279999999999999472, -0.9499750000000000139, 6.000000000000000888 ) ) ;
#747 = FACE_OUTER_BOUND ( 'NONE', #2485, .T. ) ;
#748 = ORIENTED_EDGE ( 'NONE', *, *, #4420, .T. ) ;
#749 = DIRECTION ( 'NONE',  ( -2.926849330295178580E-16, -1.000000000000000000, 0.000000000000000000 ) ) ;
#750 = EDGE_CURVE ( 'NONE', #2026, #4177, #2181, .T. ) ;
#751 = AXIS2_PLACEMENT_3D ( 'NONE', #722, #345, #2494 ) ;
#752 = AXIS2_PLACEMENT_3D ( 'NONE', #445, #1805, #2245 ) ;
#753 = ORIENTED_EDGE ( 'NONE', *, *, #2492, .T. ) ;
#754 = VECTOR ( 'NONE', #4164, 39.37007874015748143 ) ;
#755 = VECTOR ( 'NONE', #3626, 39.37007874015748143 ) ;
#756 = CARTESIAN_POINT ( 'NONE',  ( -0.2086574459680583804, 0.6471391560048290748, 6.000000000000000888 ) ) ;
#757 = LINE ( 'NONE', #2530, #3853 ) ;
#758 = LINE ( 'NONE', #700, #1066 ) ;
#759 = FACE_OUTER_BOUND ( 'NONE', #1275, .T. ) ;
#760 = CYLINDRICAL_SURFACE ( 'NONE', #1211, 0.08760000000000003895 ) ;
#761 = VECTOR ( 'NONE', #2584, 39.37007874015748143 ) ;
#762 = CIRCLE ( 'NONE', #1319, 0.1016812500000000008 ) ;
#763 = DIRECTION ( 'NONE',  ( -0.000000000000000000, 0.000000000000000000, -1.000000000000000000 ) ) ;
#764 = VECTOR ( 'NONE', #2711, 39.37007874015748143 ) ;
#765 = LINE ( 'NONE', #4284, #5171 ) ;
#766 = CARTESIAN_POINT ( 'NONE',  ( 0.3411992244580428491, 0.2203190655051865676, 6.000000000000000888 ) ) ;
#767 = FACE_OUTER_BOUND ( 'NONE', #213, .T. ) ;
#768 = VERTEX_POINT ( 'NONE', #1394 ) ;
#769 = PLANE ( 'NONE',  #5078 ) ;
#770 = VERTEX_POINT ( 'NONE', #4366 ) ;
#771 = EDGE_LOOP ( 'NONE', ( #4780, #2112, #4919, #3122 ) ) ;
#772 = FACE_OUTER_BOUND ( 'NONE', #3480, .T. ) ;
#773 = DIRECTION ( 'NONE',  ( 2.926849330295178580E-16, -1.000000000000000000, 0.000000000000000000 ) ) ;
#774 = ORIENTED_EDGE ( 'NONE', *, *, #1918, .T. ) ;
#775 = EDGE_CURVE ( 'NONE', #3113, #814, #3616, .T. ) ;
#776 = EDGE_CURVE ( 'NONE', #3461, #113, #63, .T. ) ;
#777 = ADVANCED_FACE ( 'NONE', ( #2614 ), #1285, .F. ) ;
#778 = AXIS2_PLACEMENT_3D ( 'NONE', #3716, #3310, #5116 ) ;
#779 = DIRECTION ( 'NONE',  ( -1.000000000000000000, 0.000000000000000000, 0.000000000000000000 ) ) ;
#780 = CARTESIAN_POINT ( 'NONE',  ( 0.4289532336714965144, -0.9952754672079547893, -6.000000000000000888 ) ) ;
#781 = VERTEX_POINT ( 'NONE', #415 ) ;
#782 = CARTESIAN_POINT ( 'NONE',  ( -0.2086574459680583804, -0.6471391560048290748, -6.000000000000000888 ) ) ;
#783 = ORIENTED_EDGE ( 'NONE', *, *, #1519, .F. ) ;
#784 = VECTOR ( 'NONE', #2243, 39.37007874015748143 ) ;
#785 = EDGE_CURVE ( 'NONE', #3435, #814, #878, .T. ) ;
#786 = EDGE_CURVE ( 'NONE', #694, #768, #526, .T. ) ;
#787 = DIRECTION ( 'NONE',  ( 0.7071067811865479058, -0.7071067811865472397, 0.000000000000000000 ) ) ;
#788 = CARTESIAN_POINT ( 'NONE',  ( -0.2281900794764282203, 1.000000000000000000, -6.000000000000000888 ) ) ;
#789 = DIRECTION ( 'NONE',  ( 0.000000000000000000, 0.000000000000000000, 1.000000000000000000 ) ) ;
#790 = CARTESIAN_POINT ( 'NONE',  ( 0.5000000000000000000, -0.8859725650551555365, -6.000000000000000888 ) ) ;
#791 = DIRECTION ( 'NONE',  ( -1.000000000000000000, 5.853698660590358146E-16, 0.000000000000000000 ) ) ;
#792 = EDGE_CURVE ( 'NONE', #1480, #3083, #4480, .T. ) ;
#793 = DIRECTION ( 'NONE',  ( -2.926849330295178087E-16, 1.000000000000000000, 0.000000000000000000 ) ) ;
#794 = CARTESIAN_POINT ( 'NONE',  ( 0.4630250000000000199, -0.3350250000000000727, -6.000000000000000888 ) ) ;
#795 = CARTESIAN_POINT ( 'NONE',  ( -0.1649749999999999550, -1.000000000000000000, 6.000000000000000888 ) ) ;
#796 = CARTESIAN_POINT ( 'NONE',  ( -0.4499749999999999028, -0.3350250000000000727, 6.000000000000000888 ) ) ;
#797 = ORIENTED_EDGE ( 'NONE', *, *, #853, .T. ) ;
#798 = CARTESIAN_POINT ( 'NONE',  ( 0.1649749999999999550, 1.000000000000000000, -6.000000000000000888 ) ) ;
#799 = ORIENTED_EDGE ( 'NONE', *, *, #3003, .T. ) ;
#800 = ORIENTED_EDGE ( 'NONE', *, *, #2899, .T. ) ;
#801 = LINE ( 'NONE', #3116, #805 ) ;
#802 = DIRECTION ( 'NONE',  ( -0.000000000000000000, -0.000000000000000000, 1.000000000000000000 ) ) ;
#803 = ORIENTED_EDGE ( 'NONE', *, *, #4809, .F. ) ;
#804 = APPLICATION_CONTEXT ( 'configuration controlled 3d designs of mechanical parts and assemblies' ) ;
#805 = VECTOR ( 'NONE', #4380, 39.37007874015748143 ) ;
#806 = DIRECTION ( 'NONE',  ( -4.008152805398325894E-16, 1.000000000000000000, 0.000000000000000000 ) ) ;
#807 = FACE_OUTER_BOUND ( 'NONE', #1350, .T. ) ;
#808 = VECTOR ( 'NONE', #4304, 39.37007874015748143 ) ;
#809 = ORIENTED_EDGE ( 'NONE', *, *, #1194, .T. ) ;
#810 = CARTESIAN_POINT ( 'NONE',  ( 0.5000000000000001110, 0.3350250000000000727, 6.000000000000000888 ) ) ;
#811 = EDGE_CURVE ( 'NONE', #3352, #4611, #4382, .T. ) ;
#812 = EDGE_CURVE ( 'NONE', #2866, #422, #3551, .T. ) ;
#813 = CIRCLE ( 'NONE', #4131, 0.04205992052357206135 ) ;
#814 = VERTEX_POINT ( 'NONE', #4794 ) ;
#815 = VECTOR ( 'NONE', #1308, 39.37007874015748143 ) ;
#816 = LINE ( 'NONE', #3960, #5621 ) ;
#817 = DIRECTION ( 'NONE',  ( 0.000000000000000000, -1.000000000000000000, 0.000000000000000000 ) ) ;
#818 = CIRCLE ( 'NONE', #2401, 0.03697499999999995235 ) ;
#819 = DIRECTION ( 'NONE',  ( -1.000000000000000000, 0.000000000000000000, 0.000000000000000000 ) ) ;
#820 = CARTESIAN_POINT ( 'NONE',  ( 0.5000000000000001110, 0.7064400794764282843, -6.000000000000000888 ) ) ;
#821 = CARTESIAN_POINT ( 'NONE',  ( -0.2086574459680583804, 0.3528608439951709252, -6.000000000000000888 ) ) ;
#822 = ADVANCED_FACE ( 'NONE', ( #846 ), #2675, .F. ) ;
#823 = VECTOR ( 'NONE', #2142, 39.37007874015748143 ) ;
#824 = FACE_OUTER_BOUND ( 'NONE', #897, .T. ) ;
#825 = CARTESIAN_POINT ( 'NONE',  ( -0.5000000000000000000, -0.09227743494484449971, -6.000000000000000888 ) ) ;
#826 = DIRECTION ( 'NONE',  ( -1.000000000000000000, 0.000000000000000000, 0.000000000000000000 ) ) ;
#827 = DIRECTION ( 'NONE',  ( 1.000000000000000000, -1.046685055043767026E-14, 0.000000000000000000 ) ) ;
#828 = EDGE_CURVE ( 'NONE', #3932, #5300, #4283, .T. ) ;
#829 = ORIENTED_EDGE ( 'NONE', *, *, #4299, .T. ) ;
#830 = CYLINDRICAL_SURFACE ( 'NONE', #5265, 0.1016812500000000424 ) ;
#831 = VERTEX_POINT ( 'NONE', #470 ) ;
#832 = VERTEX_POINT ( 'NONE', #4 ) ;
#833 = CARTESIAN_POINT ( 'NONE',  ( 0.5000000000000001110, -0.7064400794764282843, -6.000000000000000888 ) ) ;
#834 = DIRECTION ( 'NONE',  ( 1.000000000000000000, 0.000000000000000000, 0.000000000000000000 ) ) ;
#835 = VERTEX_POINT ( 'NONE', #501 ) ;
#836 = CARTESIAN_POINT ( 'NONE',  ( 0.2796809344948132936, 0.8411992244580429601, 6.000000000000000888 ) ) ;
#837 = ORIENTED_EDGE ( 'NONE', *, *, #4266, .T. ) ;
#838 = DIRECTION ( 'NONE',  ( 0.000000000000000000, 0.000000000000000000, -1.000000000000000000 ) ) ;
#839 = EDGE_LOOP ( 'NONE', ( #5702, #4987, #321, #2265 ) ) ;
#840 = ADVANCED_FACE ( 'NONE', ( #3992 ), #2276, .F. ) ;
#841 = LINE ( 'NONE', #2611, #5089 ) ;
#842 = EDGE_LOOP ( 'NONE', ( #425, #4038, #2962, #4778 ) ) ;
#843 = VECTOR ( 'NONE', #3812, 39.37007874015748143 ) ;
#844 = DIRECTION ( 'NONE',  ( 0.7071067811865472397, 0.7071067811865479058, 0.000000000000000000 ) ) ;
#845 = AXIS2_PLACEMENT_3D ( 'NONE', #433, #1706, #3432 ) ;
#846 = FACE_OUTER_BOUND ( 'NONE', #268, .T. ) ;
#847 = DIRECTION ( 'NONE',  ( -0.000000000000000000, 0.000000000000000000, 1.000000000000000000 ) ) ;
#848 = DIRECTION ( 'NONE',  ( 0.000000000000000000, 0.000000000000000000, -1.000000000000000000 ) ) ;
#849 = CIRCLE ( 'NONE', #2510, 0.02174999999999998115 ) ;
#850 = CIRCLE ( 'NONE', #4900, 0.02174999999999998115 ) ;
#851 = AXIS2_PLACEMENT_3D ( 'NONE', #2850, #4115, #4599 ) ;
#852 = EDGE_CURVE ( 'NONE', #3941, #1266, #4851, .T. ) ;
#853 = EDGE_CURVE ( 'NONE', #5671, #2760, #2545, .T. ) ;
#854 = LINE ( 'NONE', #2619, #3067 ) ;
#855 = EDGE_CURVE ( 'NONE', #3697, #4412, #1996, .T. ) ;
#856 = CARTESIAN_POINT ( 'NONE',  ( 0.4129999999999999227, 0.6649749999999998717, 6.000000000000000888 ) ) ;
#857 = FACE_OUTER_BOUND ( 'NONE', #139, .T. ) ;
#858 = AXIS2_PLACEMENT_3D ( 'NONE', #3136, #1374, #3590 ) ;
#859 = AXIS2_PLACEMENT_3D ( 'NONE', #4222, #3847, #4338 ) ;
#860 = LINE ( 'NONE', #1199, #405 ) ;
#861 = ORIENTED_EDGE ( 'NONE', *, *, #42, .F. ) ;
#862 = VECTOR ( 'NONE', #178, 39.37007874015748143 ) ;
#863 = LINE ( 'NONE', #3566, #2340 ) ;
#864 = EDGE_CURVE ( 'NONE', #3141, #455, #907, .T. ) ;
#865 = VERTEX_POINT ( 'NONE', #989 ) ;
#866 = ORIENTED_EDGE ( 'NONE', *, *, #2839, .F. ) ;
#867 = CARTESIAN_POINT ( 'NONE',  ( 0.4952754672079547893, -0.9289532336714965144, -2.185478394931410575E-15 ) ) ;
#868 = CARTESIAN_POINT ( 'NONE',  ( -0.2499400794764282951, 0.9130000000000000338, -6.000000000000000888 ) ) ;
#869 = EDGE_LOOP ( 'NONE', ( #2715, #274, #3120, #110 ) ) ;
#870 = DIRECTION ( 'NONE',  ( 1.000000000000000000, 0.000000000000000000, 0.000000000000000000 ) ) ;
#871 = ORIENTED_EDGE ( 'NONE', *, *, #5493, .T. ) ;
#872 = FACE_OUTER_BOUND ( 'NONE', #1379, .T. ) ;
#873 = ORIENTED_EDGE ( 'NONE', *, *, #675, .T. ) ;
#874 = AXIS2_PLACEMENT_3D ( 'NONE', #923, #5329, #978 ) ;
#875 = CARTESIAN_POINT ( 'NONE',  ( 0.4630250000000000199, 0.3350250000000000727, 6.000000000000000888 ) ) ;
#876 = ORIENTED_EDGE ( 'NONE', *, *, #2019, .T. ) ;
#877 = DIRECTION ( 'NONE',  ( 1.000000000000000000, -0.000000000000000000, 0.000000000000000000 ) ) ;
#878 = LINE ( 'NONE', #3132, #1154 ) ;
#879 = DIRECTION ( 'NONE',  ( -2.926849330295178087E-16, 1.000000000000000000, 0.000000000000000000 ) ) ;
#880 = CARTESIAN_POINT ( 'NONE',  ( 0.1649749999999999550, 1.000000000000000000, 6.000000000000000888 ) ) ;
#881 = VECTOR ( 'NONE', #2052, 39.37007874015748143 ) ;
#882 = CARTESIAN_POINT ( 'NONE',  ( 0.4952754672079547893, 0.9289532336714965144, -6.000000000000000888 ) ) ;
#883 = CARTESIAN_POINT ( 'NONE',  ( 0.3983187499999999992, 0.8983187500000000547, 6.000000000000000888 ) ) ;
#884 = DIRECTION ( 'NONE',  ( 0.000000000000000000, 0.000000000000000000, -1.000000000000000000 ) ) ;
#885 = LINE ( 'NONE', #4400, #579 ) ;
#886 = EDGE_CURVE ( 'NONE', #5560, #865, #5019, .T. ) ;
#887 = EDGE_CURVE ( 'NONE', #3185, #3720, #3187, .T. ) ;
#888 = ORIENTED_EDGE ( 'NONE', *, *, #5226, .T. ) ;
#889 = ORIENTED_EDGE ( 'NONE', *, *, #4093, .T. ) ;
#890 = CARTESIAN_POINT ( 'NONE',  ( -0.4129999999999999227, 0.3350250000000000727, -6.000000000000000888 ) ) ;
#891 = VERTEX_POINT ( 'NONE', #5373 ) ;
#892 = ORIENTED_EDGE ( 'NONE', *, *, #4107, .F. ) ;
#893 = DIRECTION ( 'NONE',  ( -1.000000000000000000, 0.000000000000000000, 0.000000000000000000 ) ) ;
#894 = CARTESIAN_POINT ( 'NONE',  ( 0.3859725650551554255, -1.000000000000000222, -6.000000000000000888 ) ) ;
#895 = EDGE_CURVE ( 'NONE', #3550, #5352, #604, .T. ) ;
#896 = VERTEX_POINT ( 'NONE', #3316 ) ;
#897 = EDGE_LOOP ( 'NONE', ( #5029, #861, #5698, #179 ) ) ;
#898 = ORIENTED_EDGE ( 'NONE', *, *, #4843, .F. ) ;
#899 = CARTESIAN_POINT ( 'NONE',  ( 0.3983187499999999992, -0.8983187500000000547, 6.000000000000000888 ) ) ;
#900 = VECTOR ( 'NONE', #515, 39.37007874015748143 ) ;
#901 = EDGE_CURVE ( 'NONE', #4414, #4839, #147, .T. ) ;
#902 = ORIENTED_EDGE ( 'NONE', *, *, #1100, .F. ) ;
#903 = VECTOR ( 'NONE', #3878, 39.37007874015748143 ) ;
#904 = DIRECTION ( 'NONE',  ( -0.000000000000000000, -0.000000000000000000, -1.000000000000000000 ) ) ;
#905 = ORIENTED_EDGE ( 'NONE', *, *, #5068, .T. ) ;
#906 = CARTESIAN_POINT ( 'NONE',  ( 2.731847993664263218E-16, 0.3169999999999999485, 6.000000000000000888 ) ) ;
#907 = LINE ( 'NONE', #5279, #5291 ) ;
#908 = CARTESIAN_POINT ( 'NONE',  ( -0.5000000000000001110, -0.6649749999999998717, -6.000000000000000888 ) ) ;
#909 = APPROVAL_PERSON_ORGANIZATION ( #2411, #3418, #127 ) ;
#910 = CARTESIAN_POINT ( 'NONE',  ( 0.2796809344948132936, -0.8411992244580429601, 6.000000000000000888 ) ) ;
#911 = LINE ( 'NONE', #5661, #393 ) ;
#912 = DIRECTION ( 'NONE',  ( 1.000000000000000000, 0.000000000000000000, 0.000000000000000000 ) ) ;
#913 = DIRECTION ( 'NONE',  ( -0.000000000000000000, 0.000000000000000000, 1.000000000000000000 ) ) ;
#914 = DIRECTION ( 'NONE',  ( -1.000000000000000000, 0.000000000000000000, 0.000000000000000000 ) ) ;
#915 = AXIS2_PLACEMENT_3D ( 'NONE', #1042, #2809, #5527 ) ;
#916 = ORIENTED_EDGE ( 'NONE', *, *, #3528, .T. ) ;
#917 = FACE_OUTER_BOUND ( 'NONE', #4817, .T. ) ;
#918 = EDGE_LOOP ( 'NONE', ( #799, #4111, #2235, #800 ) ) ;
#919 = CARTESIAN_POINT ( 'NONE',  ( -0.4066295724908073339, -0.03185213754596270125, -6.000000000000000888 ) ) ;
#920 = EDGE_CURVE ( 'NONE', #3150, #1271, #2490, .T. ) ;
#921 = ORIENTED_EDGE ( 'NONE', *, *, #1884, .T. ) ;
#922 = DIRECTION ( 'NONE',  ( -1.000000000000000000, 0.000000000000000000, 0.000000000000000000 ) ) ;
#923 = CARTESIAN_POINT ( 'NONE',  ( -0.5000000000000001110, -0.6649749999999998717, 6.000000000000000888 ) ) ;
#924 = ORIENTED_EDGE ( 'NONE', *, *, #4194, .F. ) ;
#925 = VERTEX_POINT ( 'NONE', #2085 ) ;
#926 = EDGE_CURVE ( 'NONE', #4235, #2813, #1152, .T. ) ;
#927 = ORIENTED_EDGE ( 'NONE', *, *, #5573, .F. ) ;
#928 = CARTESIAN_POINT ( 'NONE',  ( 0.2499400794764282396, -1.000000000000000000, -6.000000000000000888 ) ) ;
#929 = VERTEX_POINT ( 'NONE', #1179 ) ;
#930 = LINE ( 'NONE', #3641, #862 ) ;
#931 = EDGE_CURVE ( 'NONE', #4296, #645, #2330, .T. ) ;
#932 = ORIENTED_EDGE ( 'NONE', *, *, #3118, .F. ) ;
#933 = CARTESIAN_POINT ( 'NONE',  ( 0.3859725650551554255, -1.000000000000000222, -6.000000000000000888 ) ) ;
#934 = CARTESIAN_POINT ( 'NONE',  ( 0.3411992244580428491, -0.7796809344948134601, 6.000000000000000888 ) ) ;
#935 = DIRECTION ( 'NONE',  ( 5.853698660590359132E-16, -1.000000000000000000, 0.000000000000000000 ) ) ;
#936 = CARTESIAN_POINT ( 'NONE',  ( 0.1471391560048289637, -0.7086574459680585747, 6.000000000000000888 ) ) ;
#937 = CARTESIAN_POINT ( 'NONE',  ( 0.08519660197288735082, 0.2293999999999998818, 6.000000000000000888 ) ) ;
#938 = DIRECTION ( 'NONE',  ( -1.000000000000000000, 0.000000000000000000, 0.000000000000000000 ) ) ;
#939 = DIRECTION ( 'NONE',  ( -0.000000000000000000, 0.000000000000000000, -1.000000000000000000 ) ) ;
#940 = VECTOR ( 'NONE', #3712, 39.37007874015748143 ) ;
#941 = CIRCLE ( 'NONE', #3700, 0.02174999999999998115 ) ;
#942 = VERTEX_POINT ( 'NONE', #1584 ) ;
#943 = DIRECTION ( 'NONE',  ( -0.7071067811865472397, 0.7071067811865479058, 0.000000000000000000 ) ) ;
#944 = AXIS2_PLACEMENT_3D ( 'NONE', #937, #2680, #1344 ) ;
#945 = ORIENTED_EDGE ( 'NONE', *, *, #5636, .F. ) ;
#946 = CARTESIAN_POINT ( 'NONE',  ( -0.5000000000000001110, 0.7064400794764282843, -6.000000000000000888 ) ) ;
#947 = VECTOR ( 'NONE', #1840, 39.37007874015748143 ) ;
#948 = EDGE_LOOP ( 'NONE', ( #2625, #2136, #3341, #266 ) ) ;
#949 = LINE ( 'NONE', #4034, #4781 ) ;
#950 = LINE ( 'NONE', #4524, #4279 ) ;
#951 = VECTOR ( 'NONE', #613, 39.37007874015748143 ) ;
#952 = ORIENTED_EDGE ( 'NONE', *, *, #3997, .T. ) ;
#953 = ORIENTED_EDGE ( 'NONE', *, *, #4655, .F. ) ;
#954 = ORIENTED_EDGE ( 'NONE', *, *, #156, .F. ) ;
#955 = DIRECTION ( 'NONE',  ( 0.000000000000000000, 0.000000000000000000, 1.000000000000000000 ) ) ;
#956 = ADVANCED_FACE ( 'NONE', ( #5065 ), #2784, .T. ) ;
#957 = ORIENTED_EDGE ( 'NONE', *, *, #3495, .F. ) ;
#958 = CARTESIAN_POINT ( 'NONE',  ( 0.4499749999999999028, 0.3719999999999999973, 6.000000000000000888 ) ) ;
#959 = ORIENTED_EDGE ( 'NONE', *, *, #4234, .F. ) ;
#960 = DIRECTION ( 'NONE',  ( -1.000000000000000000, 0.000000000000000000, 0.000000000000000000 ) ) ;
#961 = CARTESIAN_POINT ( 'NONE',  ( -0.2796809344948132936, 0.8411992244580429601, 6.000000000000000888 ) ) ;
#962 = LINE ( 'NONE', #1773, #2392 ) ;
#963 = VECTOR ( 'NONE', #141, 39.37007874015748143 ) ;
#964 = EDGE_CURVE ( 'NONE', #1511, #4235, #3005, .T. ) ;
#965 = DIRECTION ( 'NONE',  ( 0.7071067811865472397, -0.7071067811865479058, 0.000000000000000000 ) ) ;
#966 = AXIS2_PLACEMENT_3D ( 'NONE', #2164, #4372, #5693 ) ;
#967 = LINE ( 'NONE', #4916, #2061 ) ;
#968 = CYLINDRICAL_SURFACE ( 'NONE', #4488, 0.04205992052357206135 ) ;
#969 = LINE ( 'NONE', #5319, #3075 ) ;
#970 = EDGE_CURVE ( 'NONE', #4235, #4177, #3802, .T. ) ;
#971 = ORIENTED_EDGE ( 'NONE', *, *, #4517, .F. ) ;
#972 = AXIS2_PLACEMENT_3D ( 'NONE', #4393, #4051, #3557 ) ;
#973 = DIRECTION ( 'NONE',  ( -0.000000000000000000, 0.000000000000000000, 1.000000000000000000 ) ) ;
#974 = ORIENTED_EDGE ( 'NONE', *, *, #1288, .T. ) ;
#975 = DIRECTION ( 'NONE',  ( -1.000000000000000000, 0.000000000000000000, 0.000000000000000000 ) ) ;
#976 = DIRECTION ( 'NONE',  ( 1.000000000000000000, 0.000000000000000000, 0.000000000000000000 ) ) ;
#977 = DIRECTION ( 'NONE',  ( 1.000000000000000000, 0.000000000000000000, 0.000000000000000000 ) ) ;
#978 = DIRECTION ( 'NONE',  ( 2.926849330295178580E-16, -1.000000000000000000, 0.000000000000000000 ) ) ;
#979 = VERTEX_POINT ( 'NONE', #4693 ) ;
#980 = VERTEX_POINT ( 'NONE', #2002 ) ;
#981 = ORIENTED_EDGE ( 'NONE', *, *, #5212, .T. ) ;
#982 = FACE_OUTER_BOUND ( 'NONE', #4891, .T. ) ;
#983 = ORIENTED_EDGE ( 'NONE', *, *, #1963, .T. ) ;
#984 = CARTESIAN_POINT ( 'NONE',  ( 0.4129999999999999227, -0.2500599205235715661, 6.000000000000000888 ) ) ;
#985 = ORIENTED_EDGE ( 'NONE', *, *, #2846, .F. ) ;
#986 = EDGE_CURVE ( 'NONE', #3231, #3932, #743, .T. ) ;
#987 = DIRECTION ( 'NONE',  ( -0.000000000000000000, -0.000000000000000000, -1.000000000000000000 ) ) ;
#988 = EDGE_CURVE ( 'NONE', #4753, #835, #1123, .T. ) ;
#989 = CARTESIAN_POINT ( 'NONE',  ( 0.3859725650551554255, -1.000000000000000222, 6.000000000000000888 ) ) ;
#990 = DIRECTION ( 'NONE',  ( 1.000000000000000000, 0.000000000000000000, 0.000000000000000000 ) ) ;
#991 = VERTEX_POINT ( 'NONE', #4263 ) ;
#992 = AXIS2_PLACEMENT_3D ( 'NONE', #5552, #2995, #2076 ) ;
#993 = DIRECTION ( 'NONE',  ( -1.000000000000000000, 0.000000000000000000, 0.000000000000000000 ) ) ;
#994 = DIRECTION ( 'NONE',  ( -0.000000000000000000, 0.000000000000000000, 1.000000000000000000 ) ) ;
#995 = AXIS2_PLACEMENT_3D ( 'NONE', #3801, #2027, #2516 ) ;
#996 = ADVANCED_FACE ( 'NONE', ( #3773 ), #717, .F. ) ;
#997 = DIRECTION ( 'NONE',  ( 0.000000000000000000, 0.000000000000000000, 1.000000000000000000 ) ) ;
#998 = DIRECTION ( 'NONE',  ( -1.000000000000000000, -5.853698660590359132E-16, 0.000000000000000000 ) ) ;
#999 = EDGE_LOOP ( 'NONE', ( #4991, #235, #983, #2286 ) ) ;
#1000 = AXIS2_PLACEMENT_3D ( 'NONE', #557, #4110, #4186 ) ;
#1001 = LINE ( 'NONE', #4573, #3336 ) ;
#1002 = ORIENTED_EDGE ( 'NONE', *, *, #3039, .F. ) ;
#1003 = DIRECTION ( 'NONE',  ( 1.046685055043767026E-14, 1.000000000000000000, 0.000000000000000000 ) ) ;
#1004 = EDGE_CURVE ( 'NONE', #2195, #3854, #2434, .T. ) ;
#1005 = ORIENTED_EDGE ( 'NONE', *, *, #4266, .F. ) ;
#1006 = CYLINDRICAL_SURFACE ( 'NONE', #1561, 0.03697499999999995235 ) ;
#1007 = AXIS2_PLACEMENT_3D ( 'NONE', #1797, #1764, #3520 ) ;
#1008 = CARTESIAN_POINT ( 'NONE',  ( 0.2499400794764282674, 0.8709400794764280418, -6.000000000000000888 ) ) ;
#1009 = EDGE_LOOP ( 'NONE', ( #1907, #2284, #4151, #134 ) ) ;
#1010 = ORIENTED_EDGE ( 'NONE', *, *, #4559, .T. ) ;
#1011 = VERTEX_POINT ( 'NONE', #125 ) ;
#1012 = CARTESIAN_POINT ( 'NONE',  ( -0.08519660197288735082, -0.7706000000000000627, -6.000000000000000888 ) ) ;
#1013 = ORIENTED_EDGE ( 'NONE', *, *, #4477, .T. ) ;
#1014 = CARTESIAN_POINT ( 'NONE',  ( 0.08519660197288733694, -0.3169999999999999485, -6.000000000000000888 ) ) ;
#1015 = ORIENTED_EDGE ( 'NONE', *, *, #744, .T. ) ;
#1016 = DIRECTION ( 'NONE',  ( -0.000000000000000000, -0.000000000000000000, -1.000000000000000000 ) ) ;
#1017 = DIRECTION ( 'NONE',  ( 0.000000000000000000, 0.000000000000000000, 1.000000000000000000 ) ) ;
#1018 = VERTEX_POINT ( 'NONE', #3344 ) ;
#1019 = PLANE ( 'NONE',  #1684 ) ;
#1020 = DIRECTION ( 'NONE',  ( 1.000000000000000000, 0.000000000000000000, 0.000000000000000000 ) ) ;
#1021 = DIRECTION ( 'NONE',  ( 0.000000000000000000, 0.000000000000000000, 1.000000000000000000 ) ) ;
#1022 = DIRECTION ( 'NONE',  ( 2.926849330295178087E-16, 1.000000000000000000, 0.000000000000000000 ) ) ;
#1023 = EDGE_CURVE ( 'NONE', #3549, #2297, #5200, .T. ) ;
#1024 = ORIENTED_EDGE ( 'NONE', *, *, #5708, .T. ) ;
#1025 = EDGE_CURVE ( 'NONE', #4154, #2661, #3644, .T. ) ;
#1026 = ADVANCED_FACE ( 'NONE', ( #4639 ), #5613, .F. ) ;
#1027 = DIRECTION ( 'NONE',  ( 0.000000000000000000, 0.000000000000000000, 1.000000000000000000 ) ) ;
#1028 = ORIENTED_EDGE ( 'NONE', *, *, #2762, .F. ) ;
#1029 = LINE ( 'NONE', #600, #483 ) ;
#1030 = DIRECTION ( 'NONE',  ( -0.000000000000000000, 0.000000000000000000, 1.000000000000000000 ) ) ;
#1031 = AXIS2_PLACEMENT_3D ( 'NONE', #4006, #2716, #4490 ) ;
#1032 = CARTESIAN_POINT ( 'NONE',  ( 0.5000000000000000000, 0.1140274349448444774, 6.000000000000000888 ) ) ;
#1033 = VECTOR ( 'NONE', #2072, 39.37007874015748143 ) ;
#1034 = LINE ( 'NONE', #4494, #2362 ) ;
#1035 = VERTEX_POINT ( 'NONE', #5182 ) ;
#1036 = EDGE_CURVE ( 'NONE', #468, #5363, #1728, .T. ) ;
#1037 = EDGE_CURVE ( 'NONE', #2223, #4289, #2575, .T. ) ;
#1038 = CIRCLE ( 'NONE', #3339, 0.02174999999999998115 ) ;
#1039 = VECTOR ( 'NONE', #739, 39.37007874015748143 ) ;
#1040 = ORIENTED_EDGE ( 'NONE', *, *, #3324, .T. ) ;
#1041 = ORIENTED_EDGE ( 'NONE', *, *, #3312, .T. ) ;
#1042 = CARTESIAN_POINT ( 'NONE',  ( -0.4499749999999999028, -0.6280000000000000027, 6.000000000000000888 ) ) ;
#1043 = CIRCLE ( 'NONE', #4257, 0.03697499999999995235 ) ;
#1044 = ADVANCED_FACE ( 'NONE', ( #5152 ), #3004, .F. ) ;
#1045 = VECTOR ( 'NONE', #3504, 39.37007874015748143 ) ;
#1046 = AXIS2_PLACEMENT_3D ( 'NONE', #2906, #677, #4193 ) ;
#1047 = VERTEX_POINT ( 'NONE', #868 ) ;
#1048 = CARTESIAN_POINT ( 'NONE',  ( -0.5000000000000001110, 0.2935599205235716602, 6.000000000000000888 ) ) ;
#1049 = ORIENTED_EDGE ( 'NONE', *, *, #811, .F. ) ;
#1050 = DIRECTION ( 'NONE',  ( 0.000000000000000000, 0.000000000000000000, 1.000000000000000000 ) ) ;
#1051 = DATE_AND_TIME ( #1982, #2662 ) ;
#1052 = ORIENTED_EDGE ( 'NONE', *, *, #1998, .F. ) ;
#1053 = DIRECTION ( 'NONE',  ( 0.7071067811865472397, -0.7071067811865479058, 0.000000000000000000 ) ) ;
#1054 = DIRECTION ( 'NONE',  ( -1.000000000000000000, 0.000000000000000000, 0.000000000000000000 ) ) ;
#1055 = CARTESIAN_POINT ( 'NONE',  ( 0.3983187499999999992, 0.8983187500000000547, -6.000000000000000888 ) ) ;
#1056 = DIRECTION ( 'NONE',  ( 0.000000000000000000, 0.000000000000000000, 1.000000000000000000 ) ) ;
#1057 = VECTOR ( 'NONE', #2507, 39.37007874015748143 ) ;
#1058 = CARTESIAN_POINT ( 'NONE',  ( -0.5000000000000001110, -0.2500599205235717326, -6.000000000000000888 ) ) ;
#1059 = ORIENTED_EDGE ( 'NONE', *, *, #2846, .T. ) ;
#1060 = DIRECTION ( 'NONE',  ( -0.000000000000000000, 0.000000000000000000, 1.000000000000000000 ) ) ;
#1061 = CARTESIAN_POINT ( 'NONE',  ( -0.2064400794764282010, -1.000000000000000000, -6.000000000000000888 ) ) ;
#1062 = LINE ( 'NONE', #4894, #4495 ) ;
#1063 = EDGE_CURVE ( 'NONE', #2078, #5038, #3486, .T. ) ;
#1064 = EDGE_CURVE ( 'NONE', #1499, #5021, #1242, .T. ) ;
#1065 = DIRECTION ( 'NONE',  ( 0.000000000000000000, 1.000000000000000000, 0.000000000000000000 ) ) ;
#1066 = VECTOR ( 'NONE', #5222, 39.37007874015748143 ) ;
#1067 = ORIENTED_EDGE ( 'NONE', *, *, #2590, .F. ) ;
#1068 = VERTEX_POINT ( 'NONE', #2115 ) ;
#1069 = VERTEX_POINT ( 'NONE', #2143 ) ;
#1070 = FACE_OUTER_BOUND ( 'NONE', #3070, .T. ) ;
#1071 = ADVANCED_FACE ( 'NONE', ( #3091 ), #340, .T. ) ;
#1072 = VERTEX_POINT ( 'NONE', #4324 ) ;
#1073 = DIRECTION ( 'NONE',  ( 4.008152805398324415E-16, 1.000000000000000000, -0.000000000000000000 ) ) ;
#1074 = ORIENTED_EDGE ( 'NONE', *, *, #646, .T. ) ;
#1075 = DIRECTION ( 'NONE',  ( 1.000000000000000000, -2.926849330295178580E-16, 0.000000000000000000 ) ) ;
#1076 = EDGE_CURVE ( 'NONE', #2087, #4702, #2975, .T. ) ;
#1077 = APPROVAL_STATUS ( 'not_yet_approved' ) ;
#1078 = EDGE_CURVE ( 'NONE', #3519, #5271, #1269, .T. ) ;
#1079 = VERTEX_POINT ( 'NONE', #4727 ) ;
#1080 = CARTESIAN_POINT ( 'NONE',  ( 0.5000000000000001110, -0.2935599205235716602, 6.000000000000000888 ) ) ;
#1081 = DIRECTION ( 'NONE',  ( 0.000000000000000000, -0.000000000000000000, -1.000000000000000000 ) ) ;
#1082 = LINE ( 'NONE', #4570, #1352 ) ;
#1083 = LINE ( 'NONE', #3733, #3153 ) ;
#1084 = VECTOR ( 'NONE', #1021, 39.37007874015748143 ) ;
#1085 = VECTOR ( 'NONE', #5644, 39.37007874015748143 ) ;
#1086 = CARTESIAN_POINT ( 'NONE',  ( 0.5000000000000000000, 0.2718099205235717242, -6.000000000000000888 ) ) ;
#1087 = ORIENTED_EDGE ( 'NONE', *, *, #198, .F. ) ;
#1088 = CARTESIAN_POINT ( 'NONE',  ( 0.1279999999999999472, -0.9499750000000000139, -6.000000000000000888 ) ) ;
#1089 = CARTESIAN_POINT ( 'NONE',  ( 0.1649749999999999550, -0.9129999999999999227, -6.000000000000000888 ) ) ;
#1090 = CYLINDRICAL_SURFACE ( 'NONE', #2270, 0.02174999999999998115 ) ;
#1091 = AXIS2_PLACEMENT_3D ( 'NONE', #5223, #1163, #4678 ) ;
#1092 = AXIS2_PLACEMENT_3D ( 'NONE', #2673, #1016, #5451 ) ;
#1093 = VERTEX_POINT ( 'NONE', #430 ) ;
#1094 = ADVANCED_FACE ( 'NONE', ( #4353 ), #5673, .F. ) ;
#1095 = ORIENTED_EDGE ( 'NONE', *, *, #3838, .F. ) ;
#1096 = ORIENTED_EDGE ( 'NONE', *, *, #4978, .T. ) ;
#1097 = CYLINDRICAL_SURFACE ( 'NONE', #1846, 0.02174999999999998115 ) ;
#1098 = ORIENTED_EDGE ( 'NONE', *, *, #3601, .T. ) ;
#1099 = AXIS2_PLACEMENT_3D ( 'NONE', #3752, #724, #1565 ) ;
#1100 = EDGE_CURVE ( 'NONE', #123, #3751, #2916, .T. ) ;
#1101 = EDGE_CURVE ( 'NONE', #4839, #3150, #2600, .T. ) ;
#1102 = MANIFOLD_SOLID_BREP ( 'Mirror3', #250 ) ;
#1103 = CARTESIAN_POINT ( 'NONE',  ( 0.4129999999999999227, 0.2500599205235715661, 6.000000000000000888 ) ) ;
#1104 = ORIENTED_EDGE ( 'NONE', *, *, #528, .F. ) ;
#1105 = FACE_OUTER_BOUND ( 'NONE', #2924, .T. ) ;
#1106 = COORDINATED_UNIVERSAL_TIME_OFFSET ( 6, 0, .BEHIND. ) ;
#1107 = EDGE_LOOP ( 'NONE', ( #5185, #2935, #4391, #2080 ) ) ;
#1108 = ADVANCED_FACE ( 'NONE', ( #3921 ), #3829, .F. ) ;
#1109 = CARTESIAN_POINT ( 'NONE',  ( 0.1649749999999999550, -0.9630250000000000199, 6.000000000000000888 ) ) ;
#1110 = CARTESIAN_POINT ( 'NONE',  ( 0.1280000000000000027, -0.9499750000000000139, -6.000000000000000888 ) ) ;
#1111 = DIRECTION ( 'NONE',  ( -0.000000000000000000, 0.000000000000000000, -1.000000000000000000 ) ) ;
#1112 = DIRECTION ( 'NONE',  ( 1.000000000000000000, -2.926849330295178580E-16, 0.000000000000000000 ) ) ;
#1113 = DIRECTION ( 'NONE',  ( 1.000000000000000000, 0.000000000000000000, 0.000000000000000000 ) ) ;
#1114 = EDGE_LOOP ( 'NONE', ( #3542, #2493, #2669, #3222 ) ) ;
#1115 = CARTESIAN_POINT ( 'NONE',  ( -0.4129999999999999227, -0.01647256505515531932, 6.000000000000000888 ) ) ;
#1116 = CARTESIAN_POINT ( 'NONE',  ( 0.08519660197288735082, -0.7706000000000000627, -6.000000000000000888 ) ) ;
#1117 = CARTESIAN_POINT ( 'NONE',  ( 0.1829999999999998572, 0.5851966019728873647, 6.000000000000000888 ) ) ;
#1118 = VERTEX_POINT ( 'NONE', #894 ) ;
#1119 = AXIS2_PLACEMENT_3D ( 'NONE', #5514, #1685, #1598 ) ;
#1120 = VERTEX_POINT ( 'NONE', #2658 ) ;
#1121 = ORIENTED_EDGE ( 'NONE', *, *, #3294, .F. ) ;
#1122 = CARTESIAN_POINT ( 'NONE',  ( -0.5000000000000001110, -0.3350250000000000727, -6.000000000000000888 ) ) ;
#1123 = LINE ( 'NONE', #2517, #3095 ) ;
#1124 = VECTOR ( 'NONE', #1668, 39.37007874015748143 ) ;
#1125 = ORIENTED_EDGE ( 'NONE', *, *, #4298, .T. ) ;
#1126 = CARTESIAN_POINT ( 'NONE',  ( -0.1471391560048289637, 0.2913425540319414808, 6.000000000000000888 ) ) ;
#1127 = VERTEX_POINT ( 'NONE', #1298 ) ;
#1128 = CARTESIAN_POINT ( 'NONE',  ( 0.08519660197288733694, 0.3169999999999999485, 6.000000000000000888 ) ) ;
#1129 = AXIS2_PLACEMENT_3D ( 'NONE', #5028, #4600, #652 ) ;
#1130 = PERSON_AND_ORGANIZATION_ROLE ( 'design_supplier' ) ;
#1131 = ADVANCED_FACE ( 'NONE', ( #4411 ), #3059, .F. ) ;
#1132 = EDGE_CURVE ( 'NONE', #3361, #518, #2544, .T. ) ;
#1133 = ORIENTED_EDGE ( 'NONE', *, *, #2838, .T. ) ;
#1134 = AXIS2_PLACEMENT_3D ( 'NONE', #875, #5246, #60 ) ;
#1135 = VECTOR ( 'NONE', #4975, 39.37007874015748143 ) ;
#1136 = CARTESIAN_POINT ( 'NONE',  ( 0.5000000000000001110, 0.3350250000000000727, 6.000000000000000888 ) ) ;
#1137 = DIRECTION ( 'NONE',  ( -1.000000000000000000, 0.000000000000000000, 0.000000000000000000 ) ) ;
#1138 = AXIS2_PLACEMENT_3D ( 'NONE', #1871, #2221, #3970 ) ;
#1139 = DIRECTION ( 'NONE',  ( -1.000000000000000000, 0.000000000000000000, 0.000000000000000000 ) ) ;
#1140 = LINE ( 'NONE', #2821, #120 ) ;
#1141 = ADVANCED_FACE ( 'NONE', ( #517 ), #4554, .F. ) ;
#1142 = CARTESIAN_POINT ( 'NONE',  ( -0.4077225650551554170, -1.000000000000000000, -6.000000000000000888 ) ) ;
#1143 = VERTEX_POINT ( 'NONE', #3229 ) ;
#1144 = LINE ( 'NONE', #2799, #1403 ) ;
#1145 = CARTESIAN_POINT ( 'NONE',  ( -0.5000000000000001110, 0.7499400794764282674, 6.000000000000000888 ) ) ;
#1146 = LINE ( 'NONE', #4176, #5387 ) ;
#1147 = EDGE_CURVE ( 'NONE', #281, #3461, #1473, .T. ) ;
#1148 = ORIENTED_EDGE ( 'NONE', *, *, #1749, .F. ) ;
#1149 = ORIENTED_EDGE ( 'NONE', *, *, #3079, .F. ) ;
#1150 = ORIENTED_EDGE ( 'NONE', *, *, #1218, .F. ) ;
#1151 = DIRECTION ( 'NONE',  ( -0.000000000000000000, -0.000000000000000000, -1.000000000000000000 ) ) ;
#1152 = LINE ( 'NONE', #2948, #881 ) ;
#1153 = ORIENTED_EDGE ( 'NONE', *, *, #669, .F. ) ;
#1154 = VECTOR ( 'NONE', #2730, 39.37007874015748143 ) ;
#1155 = CYLINDRICAL_SURFACE ( 'NONE', #4535, 0.02174999999999998115 ) ;
#1156 = ORIENTED_EDGE ( 'NONE', *, *, #215, .T. ) ;
#1157 = CARTESIAN_POINT ( 'NONE',  ( -0.3411992244580428491, 0.7796809344948134601, 6.000000000000000888 ) ) ;
#1158 = ORIENTED_EDGE ( 'NONE', *, *, #2870, .T. ) ;
#1159 = EDGE_CURVE ( 'NONE', #4907, #1118, #2228, .T. ) ;
#1160 = CARTESIAN_POINT ( 'NONE',  ( -0.1649749999999999550, -1.000000000000000000, 6.000000000000000888 ) ) ;
#1161 = DIRECTION ( 'NONE',  ( -0.000000000000000000, 0.000000000000000000, -1.000000000000000000 ) ) ;
#1162 = CARTESIAN_POINT ( 'NONE',  ( -0.2499400794764282674, -0.8709400794764280418, 6.000000000000000888 ) ) ;
#1163 = DIRECTION ( 'NONE',  ( 0.000000000000000000, 0.000000000000000000, 1.000000000000000000 ) ) ;
#1164 = CARTESIAN_POINT ( 'NONE',  ( 0.4499749999999999028, -0.6280000000000000027, -6.000000000000000888 ) ) ;
#1165 = CARTESIAN_POINT ( 'NONE',  ( -0.4129999999999999227, -0.6649749999999998717, -6.000000000000000888 ) ) ;
#1166 = ADVANCED_FACE ( 'NONE', ( #1883 ), #5386, .F. ) ;
#1167 = ORIENTED_EDGE ( 'NONE', *, *, #5283, .F. ) ;
#1168 = CARTESIAN_POINT ( 'NONE',  ( -0.3912499999999999312, 0.01647256505515531932, -6.000000000000000888 ) ) ;
#1169 = DIRECTION ( 'NONE',  ( -0.000000000000000000, -0.000000000000000000, -1.000000000000000000 ) ) ;
#1170 = DIRECTION ( 'NONE',  ( -0.000000000000000000, 1.000000000000000000, -0.000000000000000000 ) ) ;
#1171 = EDGE_LOOP ( 'NONE', ( #4699, #5519, #5153, #4345 ) ) ;
#1172 = VECTOR ( 'NONE', #1994, 39.37007874015748143 ) ;
#1173 = DIRECTION ( 'NONE',  ( 0.000000000000000000, -0.000000000000000000, 1.000000000000000000 ) ) ;
#1174 = EDGE_CURVE ( 'NONE', #5400, #5349, #1913, .T. ) ;
#1175 = VERTEX_POINT ( 'NONE', #1384 ) ;
#1176 = ORIENTED_EDGE ( 'NONE', *, *, #4281, .F. ) ;
#1177 = DIRECTION ( 'NONE',  ( -0.000000000000000000, 0.000000000000000000, -1.000000000000000000 ) ) ;
#1178 = VECTOR ( 'NONE', #2947, 39.37007874015748143 ) ;
#1179 = CARTESIAN_POINT ( 'NONE',  ( -0.4630250000000000199, -0.6280000000000000027, 6.000000000000000888 ) ) ;
#1180 = ORIENTED_EDGE ( 'NONE', *, *, #2288, .F. ) ;
#1181 = VECTOR ( 'NONE', #3017, 39.37007874015748143 ) ;
#1182 = AXIS2_PLACEMENT_3D ( 'NONE', #2984, #5535, #1592 ) ;
#1183 = FACE_OUTER_BOUND ( 'NONE', #3346, .T. ) ;
#1184 = DIRECTION ( 'NONE',  ( 0.000000000000000000, 0.000000000000000000, 1.000000000000000000 ) ) ;
#1185 = EDGE_LOOP ( 'NONE', ( #103, #1757 ) ) ;
#1186 = FACE_OUTER_BOUND ( 'NONE', #581, .T. ) ;
#1187 = CIRCLE ( 'NONE', #4317, 0.03697500000000002174 ) ;
#1188 = ORIENTED_EDGE ( 'NONE', *, *, #181, .F. ) ;
#1189 = CARTESIAN_POINT ( 'NONE',  ( 0.2086574459680583804, -0.6471391560048290748, -6.000000000000000888 ) ) ;
#1190 = CARTESIAN_POINT ( 'NONE',  ( 0.4499749999999999028, 0.6280000000000000027, 6.000000000000000888 ) ) ;
#1191 = DIRECTION ( 'NONE',  ( -0.000000000000000000, -0.000000000000000000, -1.000000000000000000 ) ) ;
#1192 = DIRECTION ( 'NONE',  ( 0.7071067811865472397, 0.7071067811865479058, 0.000000000000000000 ) ) ;
#1193 = DIRECTION ( 'NONE',  ( -0.7071067811865479058, -0.7071067811865472397, 0.000000000000000000 ) ) ;
#1194 = EDGE_CURVE ( 'NONE', #3139, #4962, #3546, .T. ) ;
#1195 = LINE ( 'NONE', #4711, #26 ) ;
#1196 = VERTEX_POINT ( 'NONE', #2291 ) ;
#1197 = DIRECTION ( 'NONE',  ( 1.046685055043767026E-14, 1.000000000000000000, 0.000000000000000000 ) ) ;
#1198 = DIRECTION ( 'NONE',  ( -0.000000000000000000, 0.000000000000000000, -1.000000000000000000 ) ) ;
#1199 = CARTESIAN_POINT ( 'NONE',  ( 0.1471391560048289637, -0.2913425540319414808, -6.000000000000000888 ) ) ;
#1200 = EDGE_CURVE ( 'NONE', #1580, #991, #1034, .T. ) ;
#1201 = CC_DESIGN_PERSON_AND_ORGANIZATION_ASSIGNMENT ( #5482, #1130, ( #1278 ) ) ;
#1202 = VERTEX_POINT ( 'NONE', #574 ) ;
#1203 = DIRECTION ( 'NONE',  ( -0.000000000000000000, -0.000000000000000000, -1.000000000000000000 ) ) ;
#1204 = ORIENTED_EDGE ( 'NONE', *, *, #1209, .T. ) ;
#1205 = VERTEX_POINT ( 'NONE', #4035 ) ;
#1206 = DIRECTION ( 'NONE',  ( -0.000000000000000000, -0.000000000000000000, -1.000000000000000000 ) ) ;
#1207 = CARTESIAN_POINT ( 'NONE',  ( 0.1471391560048289637, -0.7086574459680585747, 6.000000000000000888 ) ) ;
#1208 = EDGE_CURVE ( 'NONE', #3654, #56, #2689, .T. ) ;
#1209 = EDGE_CURVE ( 'NONE', #3603, #2515, #4183, .T. ) ;
#1210 = ORIENTED_EDGE ( 'NONE', *, *, #3003, .F. ) ;
#1211 = AXIS2_PLACEMENT_3D ( 'NONE', #5600, #2099, #2960 ) ;
#1212 = LINE ( 'NONE', #2980, #2334 ) ;
#1213 = LINE ( 'NONE', #3347, #5077 ) ;
#1214 = ORIENTED_EDGE ( 'NONE', *, *, #4875, .T. ) ;
#1215 = DIRECTION ( 'NONE',  ( -0.000000000000000000, 0.000000000000000000, -1.000000000000000000 ) ) ;
#1216 = AXIS2_PLACEMENT_3D ( 'NONE', #50, #4062, #4092 ) ;
#1217 = CIRCLE ( 'NONE', #4620, 0.04205992052357206135 ) ;
#1218 = EDGE_CURVE ( 'NONE', #3263, #55, #3908, .T. ) ;
#1219 = ORIENTED_EDGE ( 'NONE', *, *, #1454, .F. ) ;
#1220 = AXIS2_PLACEMENT_3D ( 'NONE', #825, #3390, #4682 ) ;
#1221 = CIRCLE ( 'NONE', #4443, 0.03697499999999995235 ) ;
#1222 = LINE ( 'NONE', #3869, #3608 ) ;
#1223 = LINE ( 'NONE', #4765, #761 ) ;
#1224 = CARTESIAN_POINT ( 'NONE',  ( -0.5000000000000000000, 0.07052743494484452202, -6.000000000000000888 ) ) ;
#1225 = CARTESIAN_POINT ( 'NONE',  ( -0.3411992244580428491, 0.7796809344948134601, -6.000000000000000888 ) ) ;
#1226 = FACE_OUTER_BOUND ( 'NONE', #2612, .T. ) ;
#1227 = AXIS2_PLACEMENT_3D ( 'NONE', #699, #3839, #1686 ) ;
#1228 = VECTOR ( 'NONE', #1073, 39.37007874015748143 ) ;
#1229 = AXIS2_PLACEMENT_3D ( 'NONE', #272, #5517, #3705 ) ;
#1230 = CARTESIAN_POINT ( 'NONE',  ( -0.1649749999999999550, 0.9630250000000000199, 6.000000000000000888 ) ) ;
#1231 = AXIS2_PLACEMENT_3D ( 'NONE', #421, #4315, #827 ) ;
#1232 = DIRECTION ( 'NONE',  ( -1.000000000000000000, 0.000000000000000000, 0.000000000000000000 ) ) ;
#1233 = PLANE ( 'NONE',  #2472 ) ;
#1234 = CARTESIAN_POINT ( 'NONE',  ( -0.5000000000000000000, -0.07052743494484452202, 6.000000000000000888 ) ) ;
#1235 = ORIENTED_EDGE ( 'NONE', *, *, #852, .T. ) ;
#1236 = CARTESIAN_POINT ( 'NONE',  ( 0.1649749999999999550, 0.9129999999999999227, 6.000000000000000888 ) ) ;
#1237 = EDGE_CURVE ( 'NONE', #1499, #5496, #1705, .T. ) ;
#1238 = VERTEX_POINT ( 'NONE', #24 ) ;
#1239 = ADVANCED_FACE ( 'NONE', ( #489 ), #2264, .F. ) ;
#1240 = ORIENTED_EDGE ( 'NONE', *, *, #1748, .F. ) ;
#1241 = CARTESIAN_POINT ( 'NONE',  ( 0.2064400794764282010, 1.000000000000000000, -6.000000000000000888 ) ) ;
#1242 = LINE ( 'NONE', #1760, #3925 ) ;
#1243 = AXIS2_PLACEMENT_3D ( 'NONE', #5239, #1329, #3950 ) ;
#1244 = ORIENTED_EDGE ( 'NONE', *, *, #1036, .T. ) ;
#1245 = CARTESIAN_POINT ( 'NONE',  ( 0.2705999999999998962, -0.5851966019728873647, 6.000000000000000888 ) ) ;
#1246 = DIRECTION ( 'NONE',  ( -0.000000000000000000, -0.000000000000000000, -1.000000000000000000 ) ) ;
#1247 = EDGE_CURVE ( 'NONE', #2836, #2653, #4983, .T. ) ;
#1248 = VERTEX_POINT ( 'NONE', #4896 ) ;
#1249 = DIRECTION ( 'NONE',  ( 1.000000000000000000, 1.607629870117495189E-15, 0.000000000000000000 ) ) ;
#1250 = VERTEX_POINT ( 'NONE', #4065 ) ;
#1251 = VECTOR ( 'NONE', #4243, 39.37007874015748143 ) ;
#1252 = DIRECTION ( 'NONE',  ( 0.000000000000000000, 0.000000000000000000, 1.000000000000000000 ) ) ;
#1253 = EDGE_CURVE ( 'NONE', #5208, #1894, #950, .T. ) ;
#1254 = DIRECTION ( 'NONE',  ( 1.000000000000000000, 0.000000000000000000, 0.000000000000000000 ) ) ;
#1255 = CYLINDRICAL_SURFACE ( 'NONE', #346, 0.02174999999999998115 ) ;
#1256 = FACE_OUTER_BOUND ( 'NONE', #4636, .T. ) ;
#1257 = CARTESIAN_POINT ( 'NONE',  ( 0.4630250000000000199, -0.3719999999999999973, 6.000000000000000888 ) ) ;
#1258 = DIRECTION ( 'NONE',  ( -0.000000000000000000, -0.000000000000000000, -1.000000000000000000 ) ) ;
#1259 = CARTESIAN_POINT ( 'NONE',  ( 0.1649749999999999550, 1.000000000000000000, -6.000000000000000888 ) ) ;
#1260 = CARTESIAN_POINT ( 'NONE',  ( -0.5000000000000001110, -0.3350250000000000727, -6.000000000000000888 ) ) ;
#1261 = LINE ( 'NONE', #3852, #2065 ) ;
#1262 = ORIENTED_EDGE ( 'NONE', *, *, #1463, .F. ) ;
#1263 = ORIENTED_EDGE ( 'NONE', *, *, #2692, .T. ) ;
#1264 = DIRECTION ( 'NONE',  ( 0.000000000000000000, 0.000000000000000000, 1.000000000000000000 ) ) ;
#1265 = CIRCLE ( 'NONE', #1724, 0.08760000000000003895 ) ;
#1266 = VERTEX_POINT ( 'NONE', #4009 ) ;
#1267 = ORIENTED_EDGE ( 'NONE', *, *, #84, .T. ) ;
#1268 = LINE ( 'NONE', #4811, #3942 ) ;
#1269 = LINE ( 'NONE', #3514, #3816 ) ;
#1270 = CIRCLE ( 'NONE', #2750, 0.02174999999999998115 ) ;
#1271 = VERTEX_POINT ( 'NONE', #54 ) ;
#1272 = EDGE_CURVE ( 'NONE', #5333, #5497, #687, .T. ) ;
#1273 = AXIS2_PLACEMENT_3D ( 'NONE', #1354, #4434, #488 ) ;
#1274 = DIRECTION ( 'NONE',  ( 2.926849330295178087E-16, -1.000000000000000000, 0.000000000000000000 ) ) ;
#1275 = EDGE_LOOP ( 'NONE', ( #395, #2971, #2064, #5420 ) ) ;
#1276 = FACE_OUTER_BOUND ( 'NONE', #2023, .T. ) ;
#1277 = EDGE_CURVE ( 'NONE', #3897, #5277, #2449, .T. ) ;
#1278 = PRODUCT_DEFINITION_FORMATION_WITH_SPECIFIED_SOURCE ( 'ANY', '', #3810, .NOT_KNOWN. ) ;
#1279 = ORIENTED_EDGE ( 'NONE', *, *, #1807, .T. ) ;
#1280 = AXIS2_PLACEMENT_3D ( 'NONE', #2926, #2499, #3870 ) ;
#1281 = EDGE_CURVE ( 'NONE', #2045, #1886, #4578, .T. ) ;
#1282 = CARTESIAN_POINT ( 'NONE',  ( -0.4129999999999999227, 0.7499400794764283784, 6.000000000000000888 ) ) ;
#1283 = CARTESIAN_POINT ( 'NONE',  ( 0.4129999999999999227, -0.01647256505515531932, -6.000000000000000888 ) ) ;
#1284 = AXIS2_PLACEMENT_3D ( 'NONE', #3405, #4758, #2466 ) ;
#1285 = PLANE ( 'NONE',  #2913 ) ;
#1286 = CARTESIAN_POINT ( 'NONE',  ( -0.5000000000000001110, 0.6649749999999998717, -6.000000000000000888 ) ) ;
#1287 = LINE ( 'NONE', #3906, #3241 ) ;
#1288 = EDGE_CURVE ( 'NONE', #137, #542, #2938, .T. ) ;
#1289 = DIRECTION ( 'NONE',  ( 0.000000000000000000, -0.000000000000000000, -1.000000000000000000 ) ) ;
#1290 = DIRECTION ( 'NONE',  ( -0.000000000000000000, -0.000000000000000000, -1.000000000000000000 ) ) ;
#1291 = DIRECTION ( 'NONE',  ( 1.000000000000000000, 0.000000000000000000, 0.000000000000000000 ) ) ;
#1292 = CARTESIAN_POINT ( 'NONE',  ( -0.1279999999999999472, -0.9499750000000000139, -6.000000000000000888 ) ) ;
#1293 = ORIENTED_EDGE ( 'NONE', *, *, #5609, .F. ) ;
#1294 = CARTESIAN_POINT ( 'NONE',  ( 0.1649749999999999550, -1.000000000000000000, -6.000000000000000888 ) ) ;
#1295 = ORIENTED_EDGE ( 'NONE', *, *, #1701, .T. ) ;
#1296 = ORIENTED_EDGE ( 'NONE', *, *, #3110, .T. ) ;
#1297 = CARTESIAN_POINT ( 'NONE',  ( 0.5000000000000000000, 0.1140274349448444774, -6.000000000000000888 ) ) ;
#1298 = CARTESIAN_POINT ( 'NONE',  ( 0.1829999999999998572, 0.4148033980271126353, 6.000000000000000888 ) ) ;
#1299 = ORIENTED_EDGE ( 'NONE', *, *, #4970, .T. ) ;
#1300 = DIRECTION ( 'NONE',  ( -0.000000000000000000, -0.000000000000000000, -1.000000000000000000 ) ) ;
#1301 = ORIENTED_EDGE ( 'NONE', *, *, #2067, .T. ) ;
#1302 = CARTESIAN_POINT ( 'NONE',  ( -0.4077225650551554170, 1.000000000000000000, 6.000000000000000888 ) ) ;
#1303 = ORIENTED_EDGE ( 'NONE', *, *, #3818, .F. ) ;
#1304 = DIRECTION ( 'NONE',  ( 0.000000000000000000, 0.000000000000000000, 1.000000000000000000 ) ) ;
#1305 = ORIENTED_EDGE ( 'NONE', *, *, #1749, .T. ) ;
#1306 = CIRCLE ( 'NONE', #1031, 0.02174999999999998115 ) ;
#1307 = EDGE_CURVE ( 'NONE', #2633, #697, #5015, .T. ) ;
#1308 = DIRECTION ( 'NONE',  ( -0.000000000000000000, -0.000000000000000000, 1.000000000000000000 ) ) ;
#1309 = AXIS2_PLACEMENT_3D ( 'NONE', #4730, #2548, #2147 ) ;
#1310 = EDGE_CURVE ( 'NONE', #1514, #56, #656, .T. ) ;
#1311 = CARTESIAN_POINT ( 'NONE',  ( -0.1649749999999999550, -0.9630250000000000199, -6.000000000000000888 ) ) ;
#1312 = CARTESIAN_POINT ( 'NONE',  ( 0.3411992244580428491, -0.2203190655051865676, -6.000000000000000888 ) ) ;
#1313 = AXIS2_PLACEMENT_3D ( 'NONE', #3434, #1003, #4922 ) ;
#1314 = CIRCLE ( 'NONE', #4537, 0.02174999999999998115 ) ;
#1315 = CARTESIAN_POINT ( 'NONE',  ( 0.2086574459680583804, -0.6471391560048290748, 6.000000000000000888 ) ) ;
#1316 = DIRECTION ( 'NONE',  ( -2.926849330295178087E-16, 1.000000000000000000, 0.000000000000000000 ) ) ;
#1317 = EDGE_CURVE ( 'NONE', #1035, #2226, #4604, .T. ) ;
#1318 = DIRECTION ( 'NONE',  ( -1.000000000000000000, -2.926849330295178580E-16, 0.000000000000000000 ) ) ;
#1319 = AXIS2_PLACEMENT_3D ( 'NONE', #3819, #2961, #273 ) ;
#1320 = CYLINDRICAL_SURFACE ( 'NONE', #2726, 0.02174999999999998115 ) ;
#1321 = VERTEX_POINT ( 'NONE', #603 ) ;
#1322 = ORIENTED_EDGE ( 'NONE', *, *, #2618, .F. ) ;
#1323 = AXIS2_PLACEMENT_3D ( 'NONE', #1433, #1346, #3107 ) ;
#1324 = CARTESIAN_POINT ( 'NONE',  ( 0.2281900794764282203, 1.000000000000000000, -6.000000000000000888 ) ) ;
#1325 = ORIENTED_EDGE ( 'NONE', *, *, #4686, .F. ) ;
#1326 = EDGE_CURVE ( 'NONE', #4418, #3284, #1968, .T. ) ;
#1327 = EDGE_LOOP ( 'NONE', ( #283, #309, #3234, #2212 ) ) ;
#1328 = DIRECTION ( 'NONE',  ( -0.000000000000000000, -0.000000000000000000, -1.000000000000000000 ) ) ;
#1329 = DIRECTION ( 'NONE',  ( -0.000000000000000000, -0.000000000000000000, 1.000000000000000000 ) ) ;
#1330 = EDGE_LOOP ( 'NONE', ( #1423, #1937, #2770, #4729 ) ) ;
#1331 = EDGE_LOOP ( 'NONE', ( #4375, #2050, #5476, #83 ) ) ;
#1332 = ORIENTED_EDGE ( 'NONE', *, *, #106, .F. ) ;
#1333 = DIRECTION ( 'NONE',  ( -1.000000000000000000, 0.000000000000000000, 0.000000000000000000 ) ) ;
#1334 = ORIENTED_EDGE ( 'NONE', *, *, #3718, .T. ) ;
#1335 = DIRECTION ( 'NONE',  ( 1.000000000000000000, 0.000000000000000000, 0.000000000000000000 ) ) ;
#1336 = EDGE_LOOP ( 'NONE', ( #337, #1766, #548, #2917 ) ) ;
#1337 = FACE_OUTER_BOUND ( 'NONE', #1009, .T. ) ;
#1338 = DIRECTION ( 'NONE',  ( 0.000000000000000000, 0.000000000000000000, 1.000000000000000000 ) ) ;
#1339 = LINE ( 'NONE', #1865, #1551 ) ;
#1340 = CARTESIAN_POINT ( 'NONE',  ( -0.3983187499999999992, 0.8983187500000000547, 6.000000000000000888 ) ) ;
#1341 = AXIS2_PLACEMENT_3D ( 'NONE', #3372, #4181, #689 ) ;
#1342 = EDGE_CURVE ( 'NONE', #57, #3720, #2044, .T. ) ;
#1343 = LINE ( 'NONE', #4023, #302 ) ;
#1344 = DIRECTION ( 'NONE',  ( -1.000000000000000000, 0.000000000000000000, 0.000000000000000000 ) ) ;
#1345 = CARTESIAN_POINT ( 'NONE',  ( -0.5000000000000000000, 0.7281900794764283313, -6.000000000000000888 ) ) ;
#1346 = DIRECTION ( 'NONE',  ( -0.000000000000000000, -0.000000000000000000, -1.000000000000000000 ) ) ;
#1347 = ORIENTED_EDGE ( 'NONE', *, *, #4985, .T. ) ;
#1348 = EDGE_CURVE ( 'NONE', #1610, #3030, #3685, .T. ) ;
#1349 = CARTESIAN_POINT ( 'NONE',  ( -0.5000000000000001110, 0.3350250000000000727, 6.000000000000000888 ) ) ;
#1350 = EDGE_LOOP ( 'NONE', ( #1888, #2728, #5023, #3253 ) ) ;
#1351 = LINE ( 'NONE', #3171, #4246 ) ;
#1352 = VECTOR ( 'NONE', #1957, 39.37007874015748143 ) ;
#1353 = VERTEX_POINT ( 'NONE', #2479 ) ;
#1354 = CARTESIAN_POINT ( 'NONE',  ( -0.2705999999999998962, -0.4148033980271126353, -6.000000000000000888 ) ) ;
#1355 = CARTESIAN_POINT ( 'NONE',  ( -0.4129999999999999227, 0.2500599205235715661, 6.000000000000000888 ) ) ;
#1356 = ORIENTED_EDGE ( 'NONE', *, *, #2692, .F. ) ;
#1357 = EDGE_CURVE ( 'NONE', #4043, #5453, #227, .T. ) ;
#1358 = EDGE_LOOP ( 'NONE', ( #2441, #4508, #1437, #5357 ) ) ;
#1359 = ORIENTED_EDGE ( 'NONE', *, *, #388, .T. ) ;
#1360 = DIRECTION ( 'NONE',  ( -0.000000000000000000, 0.000000000000000000, 1.000000000000000000 ) ) ;
#1361 = AXIS2_PLACEMENT_3D ( 'NONE', #3106, #938, #4887 ) ;
#1362 = ORIENTED_EDGE ( 'NONE', *, *, #2173, .F. ) ;
#1363 = AXIS2_PLACEMENT_3D ( 'NONE', #716, #1206, #4726 ) ;
#1364 = AXIS2_PLACEMENT_3D ( 'NONE', #3790, #1169, #1291 ) ;
#1365 = DIRECTION ( 'NONE',  ( -1.000000000000000000, 0.000000000000000000, 0.000000000000000000 ) ) ;
#1366 = ORIENTED_EDGE ( 'NONE', *, *, #5470, .T. ) ;
#1367 = CARTESIAN_POINT ( 'NONE',  ( -0.5000000000000000000, 0.9077225650551554725, -6.000000000000000888 ) ) ;
#1368 = CARTESIAN_POINT ( 'NONE',  ( 0.4630250000000000199, 0.3350250000000000727, -6.000000000000000888 ) ) ;
#1369 = CARTESIAN_POINT ( 'NONE',  ( -0.5000000000000001110, 0.6649749999999998717, 6.000000000000000888 ) ) ;
#1370 = VECTOR ( 'NONE', #1396, 39.37007874015748143 ) ;
#1371 = LINE ( 'NONE', #2217, #2696 ) ;
#1372 = AXIS2_PLACEMENT_3D ( 'NONE', #5248, #5310, #844 ) ;
#1373 = CARTESIAN_POINT ( 'NONE',  ( 0.1471391560048289637, 0.7086574459680585747, 6.000000000000000888 ) ) ;
#1374 = DIRECTION ( 'NONE',  ( -1.000000000000000000, 2.926849330295178580E-16, 0.000000000000000000 ) ) ;
#1375 = CARTESIAN_POINT ( 'NONE',  ( 0.1649749999999999550, -0.9499750000000000139, -6.000000000000000888 ) ) ;
#1376 = LINE ( 'NONE', #2255, #5183 ) ;
#1377 = ORIENTED_EDGE ( 'NONE', *, *, #4866, .T. ) ;
#1378 = DIRECTION ( 'NONE',  ( -1.000000000000000000, 0.000000000000000000, 0.000000000000000000 ) ) ;
#1379 = EDGE_LOOP ( 'NONE', ( #4201, #5205, #5483, #1041 ) ) ;
#1380 = LINE ( 'NONE', #3142, #14 ) ;
#1381 = ORIENTED_EDGE ( 'NONE', *, *, #3493, .F. ) ;
#1382 = DIRECTION ( 'NONE',  ( 1.000000000000000000, 0.000000000000000000, 0.000000000000000000 ) ) ;
#1383 = EDGE_CURVE ( 'NONE', #3800, #411, #4227, .T. ) ;
#1384 = CARTESIAN_POINT ( 'NONE',  ( -0.1471391560048289637, -0.2913425540319414808, 6.000000000000000888 ) ) ;
#1385 = ORIENTED_EDGE ( 'NONE', *, *, #3260, .T. ) ;
#1386 = VERTEX_POINT ( 'NONE', #3364 ) ;
#1387 = EDGE_LOOP ( 'NONE', ( #3771, #1028, #1235, #1427 ) ) ;
#1388 = CARTESIAN_POINT ( 'NONE',  ( 0.4630250000000000199, -0.3350250000000000727, 6.000000000000000888 ) ) ;
#1389 = EDGE_CURVE ( 'NONE', #1682, #3900, #2827, .T. ) ;
#1390 = ORIENTED_EDGE ( 'NONE', *, *, #5330, .T. ) ;
#1391 = CARTESIAN_POINT ( 'NONE',  ( 0.2499400794764282674, -0.8709400794764280418, -6.000000000000000888 ) ) ;
#1392 = ORIENTED_EDGE ( 'NONE', *, *, #1808, .F. ) ;
#1393 = CARTESIAN_POINT ( 'NONE',  ( -0.1280000000000000027, 0.9630250000000000199, -6.000000000000000888 ) ) ;
#1394 = CARTESIAN_POINT ( 'NONE',  ( 0.4129999999999999227, -0.7499400794764283784, -6.000000000000000888 ) ) ;
#1395 = EDGE_CURVE ( 'NONE', #5525, #1196, #1146, .T. ) ;
#1396 = DIRECTION ( 'NONE',  ( 1.000000000000000000, 0.000000000000000000, 0.000000000000000000 ) ) ;
#1397 = AXIS2_PLACEMENT_3D ( 'NONE', #5543, #3407, #352 ) ;
#1398 = VECTOR ( 'NONE', #5124, 39.37007874015748143 ) ;
#1399 = DIRECTION ( 'NONE',  ( -1.000000000000000000, 0.000000000000000000, 0.000000000000000000 ) ) ;
#1400 = CYLINDRICAL_SURFACE ( 'NONE', #4252, 0.03697500000000002174 ) ;
#1401 = CARTESIAN_POINT ( 'NONE',  ( 0.4289532336714965144, 0.9952754672079547893, 6.000000000000000888 ) ) ;
#1402 = CARTESIAN_POINT ( 'NONE',  ( 0.1471391560048289637, 0.2913425540319414808, 6.000000000000000888 ) ) ;
#1403 = VECTOR ( 'NONE', #2477, 39.37007874015748143 ) ;
#1404 = ORIENTED_EDGE ( 'NONE', *, *, #216, .T. ) ;
#1405 = CARTESIAN_POINT ( 'NONE',  ( -0.4499749999999999028, -0.3719999999999999973, 6.000000000000000888 ) ) ;
#1406 = AXIS2_PLACEMENT_3D ( 'NONE', #3243, #3730, #1570 ) ;
#1407 = ORIENTED_EDGE ( 'NONE', *, *, #3741, .F. ) ;
#1408 = LINE ( 'NONE', #4756, #2339 ) ;
#1409 = CIRCLE ( 'NONE', #1129, 0.03697499999999995235 ) ;
#1410 = ORIENTED_EDGE ( 'NONE', *, *, #3281, .F. ) ;
#1411 = PLANE ( 'NONE',  #5499 ) ;
#1412 = CARTESIAN_POINT ( 'NONE',  ( -1.708498649160620184E-17, -0.5000000000000000000, 6.000000000000000888 ) ) ;
#1413 = VECTOR ( 'NONE', #4673, 39.37007874015748143 ) ;
#1414 = ORIENTED_EDGE ( 'NONE', *, *, #2829, .T. ) ;
#1415 = ADVANCED_FACE ( 'NONE', ( #2021 ), #632, .T. ) ;
#1416 = EDGE_CURVE ( 'NONE', #5525, #3378, #5010, .T. ) ;
#1417 = ORIENTED_EDGE ( 'NONE', *, *, #2179, .F. ) ;
#1418 = ORIENTED_EDGE ( 'NONE', *, *, #1454, .T. ) ;
#1419 = CARTESIAN_POINT ( 'NONE',  ( -0.4499749999999999028, 0.3719999999999999973, 6.000000000000000888 ) ) ;
#1420 = VERTEX_POINT ( 'NONE', #4149 ) ;
#1421 = ADVANCED_FACE ( 'NONE', ( #3283 ), #1090, .F. ) ;
#1422 = DIRECTION ( 'NONE',  ( 1.000000000000000000, -5.853698660590359132E-16, 0.000000000000000000 ) ) ;
#1423 = ORIENTED_EDGE ( 'NONE', *, *, #1277, .T. ) ;
#1424 = FACE_OUTER_BOUND ( 'NONE', #308, .T. ) ;
#1425 = CARTESIAN_POINT ( 'NONE',  ( 0.3912499999999999312, -0.01647256505515531932, -6.000000000000000888 ) ) ;
#1426 = DIRECTION ( 'NONE',  ( -2.926849330295178087E-16, -1.000000000000000000, 0.000000000000000000 ) ) ;
#1427 = ORIENTED_EDGE ( 'NONE', *, *, #3456, .T. ) ;
#1428 = EDGE_CURVE ( 'NONE', #5671, #2226, #5060, .T. ) ;
#1429 = DIRECTION ( 'NONE',  ( 1.000000000000000000, 0.000000000000000000, 0.000000000000000000 ) ) ;
#1430 = VECTOR ( 'NONE', #5468, 39.37007874015748143 ) ;
#1431 = DIRECTION ( 'NONE',  ( 0.000000000000000000, -1.000000000000000000, 0.000000000000000000 ) ) ;
#1432 = CARTESIAN_POINT ( 'NONE',  ( -0.1649749999999999550, 0.9129999999999999227, 6.000000000000000888 ) ) ;
#1433 = CARTESIAN_POINT ( 'NONE',  ( 0.2499400794764282674, -0.8709400794764280418, 6.000000000000000888 ) ) ;
#1434 = ORIENTED_EDGE ( 'NONE', *, *, #1674, .T. ) ;
#1435 = VECTOR ( 'NONE', #260, 39.37007874015748143 ) ;
#1436 = CARTESIAN_POINT ( 'NONE',  ( -0.1279999999999999472, -0.9499750000000000139, 6.000000000000000888 ) ) ;
#1437 = ORIENTED_EDGE ( 'NONE', *, *, #529, .T. ) ;
#1438 = CARTESIAN_POINT ( 'NONE',  ( -0.08519660197288733694, 0.6830000000000000515, -6.000000000000000888 ) ) ;
#1439 = VERTEX_POINT ( 'NONE', #1117 ) ;
#1440 = CARTESIAN_POINT ( 'NONE',  ( -1.708498649160620184E-17, 0.5000000000000000000, 6.000000000000000888 ) ) ;
#1441 = DIRECTION ( 'NONE',  ( -0.000000000000000000, 0.000000000000000000, 1.000000000000000000 ) ) ;
#1442 = ORIENTED_EDGE ( 'NONE', *, *, #1710, .F. ) ;
#1443 = EDGE_LOOP ( 'NONE', ( #2949, #4346, #256, #974 ) ) ;
#1444 = EDGE_LOOP ( 'NONE', ( #1125, #4520, #5260, #145 ) ) ;
#1445 = LINE ( 'NONE', #2835, #1744 ) ;
#1446 = ADVANCED_FACE ( 'NONE', ( #4633 ), #683, .F. ) ;
#1447 = EDGE_LOOP ( 'NONE', ( #3540, #2431, #4361, #1267 ) ) ;
#1448 = DIRECTION ( 'NONE',  ( -0.000000000000000000, 0.000000000000000000, -1.000000000000000000 ) ) ;
#1449 = ORIENTED_EDGE ( 'NONE', *, *, #3143, .F. ) ;
#1450 = LINE ( 'NONE', #2814, #5228 ) ;
#1451 = CARTESIAN_POINT ( 'NONE',  ( -0.08519660197288733694, 0.3169999999999999485, 6.000000000000000888 ) ) ;
#1452 = EDGE_CURVE ( 'NONE', #3659, #4666, #307, .T. ) ;
#1453 = EDGE_CURVE ( 'NONE', #4322, #2026, #1753, .T. ) ;
#1454 = EDGE_CURVE ( 'NONE', #3664, #832, #2135, .T. ) ;
#1455 = ORIENTED_EDGE ( 'NONE', *, *, #3528, .F. ) ;
#1456 = VECTOR ( 'NONE', #195, 39.37007874015748143 ) ;
#1457 = FACE_OUTER_BOUND ( 'NONE', #2722, .T. ) ;
#1458 = CARTESIAN_POINT ( 'NONE',  ( 0.1279999999999999472, 0.9499750000000000139, 6.000000000000000888 ) ) ;
#1459 = AXIS2_PLACEMENT_3D ( 'NONE', #1700, #5298, #2688 ) ;
#1460 = DIRECTION ( 'NONE',  ( 0.000000000000000000, 0.000000000000000000, -1.000000000000000000 ) ) ;
#1461 = DIRECTION ( 'NONE',  ( -1.000000000000000000, 0.000000000000000000, 0.000000000000000000 ) ) ;
#1462 = PRODUCT_RELATED_PRODUCT_CATEGORY ( 'detail', '', ( #3810 ) ) ;
#1463 = EDGE_CURVE ( 'NONE', #1638, #1508, #3478, .T. ) ;
#1464 = AXIS2_PLACEMENT_3D ( 'NONE', #299, #1192, #2959 ) ;
#1465 = ORIENTED_EDGE ( 'NONE', *, *, #223, .T. ) ;
#1466 = AXIS2_PLACEMENT_3D ( 'NONE', #1367, #2702, #1743 ) ;
#1467 = CYLINDRICAL_SURFACE ( 'NONE', #4078, 0.02174999999999998115 ) ;
#1468 = ORIENTED_EDGE ( 'NONE', *, *, #5565, .F. ) ;
#1469 = CARTESIAN_POINT ( 'NONE',  ( -0.4499749999999999028, 0.3350250000000000727, 6.000000000000000888 ) ) ;
#1470 = DIRECTION ( 'NONE',  ( 2.926849330295178087E-16, 1.000000000000000000, -0.000000000000000000 ) ) ;
#1471 = DIRECTION ( 'NONE',  ( -2.926849330295178087E-16, -1.000000000000000000, 0.000000000000000000 ) ) ;
#1472 = VECTOR ( 'NONE', #2062, 39.37007874015748143 ) ;
#1473 = LINE ( 'NONE', #3117, #4653 ) ;
#1474 = ORIENTED_EDGE ( 'NONE', *, *, #3530, .F. ) ;
#1475 = EDGE_LOOP ( 'NONE', ( #4223, #1104, #4712, #2828 ) ) ;
#1476 = ORIENTED_EDGE ( 'NONE', *, *, #5011, .T. ) ;
#1477 = DIRECTION ( 'NONE',  ( 0.7071067811865479058, 0.7071067811865472397, 0.000000000000000000 ) ) ;
#1478 = ORIENTED_EDGE ( 'NONE', *, *, #2281, .T. ) ;
#1479 = FACE_OUTER_BOUND ( 'NONE', #2465, .T. ) ;
#1480 = VERTEX_POINT ( 'NONE', #2565 ) ;
#1481 = DIRECTION ( 'NONE',  ( -1.000000000000000000, -1.607629870117495189E-15, 0.000000000000000000 ) ) ;
#1482 = ORIENTED_EDGE ( 'NONE', *, *, #2165, .F. ) ;
#1483 = ADVANCED_FACE ( 'NONE', ( #767 ), #1320, .F. ) ;
#1484 = EDGE_CURVE ( 'NONE', #3060, #835, #1990, .T. ) ;
#1485 = CARTESIAN_POINT ( 'NONE',  ( 0.1829999999999999682, -0.5000000000000000000, -6.000000000000000888 ) ) ;
#1486 = CARTESIAN_POINT ( 'NONE',  ( -0.4129999999999999227, -0.2500599205235715661, 6.000000000000000888 ) ) ;
#1487 = CARTESIAN_POINT ( 'NONE',  ( -0.4129999999999999227, 0.2500599205235715661, -6.000000000000000888 ) ) ;
#1488 = FACE_OUTER_BOUND ( 'NONE', #4607, .T. ) ;
#1489 = VECTOR ( 'NONE', #2533, 39.37007874015748143 ) ;
#1490 = CARTESIAN_POINT ( 'NONE',  ( -0.4066295724908073339, 0.03185213754596270125, -6.000000000000000888 ) ) ;
#1491 = ADVANCED_FACE ( 'NONE', ( #5203 ), #4286, .F. ) ;
#1492 = ORIENTED_EDGE ( 'NONE', *, *, #4908, .T. ) ;
#1493 = CARTESIAN_POINT ( 'NONE',  ( -0.4499749999999999028, 0.6280000000000000027, 6.000000000000000888 ) ) ;
#1494 = CARTESIAN_POINT ( 'NONE',  ( -0.1829999999999998572, -0.4148033980271126353, -6.000000000000000888 ) ) ;
#1495 = AXIS2_PLACEMENT_3D ( 'NONE', #4106, #1921, #5424 ) ;
#1496 = FACE_BOUND ( 'NONE', #556, .T. ) ;
#1497 = AXIS2_PLACEMENT_3D ( 'NONE', #1774, #3103, #4853 ) ;
#1498 = DIRECTION ( 'NONE',  ( -0.000000000000000000, -0.000000000000000000, -1.000000000000000000 ) ) ;
#1499 = VERTEX_POINT ( 'NONE', #3940 ) ;
#1500 = VECTOR ( 'NONE', #4798, 39.37007874015748143 ) ;
#1501 = AXIS2_PLACEMENT_3D ( 'NONE', #4805, #4004, #1378 ) ;
#1502 = EDGE_CURVE ( 'NONE', #1250, #286, #3258, .T. ) ;
#1503 = ORIENTED_EDGE ( 'NONE', *, *, #1660, .F. ) ;
#1504 = ORIENTED_EDGE ( 'NONE', *, *, #4158, .T. ) ;
#1505 = LINE ( 'NONE', #3606, #3674 ) ;
#1506 = AXIS2_PLACEMENT_3D ( 'NONE', #3649, #4569, #2789 ) ;
#1507 = VECTOR ( 'NONE', #4396, 39.37007874015748143 ) ;
#1508 = VERTEX_POINT ( 'NONE', #3415 ) ;
#1509 = VECTOR ( 'NONE', #939, 39.37007874015748143 ) ;
#1510 = FACE_OUTER_BOUND ( 'NONE', #2694, .T. ) ;
#1511 = VERTEX_POINT ( 'NONE', #2537 ) ;
#1512 = DIRECTION ( 'NONE',  ( 1.000000000000000000, 0.000000000000000000, 0.000000000000000000 ) ) ;
#1513 = APPROVAL_ROLE ( '' ) ;
#1514 = VERTEX_POINT ( 'NONE', #394 ) ;
#1515 = DIRECTION ( 'NONE',  ( 0.000000000000000000, 0.000000000000000000, -1.000000000000000000 ) ) ;
#1516 = CARTESIAN_POINT ( 'NONE',  ( -0.3709400794764278753, -0.7499400794764283784, 6.000000000000000888 ) ) ;
#1517 = LINE ( 'NONE', #4598, #535 ) ;
#1518 = CARTESIAN_POINT ( 'NONE',  ( 0.08519660197288735082, -0.2293999999999998818, 6.000000000000000888 ) ) ;
#1519 = EDGE_CURVE ( 'NONE', #2609, #3006, #4776, .T. ) ;
#1520 = VECTOR ( 'NONE', #3337, 39.37007874015748143 ) ;
#1521 = DIRECTION ( 'NONE',  ( -1.000000000000000000, 0.000000000000000000, 0.000000000000000000 ) ) ;
#1522 = ORIENTED_EDGE ( 'NONE', *, *, #4058, .F. ) ;
#1523 = DIRECTION ( 'NONE',  ( 0.000000000000000000, 1.000000000000000000, 0.000000000000000000 ) ) ;
#1524 = CARTESIAN_POINT ( 'NONE',  ( 0.1024999999999999800, 0.5000000000000000000, 6.000000000000000888 ) ) ;
#1525 = DIRECTION ( 'NONE',  ( -0.000000000000000000, 0.000000000000000000, -1.000000000000000000 ) ) ;
#1526 = CARTESIAN_POINT ( 'NONE',  ( -0.2064400794764282288, -1.000000000000000000, -6.000000000000000888 ) ) ;
#1527 = EDGE_CURVE ( 'NONE', #5333, #4255, #4342, .T. ) ;
#1528 = VECTOR ( 'NONE', #3587, 39.37007874015748143 ) ;
#1529 = ORIENTED_EDGE ( 'NONE', *, *, #5652, .F. ) ;
#1530 = ORIENTED_EDGE ( 'NONE', *, *, #5461, .F. ) ;
#1531 = ORIENTED_EDGE ( 'NONE', *, *, #1989, .T. ) ;
#1532 = CYLINDRICAL_SURFACE ( 'NONE', #4595, 0.04205992052357206135 ) ;
#1533 = EDGE_CURVE ( 'NONE', #3610, #2552, #1261, .T. ) ;
#1534 = ORIENTED_EDGE ( 'NONE', *, *, #792, .T. ) ;
#1535 = PLANE ( 'NONE',  #4173 ) ;
#1536 = EDGE_LOOP ( 'NONE', ( #1855, #4807, #5273, #5371 ) ) ;
#1537 = DIRECTION ( 'NONE',  ( 0.000000000000000000, -0.000000000000000000, 1.000000000000000000 ) ) ;
#1538 = PERSON_AND_ORGANIZATION ( #693, #3576 ) ;
#1539 = VERTEX_POINT ( 'NONE', #2592 ) ;
#1540 = DIRECTION ( 'NONE',  ( -0.000000000000000000, -0.000000000000000000, -1.000000000000000000 ) ) ;
#1541 = CARTESIAN_POINT ( 'NONE',  ( 0.2086574459680583804, 0.6471391560048290748, 6.000000000000000888 ) ) ;
#1542 = DIRECTION ( 'NONE',  ( 0.000000000000000000, -0.000000000000000000, 1.000000000000000000 ) ) ;
#1543 = CARTESIAN_POINT ( 'NONE',  ( -0.1280000000000000027, 0.9630250000000000199, 6.000000000000000888 ) ) ;
#1544 = VECTOR ( 'NONE', #4285, 39.37007874015748143 ) ;
#1545 = DIRECTION ( 'NONE',  ( -0.000000000000000000, -0.000000000000000000, -1.000000000000000000 ) ) ;
#1546 = VECTOR ( 'NONE', #3302, 39.37007874015748143 ) ;
#1547 = ORIENTED_EDGE ( 'NONE', *, *, #550, .F. ) ;
#1548 = DIRECTION ( 'NONE',  ( -0.000000000000000000, -0.000000000000000000, -1.000000000000000000 ) ) ;
#1549 = CARTESIAN_POINT ( 'NONE',  ( 0.5000000000000001110, -0.7064400794764282843, -6.000000000000000888 ) ) ;
#1550 = CARTESIAN_POINT ( 'NONE',  ( -0.4129999999999999227, -0.2500599205235715661, 6.000000000000000888 ) ) ;
#1551 = VECTOR ( 'NONE', #4852, 39.37007874015748143 ) ;
#1552 = ORIENTED_EDGE ( 'NONE', *, *, #3699, .T. ) ;
#1553 = EDGE_CURVE ( 'NONE', #4412, #5472, #2191, .T. ) ;
#1554 = ORIENTED_EDGE ( 'NONE', *, *, #1100, .T. ) ;
#1555 = EDGE_CURVE ( 'NONE', #4666, #1069, #2804, .T. ) ;
#1556 = AXIS2_PLACEMENT_3D ( 'NONE', #899, #2150, #3957 ) ;
#1557 = EDGE_LOOP ( 'NONE', ( #3830, #28, #1418, #1919 ) ) ;
#1558 = LINE ( 'NONE', #3315, #4306 ) ;
#1559 = CARTESIAN_POINT ( 'NONE',  ( -0.4499749999999999028, -0.6649749999999998717, 6.000000000000000888 ) ) ;
#1560 = ORIENTED_EDGE ( 'NONE', *, *, #1326, .F. ) ;
#1561 = AXIS2_PLACEMENT_3D ( 'NONE', #1882, #5439, #3684 ) ;
#1562 = DIRECTION ( 'NONE',  ( -1.000000000000000000, 0.000000000000000000, 0.000000000000000000 ) ) ;
#1563 = EDGE_CURVE ( 'NONE', #1321, #1511, #860, .T. ) ;
#1564 = ORIENTED_EDGE ( 'NONE', *, *, #575, .T. ) ;
#1565 = DIRECTION ( 'NONE',  ( -1.000000000000000000, 0.000000000000000000, 0.000000000000000000 ) ) ;
#1566 = APPROVAL_DATE_TIME ( #1051, #4267 ) ;
#1567 = EDGE_LOOP ( 'NONE', ( #4182, #4833, #522, #2721 ) ) ;
#1568 = DIRECTION ( 'NONE',  ( 0.000000000000000000, -0.000000000000000000, -1.000000000000000000 ) ) ;
#1569 = EDGE_CURVE ( 'NONE', #3508, #3639, #4254, .T. ) ;
#1570 = DIRECTION ( 'NONE',  ( -1.000000000000000000, 0.000000000000000000, 0.000000000000000000 ) ) ;
#1571 = CARTESIAN_POINT ( 'NONE',  ( -0.4499749999999999028, -0.3350250000000000727, -6.000000000000000888 ) ) ;
#1572 = DIRECTION ( 'NONE',  ( 0.000000000000000000, -0.000000000000000000, -1.000000000000000000 ) ) ;
#1573 = PLANE ( 'NONE',  #859 ) ;
#1574 = ORIENTED_EDGE ( 'NONE', *, *, #4098, .T. ) ;
#1575 = DIRECTION ( 'NONE',  ( 1.000000000000000000, 0.000000000000000000, 0.000000000000000000 ) ) ;
#1576 = CARTESIAN_POINT ( 'NONE',  ( -0.08519660197288733694, -0.3169999999999999485, -6.000000000000000888 ) ) ;
#1577 = DIRECTION ( 'NONE',  ( -2.926849330295178580E-16, -1.000000000000000000, 0.000000000000000000 ) ) ;
#1578 = ORIENTED_EDGE ( 'NONE', *, *, #1076, .T. ) ;
#1579 = VECTOR ( 'NONE', #3128, 39.37007874015748143 ) ;
#1580 = VERTEX_POINT ( 'NONE', #3450 ) ;
#1581 = AXIS2_PLACEMENT_3D ( 'NONE', #1340, #4424, #5688 ) ;
#1582 = ORIENTED_EDGE ( 'NONE', *, *, #36, .T. ) ;
#1583 = CARTESIAN_POINT ( 'NONE',  ( -0.2281900794764282203, -1.000000000000000000, -6.000000000000000888 ) ) ;
#1584 = CARTESIAN_POINT ( 'NONE',  ( 0.1471391560048289637, 0.7086574459680585747, 6.000000000000000888 ) ) ;
#1585 = AXIS2_PLACEMENT_3D ( 'NONE', #1103, #2865, #4610 ) ;
#1586 = VECTOR ( 'NONE', #1960, 39.37007874015748143 ) ;
#1587 = VERTEX_POINT ( 'NONE', #1292 ) ;
#1588 = EDGE_CURVE ( 'NONE', #1266, #1682, #1600, .T. ) ;
#1589 = DIRECTION ( 'NONE',  ( -0.000000000000000000, 0.000000000000000000, 1.000000000000000000 ) ) ;
#1590 = ORIENTED_EDGE ( 'NONE', *, *, #1703, .T. ) ;
#1591 = AXIS2_PLACEMENT_3D ( 'NONE', #3937, #4054, #3505 ) ;
#1592 = DIRECTION ( 'NONE',  ( 1.000000000000000000, 0.000000000000000000, 0.000000000000000000 ) ) ;
#1593 = AXIS2_PLACEMENT_3D ( 'NONE', #4481, #475, #2646 ) ;
#1594 = ORIENTED_EDGE ( 'NONE', *, *, #3929, .F. ) ;
#1595 = AXIS2_PLACEMENT_3D ( 'NONE', #4056, #3167, #1812 ) ;
#1596 = EDGE_CURVE ( 'NONE', #52, #2515, #1637, .T. ) ;
#1597 = VECTOR ( 'NONE', #3692, 39.37007874015748143 ) ;
#1598 = DIRECTION ( 'NONE',  ( -1.000000000000000000, 0.000000000000000000, 0.000000000000000000 ) ) ;
#1599 = DIRECTION ( 'NONE',  ( 0.000000000000000000, -0.000000000000000000, -1.000000000000000000 ) ) ;
#1600 = CIRCLE ( 'NONE', #4453, 0.04205992052357206135 ) ;
#1601 = LINE ( 'NONE', #1627, #3188 ) ;
#1602 = CARTESIAN_POINT ( 'NONE',  ( 0.4129999999999999227, 0.2500599205235715661, -6.000000000000000888 ) ) ;
#1603 = ADVANCED_FACE ( 'NONE', ( #5606 ), #133, .F. ) ;
#1604 = DIRECTION ( 'NONE',  ( -0.000000000000000000, 0.000000000000000000, -1.000000000000000000 ) ) ;
#1605 = ORIENTED_EDGE ( 'NONE', *, *, #4509, .F. ) ;
#1606 = DIRECTION ( 'NONE',  ( 1.000000000000000000, 0.000000000000000000, 0.000000000000000000 ) ) ;
#1607 = DIRECTION ( 'NONE',  ( 1.000000000000000000, 0.000000000000000000, 0.000000000000000000 ) ) ;
#1608 = CARTESIAN_POINT ( 'NONE',  ( -0.4129999999999999227, -0.7499400794764283784, 6.000000000000000888 ) ) ;
#1609 = VECTOR ( 'NONE', #3658, 39.37007874015748143 ) ;
#1610 = VERTEX_POINT ( 'NONE', #450 ) ;
#1611 = CARTESIAN_POINT ( 'NONE',  ( 0.5000000000000001110, -0.3350250000000000727, 6.000000000000000888 ) ) ;
#1612 = ORIENTED_EDGE ( 'NONE', *, *, #2731, .T. ) ;
#1613 = ORIENTED_EDGE ( 'NONE', *, *, #229, .F. ) ;
#1614 = DIRECTION ( 'NONE',  ( 2.926849330295178087E-16, -1.000000000000000000, 0.000000000000000000 ) ) ;
#1615 = DIRECTION ( 'NONE',  ( 1.000000000000000000, 0.000000000000000000, 0.000000000000000000 ) ) ;
#1616 = VECTOR ( 'NONE', #590, 39.37007874015748143 ) ;
#1617 = ORIENTED_EDGE ( 'NONE', *, *, #2839, .T. ) ;
#1618 = CARTESIAN_POINT ( 'NONE',  ( -0.2086574459680583804, -0.6471391560048290748, 6.000000000000000888 ) ) ;
#1619 = EDGE_LOOP ( 'NONE', ( #1849, #304, #4061, #372 ) ) ;
#1620 = PLANE ( 'NONE',  #4502 ) ;
#1621 = VERTEX_POINT ( 'NONE', #1402 ) ;
#1622 = LINE ( 'NONE', #295, #4343 ) ;
#1623 = EDGE_CURVE ( 'NONE', #22, #4461, #3082, .T. ) ;
#1624 = CARTESIAN_POINT ( 'NONE',  ( -0.2086574459680583804, 0.3528608439951709252, 6.000000000000000888 ) ) ;
#1625 = EDGE_CURVE ( 'NONE', #2813, #3914, #2338, .T. ) ;
#1626 = CC_DESIGN_PERSON_AND_ORGANIZATION_ASSIGNMENT ( #5312, #3073, ( #3810 ) ) ;
#1627 = CARTESIAN_POINT ( 'NONE',  ( 0.4630250000000000199, -0.6280000000000000027, 6.000000000000000888 ) ) ;
#1628 = CARTESIAN_POINT ( 'NONE',  ( 0.1649749999999999550, 1.000000000000000000, 6.000000000000000888 ) ) ;
#1629 = LINE ( 'NONE', #384, #2513 ) ;
#1630 = DIRECTION ( 'NONE',  ( 1.607629870117495978E-15, 1.000000000000000000, 0.000000000000000000 ) ) ;
#1631 = EDGE_LOOP ( 'NONE', ( #723, #3292, #4470, #1362 ) ) ;
#1632 = DIRECTION ( 'NONE',  ( 0.000000000000000000, 0.000000000000000000, 1.000000000000000000 ) ) ;
#1633 = ADVANCED_FACE ( 'NONE', ( #4888 ), #4428, .F. ) ;
#1634 = ADVANCED_FACE ( 'NONE', ( #3138 ), #5346, .F. ) ;
#1635 = CARTESIAN_POINT ( 'NONE',  ( -0.5000000000000001110, 0.7499400794764282674, -6.000000000000000888 ) ) ;
#1636 = CIRCLE ( 'NONE', #5679, 0.03697499999999995235 ) ;
#1637 = LINE ( 'NONE', #3392, #2620 ) ;
#1638 = VERTEX_POINT ( 'NONE', #4858 ) ;
#1639 = AXIS2_PLACEMENT_3D ( 'NONE', #1116, #2881, #826 ) ;
#1640 = CARTESIAN_POINT ( 'NONE',  ( -0.08519660197288735082, 0.7706000000000000627, 6.000000000000000888 ) ) ;
#1641 = ORIENTED_EDGE ( 'NONE', *, *, #2389, .T. ) ;
#1642 = EDGE_CURVE ( 'NONE', #4067, #5038, #2682, .T. ) ;
#1643 = ORIENTED_EDGE ( 'NONE', *, *, #3781, .F. ) ;
#1644 = DIRECTION ( 'NONE',  ( -0.000000000000000000, -0.000000000000000000, -1.000000000000000000 ) ) ;
#1645 = CIRCLE ( 'NONE', #720, 0.02174999999999998115 ) ;
#1646 = DIRECTION ( 'NONE',  ( 0.000000000000000000, 0.000000000000000000, 1.000000000000000000 ) ) ;
#1647 = VERTEX_POINT ( 'NONE', #71 ) ;
#1648 = VECTOR ( 'NONE', #1249, 39.37007874015748143 ) ;
#1649 = CARTESIAN_POINT ( 'NONE',  ( -0.4630250000000000199, 0.3719999999999999973, -6.000000000000000888 ) ) ;
#1650 = DIRECTION ( 'NONE',  ( 0.000000000000000000, 0.000000000000000000, 1.000000000000000000 ) ) ;
#1651 = ORIENTED_EDGE ( 'NONE', *, *, #5609, .T. ) ;
#1652 = PLANE ( 'NONE',  #3671 ) ;
#1653 = CIRCLE ( 'NONE', #1839, 0.02175000000000001238 ) ;
#1654 = ORIENTED_EDGE ( 'NONE', *, *, #1348, .F. ) ;
#1655 = CARTESIAN_POINT ( 'NONE',  ( -0.2086574459680583804, -0.3528608439951709252, 6.000000000000000888 ) ) ;
#1656 = CARTESIAN_POINT ( 'NONE',  ( 0.4630250000000000199, 0.3719999999999999973, -6.000000000000000888 ) ) ;
#1657 = CARTESIAN_POINT ( 'NONE',  ( 0.2705999999999998962, -0.5851966019728873647, -6.000000000000000888 ) ) ;
#1658 = DIRECTION ( 'NONE',  ( 1.000000000000000000, 0.000000000000000000, 0.000000000000000000 ) ) ;
#1659 = LINE ( 'NONE', #1602, #2419 ) ;
#1660 = EDGE_CURVE ( 'NONE', #3231, #3185, #4728, .T. ) ;
#1661 = ADVANCED_FACE ( 'NONE', ( #1843 ), #4946, .F. ) ;
#1662 = CARTESIAN_POINT ( 'NONE',  ( -0.5000000000000001110, -0.6649749999999998717, -6.000000000000000888 ) ) ;
#1663 = CARTESIAN_POINT ( 'NONE',  ( 0.4289532336714965144, 0.9952754672079547893, -2.185478394931410575E-15 ) ) ;
#1664 = DIRECTION ( 'NONE',  ( -1.000000000000000000, -5.853698660590358146E-16, 0.000000000000000000 ) ) ;
#1665 = CARTESIAN_POINT ( 'NONE',  ( 0.4499749999999999028, 0.3719999999999999973, -6.000000000000000888 ) ) ;
#1666 = ORIENTED_EDGE ( 'NONE', *, *, #4875, .F. ) ;
#1667 = ADVANCED_FACE ( 'NONE', ( #4001 ), #3592, .F. ) ;
#1668 = DIRECTION ( 'NONE',  ( -0.000000000000000000, -0.000000000000000000, -1.000000000000000000 ) ) ;
#1669 = EDGE_LOOP ( 'NONE', ( #2570, #959, #889, #2717 ) ) ;
#1670 = ORIENTED_EDGE ( 'NONE', *, *, #2288, .T. ) ;
#1671 = LINE ( 'NONE', #4608, #4871 ) ;
#1672 = DIRECTION ( 'NONE',  ( -0.7071067811865472397, 0.7071067811865479058, 0.000000000000000000 ) ) ;
#1673 = ORIENTED_EDGE ( 'NONE', *, *, #4100, .T. ) ;
#1674 = EDGE_CURVE ( 'NONE', #468, #4461, #969, .T. ) ;
#1675 = CIRCLE ( 'NONE', #2877, 0.08760000000000003895 ) ;
#1676 = DIRECTION ( 'NONE',  ( 0.000000000000000000, -0.000000000000000000, 1.000000000000000000 ) ) ;
#1677 = CARTESIAN_POINT ( 'NONE',  ( 0.5000000000000001110, 0.3350250000000000727, -6.000000000000000888 ) ) ;
#1678 = ORIENTED_EDGE ( 'NONE', *, *, #901, .T. ) ;
#1679 = DIRECTION ( 'NONE',  ( 0.7071067811865472397, 0.7071067811865479058, 0.000000000000000000 ) ) ;
#1680 = CIRCLE ( 'NONE', #5627, 0.03697499999999995235 ) ;
#1681 = CIRCLE ( 'NONE', #3792, 0.02174999999999998115 ) ;
#1682 = VERTEX_POINT ( 'NONE', #13 ) ;
#1683 = AXIS2_PLACEMENT_3D ( 'NONE', #4370, #1779, #506 ) ;
#1684 = AXIS2_PLACEMENT_3D ( 'NONE', #1109, #5484, #593 ) ;
#1685 = DIRECTION ( 'NONE',  ( 0.000000000000000000, 0.000000000000000000, 1.000000000000000000 ) ) ;
#1686 = DIRECTION ( 'NONE',  ( 1.000000000000000000, 0.000000000000000000, 0.000000000000000000 ) ) ;
#1687 = DIRECTION ( 'NONE',  ( 0.000000000000000000, -0.000000000000000000, -1.000000000000000000 ) ) ;
#1688 = DIRECTION ( 'NONE',  ( -1.000000000000000000, 0.000000000000000000, 0.000000000000000000 ) ) ;
#1689 = DIRECTION ( 'NONE',  ( -0.000000000000000000, -0.000000000000000000, -1.000000000000000000 ) ) ;
#1690 = AXIS2_PLACEMENT_3D ( 'NONE', #1895, #2727, #1422 ) ;
#1691 = CARTESIAN_POINT ( 'NONE',  ( -0.4129999999999999227, 0.2500599205235715661, 6.000000000000000888 ) ) ;
#1692 = DIRECTION ( 'NONE',  ( 0.000000000000000000, -1.000000000000000000, 0.000000000000000000 ) ) ;
#1693 = DIRECTION ( 'NONE',  ( -0.000000000000000000, -0.000000000000000000, -1.000000000000000000 ) ) ;
#1694 = EDGE_CURVE ( 'NONE', #17, #991, #2737, .T. ) ;
#1695 = CARTESIAN_POINT ( 'NONE',  ( 0.5000000000000001110, -0.6649749999999998717, 6.000000000000000888 ) ) ;
#1696 = ORIENTED_EDGE ( 'NONE', *, *, #2899, .F. ) ;
#1697 = DIRECTION ( 'NONE',  ( 0.000000000000000000, 0.000000000000000000, -1.000000000000000000 ) ) ;
#1698 = ORIENTED_EDGE ( 'NONE', *, *, #5437, .T. ) ;
#1699 = ORIENTED_EDGE ( 'NONE', *, *, #5531, .F. ) ;
#1700 = CARTESIAN_POINT ( 'NONE',  ( 0.5000000000000000000, 0.2718099205235717242, 6.000000000000000888 ) ) ;
#1701 = EDGE_CURVE ( 'NONE', #2664, #1992, #1376, .T. ) ;
#1702 = CARTESIAN_POINT ( 'NONE',  ( 0.1649749999999999550, -0.9630250000000000199, 6.000000000000000888 ) ) ;
#1703 = EDGE_CURVE ( 'NONE', #459, #3711, #5405, .T. ) ;
#1704 = ORIENTED_EDGE ( 'NONE', *, *, #1563, .F. ) ;
#1705 = CIRCLE ( 'NONE', #4010, 0.03697499999999995235 ) ;
#1706 = DIRECTION ( 'NONE',  ( -0.000000000000000000, 0.000000000000000000, 1.000000000000000000 ) ) ;
#1707 = CARTESIAN_POINT ( 'NONE',  ( 2.731847993664263218E-16, 0.6830000000000000515, 6.000000000000000888 ) ) ;
#1708 = ORIENTED_EDGE ( 'NONE', *, *, #116, .F. ) ;
#1709 = DIRECTION ( 'NONE',  ( -1.000000000000000000, 0.000000000000000000, 0.000000000000000000 ) ) ;
#1710 = EDGE_CURVE ( 'NONE', #5061, #4123, #478, .T. ) ;
#1711 = ORIENTED_EDGE ( 'NONE', *, *, #530, .T. ) ;
#1712 = AXIS2_PLACEMENT_3D ( 'NONE', #5249, #4824, #2643 ) ;
#1713 = DIRECTION ( 'NONE',  ( 0.000000000000000000, -1.000000000000000000, 0.000000000000000000 ) ) ;
#1714 = DIRECTION ( 'NONE',  ( -0.000000000000000000, 0.000000000000000000, -1.000000000000000000 ) ) ;
#1715 = CARTESIAN_POINT ( 'NONE',  ( -0.08519660197288733694, 0.3169999999999999485, -6.000000000000000888 ) ) ;
#1716 = DIRECTION ( 'NONE',  ( -0.000000000000000000, 0.000000000000000000, 1.000000000000000000 ) ) ;
#1717 = CARTESIAN_POINT ( 'NONE',  ( -0.5000000000000000000, -0.07052743494484452202, 6.000000000000000888 ) ) ;
#1718 = DIRECTION ( 'NONE',  ( 0.000000000000000000, 0.000000000000000000, -1.000000000000000000 ) ) ;
#1719 = DIRECTION ( 'NONE',  ( -1.000000000000000000, 0.000000000000000000, 0.000000000000000000 ) ) ;
#1720 = DIRECTION ( 'NONE',  ( -1.000000000000000000, -1.607629870117495189E-15, 0.000000000000000000 ) ) ;
#1721 = DIRECTION ( 'NONE',  ( 0.7071067811865472397, 0.7071067811865479058, 0.000000000000000000 ) ) ;
#1722 = EDGE_LOOP ( 'NONE', ( #4873, #3777, #892, #2497 ) ) ;
#1723 = LINE ( 'NONE', #798, #2249 ) ;
#1724 = AXIS2_PLACEMENT_3D ( 'NONE', #2018, #4576, #4120 ) ;
#1725 = ORIENTED_EDGE ( 'NONE', *, *, #4454, .F. ) ;
#1726 = ORIENTED_EDGE ( 'NONE', *, *, #3469, .F. ) ;
#1727 = LINE ( 'NONE', #4008, #2933 ) ;
#1728 = LINE ( 'NONE', #3400, #691 ) ;
#1729 = VECTOR ( 'NONE', #2043, 39.37007874015748143 ) ;
#1730 = ORIENTED_EDGE ( 'NONE', *, *, #65, .T. ) ;
#1731 = EDGE_CURVE ( 'NONE', #2074, #2700, #2713, .T. ) ;
#1732 = EDGE_CURVE ( 'NONE', #2700, #4349, #885, .T. ) ;
#1733 = VECTOR ( 'NONE', #2861, 39.37007874015748143 ) ;
#1734 = DIRECTION ( 'NONE',  ( -0.000000000000000000, -0.000000000000000000, -1.000000000000000000 ) ) ;
#1735 = ORIENTED_EDGE ( 'NONE', *, *, #4383, .F. ) ;
#1736 = CARTESIAN_POINT ( 'NONE',  ( -0.5000000000000001110, 0.6649749999999998717, 6.000000000000000888 ) ) ;
#1737 = CIRCLE ( 'NONE', #4409, 0.02175000000000001238 ) ;
#1738 = ORIENTED_EDGE ( 'NONE', *, *, #3212, .F. ) ;
#1739 = VECTOR ( 'NONE', #290, 39.37007874015748143 ) ;
#1740 = ADVANCED_FACE ( 'NONE', ( #1784 ), #3538, .F. ) ;
#1741 = DIRECTION ( 'NONE',  ( -0.000000000000000000, 0.000000000000000000, -1.000000000000000000 ) ) ;
#1742 = ORIENTED_EDGE ( 'NONE', *, *, #4138, .T. ) ;
#1743 = DIRECTION ( 'NONE',  ( -1.000000000000000000, 0.000000000000000000, 0.000000000000000000 ) ) ;
#1744 = VECTOR ( 'NONE', #2749, 39.37007874015748143 ) ;
#1745 = DIRECTION ( 'NONE',  ( -1.607629870117495978E-15, 1.000000000000000000, 0.000000000000000000 ) ) ;
#1746 = MECHANICAL_CONTEXT ( 'NONE', #804, 'mechanical' ) ;
#1747 = DIRECTION ( 'NONE',  ( 0.000000000000000000, 1.000000000000000000, 0.000000000000000000 ) ) ;
#1748 = EDGE_CURVE ( 'NONE', #5021, #3986, #5542, .T. ) ;
#1749 = EDGE_CURVE ( 'NONE', #4750, #4489, #2417, .T. ) ;
#1750 = DIRECTION ( 'NONE',  ( 1.000000000000000000, 0.000000000000000000, 0.000000000000000000 ) ) ;
#1751 = CYLINDRICAL_SURFACE ( 'NONE', #1683, 0.03697499999999995235 ) ;
#1752 = CARTESIAN_POINT ( 'NONE',  ( 0.4499749999999999028, -0.6280000000000000027, -6.000000000000000888 ) ) ;
#1753 = LINE ( 'NONE', #4717, #3547 ) ;
#1754 = ORIENTED_EDGE ( 'NONE', *, *, #5244, .T. ) ;
#1755 = ORIENTED_EDGE ( 'NONE', *, *, #1989, .F. ) ;
#1756 = DIRECTION ( 'NONE',  ( -1.000000000000000000, 0.000000000000000000, 0.000000000000000000 ) ) ;
#1757 = ORIENTED_EDGE ( 'NONE', *, *, #4866, .F. ) ;
#1758 = EDGE_LOOP ( 'NONE', ( #4433, #607 ) ) ;
#1759 = CARTESIAN_POINT ( 'NONE',  ( -0.1649749999999999550, 1.000000000000000000, -6.000000000000000888 ) ) ;
#1760 = CARTESIAN_POINT ( 'NONE',  ( 0.1280000000000000027, 0.9630250000000000199, 6.000000000000000888 ) ) ;
#1761 = ORIENTED_EDGE ( 'NONE', *, *, #5147, .F. ) ;
#1762 = ORIENTED_EDGE ( 'NONE', *, *, #2092, .F. ) ;
#1763 = ORIENTED_EDGE ( 'NONE', *, *, #2204, .T. ) ;
#1764 = DIRECTION ( 'NONE',  ( -0.000000000000000000, -0.000000000000000000, -1.000000000000000000 ) ) ;
#1765 = EDGE_CURVE ( 'NONE', #942, #2140, #3245, .T. ) ;
#1766 = ORIENTED_EDGE ( 'NONE', *, *, #1596, .F. ) ;
#1767 = DIRECTION ( 'NONE',  ( -0.000000000000000000, -0.000000000000000000, -1.000000000000000000 ) ) ;
#1768 = ORIENTED_EDGE ( 'NONE', *, *, #3195, .F. ) ;
#1769 = AXIS2_PLACEMENT_3D ( 'NONE', #569, #975, #374 ) ;
#1770 = DIRECTION ( 'NONE',  ( 1.000000000000000000, 0.000000000000000000, 0.000000000000000000 ) ) ;
#1771 = VECTOR ( 'NONE', #1193, 39.37007874015748143 ) ;
#1772 = DIRECTION ( 'NONE',  ( 1.000000000000000000, 1.607629870117495978E-15, 0.000000000000000000 ) ) ;
#1773 = CARTESIAN_POINT ( 'NONE',  ( -0.1649749999999999550, -1.000000000000000000, -6.000000000000000888 ) ) ;
#1774 = CARTESIAN_POINT ( 'NONE',  ( -0.2281900794764282203, 1.000000000000000000, 6.000000000000000888 ) ) ;
#1775 = EDGE_CURVE ( 'NONE', #434, #2653, #1783, .T. ) ;
#1776 = AXIS2_PLACEMENT_3D ( 'NONE', #1516, #5457, #1985 ) ;
#1777 = AXIS2_PLACEMENT_3D ( 'NONE', #3762, #5408, #1521 ) ;
#1778 = CARTESIAN_POINT ( 'NONE',  ( -0.08519660197288735082, 0.2293999999999998818, 6.000000000000000888 ) ) ;
#1779 = DIRECTION ( 'NONE',  ( -0.000000000000000000, 0.000000000000000000, -1.000000000000000000 ) ) ;
#1780 = CARTESIAN_POINT ( 'NONE',  ( 0.2086574459680583804, -0.6471391560048290748, 6.000000000000000888 ) ) ;
#1781 = VECTOR ( 'NONE', #5403, 39.37007874015748143 ) ;
#1782 = VECTOR ( 'NONE', #3021, 39.37007874015748143 ) ;
#1783 = CIRCLE ( 'NONE', #4999, 0.1016812500000000008 ) ;
#1784 = FACE_OUTER_BOUND ( 'NONE', #1536, .T. ) ;
#1785 = EDGE_CURVE ( 'NONE', #1420, #942, #3713, .T. ) ;
#1786 = ORIENTED_EDGE ( 'NONE', *, *, #322, .T. ) ;
#1787 = ORIENTED_EDGE ( 'NONE', *, *, #3922, .T. ) ;
#1788 = CIRCLE ( 'NONE', #3994, 0.03697500000000002174 ) ;
#1789 = CARTESIAN_POINT ( 'NONE',  ( 0.1649749999999999550, -1.000000000000000000, 6.000000000000000888 ) ) ;
#1790 = ORIENTED_EDGE ( 'NONE', *, *, #1237, .F. ) ;
#1791 = ORIENTED_EDGE ( 'NONE', *, *, #5646, .F. ) ;
#1792 = CARTESIAN_POINT ( 'NONE',  ( 0.2499400794764282674, -0.8709400794764280418, 6.000000000000000888 ) ) ;
#1793 = DIRECTION ( 'NONE',  ( -0.000000000000000000, -0.000000000000000000, -1.000000000000000000 ) ) ;
#1794 = ORIENTED_EDGE ( 'NONE', *, *, #3670, .T. ) ;
#1795 = ORIENTED_EDGE ( 'NONE', *, *, #12, .F. ) ;
#1796 = VERTEX_POINT ( 'NONE', #624 ) ;
#1797 = CARTESIAN_POINT ( 'NONE',  ( 0.4630250000000000199, -0.6649749999999998717, 6.000000000000000888 ) ) ;
#1798 = ORIENTED_EDGE ( 'NONE', *, *, #65, .F. ) ;
#1799 = VECTOR ( 'NONE', #5174, 39.37007874015748143 ) ;
#1800 = CARTESIAN_POINT ( 'NONE',  ( 0.1649749999999999550, -0.9630250000000000199, 6.000000000000000888 ) ) ;
#1801 = ORIENTED_EDGE ( 'NONE', *, *, #3076, .T. ) ;
#1802 = DIRECTION ( 'NONE',  ( -1.000000000000000000, 0.000000000000000000, 0.000000000000000000 ) ) ;
#1803 = DIRECTION ( 'NONE',  ( -0.000000000000000000, 0.000000000000000000, 1.000000000000000000 ) ) ;
#1804 =( NAMED_UNIT ( * ) SI_UNIT ( $, .STERADIAN. ) SOLID_ANGLE_UNIT ( ) );
#1805 = DIRECTION ( 'NONE',  ( -0.000000000000000000, -0.000000000000000000, -1.000000000000000000 ) ) ;
#1806 = VECTOR ( 'NONE', #2097, 39.37007874015748143 ) ;
#1807 = EDGE_CURVE ( 'NONE', #4256, #3748, #3438, .T. ) ;
#1808 = EDGE_CURVE ( 'NONE', #2866, #5472, #3221, .T. ) ;
#1809 = PLANE ( 'NONE',  #1593 ) ;
#1810 = CARTESIAN_POINT ( 'NONE',  ( -0.2705999999999998962, -0.5851966019728873647, 6.000000000000000888 ) ) ;
#1811 = CARTESIAN_POINT ( 'NONE',  ( -0.1649749999999999550, 0.9129999999999999227, 6.000000000000000888 ) ) ;
#1812 = DIRECTION ( 'NONE',  ( -1.000000000000000000, 0.000000000000000000, 0.000000000000000000 ) ) ;
#1813 = ORIENTED_EDGE ( 'NONE', *, *, #614, .F. ) ;
#1814 = ADVANCED_FACE ( 'NONE', ( #3328 ), #596, .F. ) ;
#1815 = CARTESIAN_POINT ( 'NONE',  ( 0.08519660197288733694, -0.6830000000000000515, -6.000000000000000888 ) ) ;
#1816 = EDGE_CURVE ( 'NONE', #3010, #979, #1140, .T. ) ;
#1817 = EDGE_LOOP ( 'NONE', ( #3323, #4534, #1725, #3483 ) ) ;
#1818 = DIRECTION ( 'NONE',  ( 1.000000000000000000, 0.000000000000000000, 0.000000000000000000 ) ) ;
#1819 = ORIENTED_EDGE ( 'NONE', *, *, #4274, .F. ) ;
#1820 = DIRECTION ( 'NONE',  ( -0.000000000000000000, -0.000000000000000000, -1.000000000000000000 ) ) ;
#1821 = DIRECTION ( 'NONE',  ( 1.000000000000000000, 0.000000000000000000, 0.000000000000000000 ) ) ;
#1822 = EDGE_CURVE ( 'NONE', #2609, #1069, #5460, .T. ) ;
#1823 = ORIENTED_EDGE ( 'NONE', *, *, #5294, .T. ) ;
#1824 = EDGE_CURVE ( 'NONE', #3284, #1587, #1788, .T. ) ;
#1825 = EDGE_LOOP ( 'NONE', ( #5247, #1582, #3548, #494 ) ) ;
#1826 = ORIENTED_EDGE ( 'NONE', *, *, #1310, .F. ) ;
#1827 = CARTESIAN_POINT ( 'NONE',  ( -0.4289532336714965144, 0.9952754672079547893, -6.000000000000000888 ) ) ;
#1828 = AXIS2_PLACEMENT_3D ( 'NONE', #1055, #2337, #3731 ) ;
#1829 = VERTEX_POINT ( 'NONE', #4624 ) ;
#1830 = AXIS2_PLACEMENT_3D ( 'NONE', #403, #3889, #3918 ) ;
#1831 = AXIS2_PLACEMENT_3D ( 'NONE', #1986, #5516, #2790 ) ;
#1832 = CYLINDRICAL_SURFACE ( 'NONE', #4614, 0.08760000000000003895 ) ;
#1833 = VERTEX_POINT ( 'NONE', #2471 ) ;
#1834 = PLANE ( 'NONE',  #1372 ) ;
#1835 = CARTESIAN_POINT ( 'NONE',  ( 0.3411992244580428491, 0.2203190655051865676, -6.000000000000000888 ) ) ;
#1836 = DIRECTION ( 'NONE',  ( -0.000000000000000000, 0.000000000000000000, -1.000000000000000000 ) ) ;
#1837 = VECTOR ( 'NONE', #879, 39.37007874015748143 ) ;
#1838 = VECTOR ( 'NONE', #987, 39.37007874015748143 ) ;
#1839 = AXIS2_PLACEMENT_3D ( 'NONE', #1583, #1151, #339 ) ;
#1840 = DIRECTION ( 'NONE',  ( 0.000000000000000000, 0.000000000000000000, -1.000000000000000000 ) ) ;
#1841 = CARTESIAN_POINT ( 'NONE',  ( -0.1829999999999998572, -0.4148033980271126353, 6.000000000000000888 ) ) ;
#1842 = FACE_OUTER_BOUND ( 'NONE', #184, .T. ) ;
#1843 = FACE_OUTER_BOUND ( 'NONE', #5562, .T. ) ;
#1844 = EDGE_CURVE ( 'NONE', #2894, #2866, #5082, .T. ) ;
#1845 = EDGE_CURVE ( 'NONE', #980, #1386, #2394, .T. ) ;
#1846 = AXIS2_PLACEMENT_3D ( 'NONE', #4232, #3371, #284 ) ;
#1847 = ORIENTED_EDGE ( 'NONE', *, *, #4406, .F. ) ;
#1848 = CARTESIAN_POINT ( 'NONE',  ( 0.1649749999999999550, -1.000000000000000000, 6.000000000000000888 ) ) ;
#1849 = ORIENTED_EDGE ( 'NONE', *, *, #585, .T. ) ;
#1850 = CARTESIAN_POINT ( 'NONE',  ( -0.3411992244580428491, -0.2203190655051865676, -6.000000000000000888 ) ) ;
#1851 = CARTESIAN_POINT ( 'NONE',  ( -0.1829999999999999682, 0.5000000000000000000, -6.000000000000000888 ) ) ;
#1852 = DIRECTION ( 'NONE',  ( 0.000000000000000000, 0.000000000000000000, -1.000000000000000000 ) ) ;
#1853 = DIRECTION ( 'NONE',  ( 4.008152805398325894E-16, -1.000000000000000000, 0.000000000000000000 ) ) ;
#1854 = ADVANCED_FACE ( 'NONE', ( #160 ), #188, .F. ) ;
#1855 = ORIENTED_EDGE ( 'NONE', *, *, #4130, .T. ) ;
#1856 = VERTEX_POINT ( 'NONE', #3678 ) ;
#1857 = ORIENTED_EDGE ( 'NONE', *, *, #2761, .F. ) ;
#1858 = PLANE ( 'NONE',  #5511 ) ;
#1859 = ADVANCED_FACE ( 'NONE', ( #1488 ), #5003, .F. ) ;
#1860 = ORIENTED_EDGE ( 'NONE', *, *, #5462, .F. ) ;
#1861 = DIRECTION ( 'NONE',  ( -0.000000000000000000, 0.000000000000000000, 1.000000000000000000 ) ) ;
#1862 = ORIENTED_EDGE ( 'NONE', *, *, #3997, .F. ) ;
#1863 = CARTESIAN_POINT ( 'NONE',  ( 0.1829999999999998572, -0.5851966019728873647, 6.000000000000000888 ) ) ;
#1864 = LINE ( 'NONE', #3160, #3460 ) ;
#1865 = CARTESIAN_POINT ( 'NONE',  ( 0.1280000000000000027, 0.9499750000000000139, -6.000000000000000888 ) ) ;
#1866 = AXIS2_PLACEMENT_3D ( 'NONE', #3497, #1304, #3069 ) ;
#1867 = AXIS2_PLACEMENT_3D ( 'NONE', #3502, #5281, #5251 ) ;
#1868 = CARTESIAN_POINT ( 'NONE',  ( -0.4129999999999999227, -0.2500599205235715661, -6.000000000000000888 ) ) ;
#1869 = CARTESIAN_POINT ( 'NONE',  ( -0.5000000000000001110, -0.6649749999999998717, -6.000000000000000888 ) ) ;
#1870 = DIRECTION ( 'NONE',  ( -0.000000000000000000, 0.000000000000000000, -1.000000000000000000 ) ) ;
#1871 = CARTESIAN_POINT ( 'NONE',  ( 0.2499400794764282674, 0.8709400794764280418, 6.000000000000000888 ) ) ;
#1872 = VECTOR ( 'NONE', #2742, 39.37007874015748143 ) ;
#1873 = AXIS2_PLACEMENT_3D ( 'NONE', #713, #2486, #5641 ) ;
#1874 = ORIENTED_EDGE ( 'NONE', *, *, #1694, .T. ) ;
#1875 = DIRECTION ( 'NONE',  ( 0.000000000000000000, 0.000000000000000000, -1.000000000000000000 ) ) ;
#1876 = VECTOR ( 'NONE', #4190, 39.37007874015748143 ) ;
#1877 = ORIENTED_EDGE ( 'NONE', *, *, #3640, .T. ) ;
#1878 = FACE_OUTER_BOUND ( 'NONE', #2083, .T. ) ;
#1879 = CIRCLE ( 'NONE', #3340, 0.08760000000000003895 ) ;
#1880 = EDGE_CURVE ( 'NONE', #4587, #4322, #4247, .T. ) ;
#1881 = ORIENTED_EDGE ( 'NONE', *, *, #5011, .F. ) ;
#1882 = CARTESIAN_POINT ( 'NONE',  ( -0.4499749999999999028, -0.6649749999999998717, 6.000000000000000888 ) ) ;
#1883 = FACE_OUTER_BOUND ( 'NONE', #1722, .T. ) ;
#1884 = EDGE_CURVE ( 'NONE', #1439, #1127, #1083, .T. ) ;
#1885 = CIRCLE ( 'NONE', #5177, 0.02174999999999998115 ) ;
#1886 = VERTEX_POINT ( 'NONE', #2159 ) ;
#1887 = EDGE_CURVE ( 'NONE', #1682, #174, #4708, .T. ) ;
#1888 = ORIENTED_EDGE ( 'NONE', *, *, #3769, .T. ) ;
#1889 = EDGE_CURVE ( 'NONE', #5453, #4803, #4796, .T. ) ;
#1890 = AXIS2_PLACEMENT_3D ( 'NONE', #2283, #4832, #998 ) ;
#1891 = ADVANCED_FACE ( 'NONE', ( #1226 ), #3873, .F. ) ;
#1892 = ORIENTED_EDGE ( 'NONE', *, *, #2634, .F. ) ;
#1893 = DIRECTION ( 'NONE',  ( -1.000000000000000000, -1.046685055043766868E-14, 0.000000000000000000 ) ) ;
#1894 = VERTEX_POINT ( 'NONE', #3473 ) ;
#1895 = CARTESIAN_POINT ( 'NONE',  ( -0.1649749999999999550, 1.000000000000000000, 6.000000000000000888 ) ) ;
#1896 = EDGE_CURVE ( 'NONE', #697, #3603, #1287, .T. ) ;
#1897 = ORIENTED_EDGE ( 'NONE', *, *, #252, .T. ) ;
#1898 = PLANE ( 'NONE',  #4136 ) ;
#1899 = DIRECTION ( 'NONE',  ( 1.000000000000000000, 0.000000000000000000, 0.000000000000000000 ) ) ;
#1900 = COORDINATED_UNIVERSAL_TIME_OFFSET ( 6, 0, .BEHIND. ) ;
#1901 = AXIS2_PLACEMENT_3D ( 'NONE', #1702, #3890, #4381 ) ;
#1902 = ORIENTED_EDGE ( 'NONE', *, *, #1951, .F. ) ;
#1903 = LINE ( 'NONE', #3648, #2704 ) ;
#1904 = CARTESIAN_POINT ( 'NONE',  ( -0.5000000000000000000, 0.1140274349448444774, -6.000000000000000888 ) ) ;
#1905 = DIRECTION ( 'NONE',  ( 1.000000000000000000, 0.000000000000000000, 0.000000000000000000 ) ) ;
#1906 = DIRECTION ( 'NONE',  ( 0.000000000000000000, 0.000000000000000000, -1.000000000000000000 ) ) ;
#1907 = ORIENTED_EDGE ( 'NONE', *, *, #2666, .T. ) ;
#1908 = CARTESIAN_POINT ( 'NONE',  ( -0.5000000000000001110, 0.2935599205235716602, -6.000000000000000888 ) ) ;
#1909 = EDGE_LOOP ( 'NONE', ( #753, #519, #3509, #4522 ) ) ;
#1910 = DIRECTION ( 'NONE',  ( -0.000000000000000000, 0.000000000000000000, -1.000000000000000000 ) ) ;
#1911 = VERTEX_POINT ( 'NONE', #4336 ) ;
#1912 = CARTESIAN_POINT ( 'NONE',  ( -0.5000000000000001110, -0.3350250000000000727, 6.000000000000000888 ) ) ;
#1913 = LINE ( 'NONE', #5299, #963 ) ;
#1914 = ORIENTED_EDGE ( 'NONE', *, *, #4455, .F. ) ;
#1915 = ORIENTED_EDGE ( 'NONE', *, *, #5330, .F. ) ;
#1916 = ORIENTED_EDGE ( 'NONE', *, *, #2256, .F. ) ;
#1917 = FACE_OUTER_BOUND ( 'NONE', #4405, .T. ) ;
#1918 = EDGE_CURVE ( 'NONE', #73, #3610, #3844, .T. ) ;
#1919 = ORIENTED_EDGE ( 'NONE', *, *, #4901, .F. ) ;
#1920 = ADVANCED_FACE ( 'NONE', ( #5626 ), #4368, .F. ) ;
#1921 = DIRECTION ( 'NONE',  ( -0.000000000000000000, 0.000000000000000000, -1.000000000000000000 ) ) ;
#1922 = ORIENTED_EDGE ( 'NONE', *, *, #2559, .F. ) ;
#1923 = DIRECTION ( 'NONE',  ( 1.000000000000000000, 0.000000000000000000, 0.000000000000000000 ) ) ;
#1924 = APPLICATION_CONTEXT ( 'configuration controlled 3d designs of mechanical parts and assemblies' ) ;
#1925 = ORIENTED_EDGE ( 'NONE', *, *, #5227, .T. ) ;
#1926 = ADVANCED_FACE ( 'NONE', ( #4307 ), #760, .F. ) ;
#1927 = CIRCLE ( 'NONE', #1639, 0.08760000000000003895 ) ;
#1928 = CARTESIAN_POINT ( 'NONE',  ( -0.3709400794764278753, 0.7499400794764283784, -6.000000000000000888 ) ) ;
#1929 = CARTESIAN_POINT ( 'NONE',  ( -0.4630250000000000199, -0.6649749999999998717, 6.000000000000000888 ) ) ;
#1930 = CIRCLE ( 'NONE', #4213, 0.02175000000000001238 ) ;
#1931 = CARTESIAN_POINT ( 'NONE',  ( -0.4129999999999999227, 0.01647256505515531932, -6.000000000000000888 ) ) ;
#1932 = DIRECTION ( 'NONE',  ( -0.7071067811865479058, -0.7071067811865472397, 0.000000000000000000 ) ) ;
#1933 = EDGE_CURVE ( 'NONE', #5111, #4587, #3047, .T. ) ;
#1934 =( GEOMETRIC_REPRESENTATION_CONTEXT ( 3 ) GLOBAL_UNCERTAINTY_ASSIGNED_CONTEXT ( ( #5115 ) ) GLOBAL_UNIT_ASSIGNED_CONTEXT ( ( #5374, #3993, #1804 ) ) REPRESENTATION_CONTEXT ( 'NONE', 'WORKASPACE' ) );
#1935 = AXIS2_PLACEMENT_3D ( 'NONE', #4478, #3470, #2613 ) ;
#1936 = LINE ( 'NONE', #598, #2242 ) ;
#1937 = ORIENTED_EDGE ( 'NONE', *, *, #2511, .T. ) ;
#1938 = CARTESIAN_POINT ( 'NONE',  ( -0.5000000000000001110, 0.3350250000000000727, 6.000000000000000888 ) ) ;
#1939 = DIRECTION ( 'NONE',  ( 1.000000000000000000, 0.000000000000000000, 0.000000000000000000 ) ) ;
#1940 = CARTESIAN_POINT ( 'NONE',  ( 0.1649749999999999550, -0.9129999999999999227, -6.000000000000000888 ) ) ;
#1941 = CIRCLE ( 'NONE', #5048, 0.02174999999999998115 ) ;
#1942 = DIRECTION ( 'NONE',  ( 2.926849330295178087E-16, -1.000000000000000000, 0.000000000000000000 ) ) ;
#1943 = ORIENTED_EDGE ( 'NONE', *, *, #189, .T. ) ;
#1944 = VERTEX_POINT ( 'NONE', #4245 ) ;
#1945 = ORIENTED_EDGE ( 'NONE', *, *, #4646, .F. ) ;
#1946 = CARTESIAN_POINT ( 'NONE',  ( 0.3411992244580428491, 0.7796809344948134601, -6.000000000000000888 ) ) ;
#1947 = VERTEX_POINT ( 'NONE', #4280 ) ;
#1948 = CARTESIAN_POINT ( 'NONE',  ( 0.1829999999999999682, -0.5000000000000000000, 6.000000000000000888 ) ) ;
#1949 = EDGE_LOOP ( 'NONE', ( #3642, #2111, #1301, #4152 ) ) ;
#1950 = DIRECTION ( 'NONE',  ( 2.926849330295178580E-16, 1.000000000000000000, 0.000000000000000000 ) ) ;
#1951 = EDGE_CURVE ( 'NONE', #5214, #2661, #1659, .T. ) ;
#1952 = CALENDAR_DATE ( 2026, 18, 1 ) ;
#1953 = VERTEX_POINT ( 'NONE', #821 ) ;
#1954 = CARTESIAN_POINT ( 'NONE',  ( -0.2705999999999998962, 0.5851966019728873647, 6.000000000000000888 ) ) ;
#1955 = FACE_OUTER_BOUND ( 'NONE', #1949, .T. ) ;
#1956 = ADVANCED_FACE ( 'NONE', ( #2187 ), #4768, .F. ) ;
#1957 = DIRECTION ( 'NONE',  ( 0.000000000000000000, -0.000000000000000000, -1.000000000000000000 ) ) ;
#1958 = DIRECTION ( 'NONE',  ( 0.7071067811865472397, 0.7071067811865479058, 0.000000000000000000 ) ) ;
#1959 = VECTOR ( 'NONE', #1747, 39.37007874015748143 ) ;
#1960 = DIRECTION ( 'NONE',  ( -0.000000000000000000, -0.000000000000000000, -1.000000000000000000 ) ) ;
#1961 = ORIENTED_EDGE ( 'NONE', *, *, #1880, .F. ) ;
#1962 = CARTESIAN_POINT ( 'NONE',  ( 0.4630250000000000199, -0.6649749999999998717, -6.000000000000000888 ) ) ;
#1963 = EDGE_CURVE ( 'NONE', #3042, #4067, #5109, .T. ) ;
#1964 = CARTESIAN_POINT ( 'NONE',  ( -0.4289532336714965144, 0.9952754672079547893, 6.000000000000000888 ) ) ;
#1965 = CIRCLE ( 'NONE', #3613, 0.02174999999999998115 ) ;
#1966 = CARTESIAN_POINT ( 'NONE',  ( -0.2705999999999998962, 0.4148033980271126353, 6.000000000000000888 ) ) ;
#1967 = AXIS2_PLACEMENT_3D ( 'NONE', #4748, #1875, #3944 ) ;
#1968 = LINE ( 'NONE', #5033, #4644 ) ;
#1969 = ORIENTED_EDGE ( 'NONE', *, *, #4348, .F. ) ;
#1970 = AXIS2_PLACEMENT_3D ( 'NONE', #654, #1548, #3278 ) ;
#1971 = VECTOR ( 'NONE', #185, 39.37007874015748143 ) ;
#1972 = ORIENTED_EDGE ( 'NONE', *, *, #3701, .F. ) ;
#1973 = ORIENTED_EDGE ( 'NONE', *, *, #2132, .T. ) ;
#1974 = DIRECTION ( 'NONE',  ( -0.000000000000000000, -0.000000000000000000, 1.000000000000000000 ) ) ;
#1975 = AXIS2_PLACEMENT_3D ( 'NONE', #2989, #2469, #1137 ) ;
#1976 = AXIS2_PLACEMENT_3D ( 'NONE', #2036, #5160, #2901 ) ;
#1977 = ORIENTED_EDGE ( 'NONE', *, *, #3282, .F. ) ;
#1978 = AXIS2_PLACEMENT_3D ( 'NONE', #4918, #3623, #914 ) ;
#1979 = DIRECTION ( 'NONE',  ( -0.000000000000000000, 0.000000000000000000, -1.000000000000000000 ) ) ;
#1980 = EDGE_LOOP ( 'NONE', ( #837, #733, #1862, #2772 ) ) ;
#1981 = CYLINDRICAL_SURFACE ( 'NONE', #5042, 0.02174999999999998115 ) ;
#1982 = CALENDAR_DATE ( 2026, 18, 1 ) ;
#1983 = ORIENTED_EDGE ( 'NONE', *, *, #4337, .T. ) ;
#1984 = CARTESIAN_POINT ( 'NONE',  ( -0.5000000000000001110, 0.6649749999999998717, 6.000000000000000888 ) ) ;
#1985 = DIRECTION ( 'NONE',  ( 1.000000000000000000, 0.000000000000000000, 0.000000000000000000 ) ) ;
#1986 = CARTESIAN_POINT ( 'NONE',  ( -0.2499400794764282674, -0.8709400794764280418, -6.000000000000000888 ) ) ;
#1987 = DIRECTION ( 'NONE',  ( -0.000000000000000000, -0.000000000000000000, -1.000000000000000000 ) ) ;
#1988 = EDGE_CURVE ( 'NONE', #1580, #2260, #2929, .T. ) ;
#1989 = EDGE_CURVE ( 'NONE', #4351, #455, #4741, .T. ) ;
#1990 = CIRCLE ( 'NONE', #966, 0.02174999999999998115 ) ;
#1991 = CARTESIAN_POINT ( 'NONE',  ( 0.2499400794764282951, 0.9130000000000000338, -6.000000000000000888 ) ) ;
#1992 = VERTEX_POINT ( 'NONE', #731 ) ;
#1993 = CARTESIAN_POINT ( 'NONE',  ( -0.4630250000000000199, 0.6649749999999998717, -6.000000000000000888 ) ) ;
#1994 = DIRECTION ( 'NONE',  ( 0.7071067811865479058, -0.7071067811865472397, 0.000000000000000000 ) ) ;
#1995 = CARTESIAN_POINT ( 'NONE',  ( 0.5000000000000001110, 0.6649749999999998717, -6.000000000000000888 ) ) ;
#1996 = CIRCLE ( 'NONE', #2086, 0.03697499999999995235 ) ;
#1997 = ORIENTED_EDGE ( 'NONE', *, *, #1159, .F. ) ;
#1998 = EDGE_CURVE ( 'NONE', #5497, #5575, #1629, .T. ) ;
#1999 = VERTEX_POINT ( 'NONE', #1257 ) ;
#2000 = VERTEX_POINT ( 'NONE', #3384 ) ;
#2001 = LINE ( 'NONE', #5151, #1178 ) ;
#2002 = CARTESIAN_POINT ( 'NONE',  ( 0.5000000000000001110, 0.2935599205235716602, 6.000000000000000888 ) ) ;
#2003 = EDGE_LOOP ( 'NONE', ( #4645, #4838, #4005, #4842 ) ) ;
#2004 = EDGE_CURVE ( 'NONE', #1271, #3083, #1675, .T. ) ;
#2005 = CARTESIAN_POINT ( 'NONE',  ( 0.08519660197288735082, -0.2293999999999998818, -6.000000000000000888 ) ) ;
#2006 = ORIENTED_EDGE ( 'NONE', *, *, #3805, .F. ) ;
#2007 = FACE_OUTER_BOUND ( 'NONE', #2354, .T. ) ;
#2008 = EDGE_LOOP ( 'NONE', ( #5045, #4897, #2041, #3689 ) ) ;
#2009 = FACE_OUTER_BOUND ( 'NONE', #3826, .T. ) ;
#2010 = DIRECTION ( 'NONE',  ( -0.000000000000000000, -1.000000000000000000, -0.000000000000000000 ) ) ;
#2011 = DIRECTION ( 'NONE',  ( -0.000000000000000000, -0.000000000000000000, -1.000000000000000000 ) ) ;
#2012 = DIRECTION ( 'NONE',  ( -1.000000000000000000, 0.000000000000000000, 0.000000000000000000 ) ) ;
#2013 = CIRCLE ( 'NONE', #2930, 0.03697500000000002174 ) ;
#2014 = CIRCLE ( 'NONE', #259, 0.1024999999999999939 ) ;
#2015 = LINE ( 'NONE', #626, #112 ) ;
#2016 = ORIENTED_EDGE ( 'NONE', *, *, #606, .F. ) ;
#2017 = LINE ( 'NONE', #1493, #3158 ) ;
#2018 = CARTESIAN_POINT ( 'NONE',  ( -0.2705999999999998962, -0.5851966019728873647, -6.000000000000000888 ) ) ;
#2019 = EDGE_CURVE ( 'NONE', #1953, #628, #4435, .T. ) ;
#2020 = EDGE_CURVE ( 'NONE', #781, #2144, #4395, .T. ) ;
#2021 = FACE_OUTER_BOUND ( 'NONE', #1114, .T. ) ;
#2022 = CIRCLE ( 'NONE', #1092, 0.03697499999999995235 ) ;
#2023 = EDGE_LOOP ( 'NONE', ( #2576, #5637, #4601, #2197 ) ) ;
#2024 = ORIENTED_EDGE ( 'NONE', *, *, #855, .F. ) ;
#2025 = AXIS2_PLACEMENT_3D ( 'NONE', #320, #2268, #3124 ) ;
#2026 = VERTEX_POINT ( 'NONE', #3074 ) ;
#2027 = DIRECTION ( 'NONE',  ( 0.000000000000000000, 0.000000000000000000, -1.000000000000000000 ) ) ;
#2028 = DIRECTION ( 'NONE',  ( -1.000000000000000000, 0.000000000000000000, 0.000000000000000000 ) ) ;
#2029 = EDGE_CURVE ( 'NONE', #2090, #3030, #6, .T. ) ;
#2030 = ORIENTED_EDGE ( 'NONE', *, *, #3600, .T. ) ;
#2031 = CARTESIAN_POINT ( 'NONE',  ( 0.5000000000000000000, 0.9077225650551554725, 6.000000000000000888 ) ) ;
#2032 = EDGE_LOOP ( 'NONE', ( #5093, #2183, #375, #5063 ) ) ;
#2033 = DIRECTION ( 'NONE',  ( 1.000000000000000000, -1.046685055043766868E-14, 0.000000000000000000 ) ) ;
#2034 = ADVANCED_FACE ( 'NONE', ( #5313 ), #3965, .T. ) ;
#2035 = EDGE_LOOP ( 'NONE', ( #4031, #240, #2519, #3943 ) ) ;
#2036 = CARTESIAN_POINT ( 'NONE',  ( 2.731847993664263218E-16, -0.3169999999999999485, 6.000000000000000888 ) ) ;
#2037 = LINE ( 'NONE', #5194, #5419 ) ;
#2038 = DIRECTION ( 'NONE',  ( -0.000000000000000000, 0.000000000000000000, -1.000000000000000000 ) ) ;
#2039 = CARTESIAN_POINT ( 'NONE',  ( 0.1471391560048289637, 0.7086574459680585747, 6.000000000000000888 ) ) ;
#2040 = CARTESIAN_POINT ( 'NONE',  ( -0.4129999999999999227, -0.6649749999999998717, 6.000000000000000888 ) ) ;
#2041 = ORIENTED_EDGE ( 'NONE', *, *, #2484, .F. ) ;
#2042 = DIRECTION ( 'NONE',  ( -0.000000000000000000, -0.000000000000000000, -1.000000000000000000 ) ) ;
#2043 = DIRECTION ( 'NONE',  ( -0.7071067811865479058, 0.7071067811865472397, 0.000000000000000000 ) ) ;
#2044 = LINE ( 'NONE', #1526, #1520 ) ;
#2045 = VERTEX_POINT ( 'NONE', #472 ) ;
#2046 = CARTESIAN_POINT ( 'NONE',  ( 0.3411992244580428491, -0.7796809344948134601, 6.000000000000000888 ) ) ;
#2047 = VECTOR ( 'NONE', #5561, 39.37007874015748143 ) ;
#2048 = ORIENTED_EDGE ( 'NONE', *, *, #1887, .T. ) ;
#2049 = CIRCLE ( 'NONE', #5259, 0.08760000000000003895 ) ;
#2050 = ORIENTED_EDGE ( 'NONE', *, *, #4273, .F. ) ;
#2051 = CARTESIAN_POINT ( 'NONE',  ( 0.4499749999999999028, 0.3350250000000000727, 6.000000000000000888 ) ) ;
#2052 = DIRECTION ( 'NONE',  ( 0.000000000000000000, 1.000000000000000000, 0.000000000000000000 ) ) ;
#2053 = AXIS2_PLACEMENT_3D ( 'NONE', #275, #5112, #1719 ) ;
#2054 = VECTOR ( 'NONE', #1697, 39.37007874015748143 ) ;
#2055 = ORIENTED_EDGE ( 'NONE', *, *, #792, .F. ) ;
#2056 = ADVANCED_FACE ( 'NONE', ( #38 ), #4826, .F. ) ;
#2057 = EDGE_CURVE ( 'NONE', #1911, #2045, #3517, .T. ) ;
#2058 = EDGE_CURVE ( 'NONE', #3054, #2690, #1371, .T. ) ;
#2059 = DIRECTION ( 'NONE',  ( 0.000000000000000000, 0.000000000000000000, 1.000000000000000000 ) ) ;
#2060 = VERTEX_POINT ( 'NONE', #2645 ) ;
#2061 = VECTOR ( 'NONE', #4457, 39.37007874015748143 ) ;
#2062 = DIRECTION ( 'NONE',  ( -0.000000000000000000, -0.000000000000000000, -1.000000000000000000 ) ) ;
#2063 = AXIS2_PLACEMENT_3D ( 'NONE', #1954, #1540, #1429 ) ;
#2064 = ORIENTED_EDGE ( 'NONE', *, *, #5104, .T. ) ;
#2065 = VECTOR ( 'NONE', #5665, 39.37007874015748143 ) ;
#2066 = EDGE_CURVE ( 'NONE', #4067, #3555, #5623, .T. ) ;
#2067 = EDGE_CURVE ( 'NONE', #4043, #4461, #2234, .T. ) ;
#2068 = LINE ( 'NONE', #241, #843 ) ;
#2069 = FACE_OUTER_BOUND ( 'NONE', #710, .T. ) ;
#2070 = DIRECTION ( 'NONE',  ( 1.000000000000000000, 0.000000000000000000, 0.000000000000000000 ) ) ;
#2071 = LINE ( 'NONE', #5625, #3948 ) ;
#2072 = DIRECTION ( 'NONE',  ( -0.000000000000000000, -0.000000000000000000, -1.000000000000000000 ) ) ;
#2073 = CARTESIAN_POINT ( 'NONE',  ( 0.4129999999999999227, 0.6649749999999998717, 6.000000000000000888 ) ) ;
#2074 = VERTEX_POINT ( 'NONE', #910 ) ;
#2075 = LINE ( 'NONE', #1663, #1500 ) ;
#2076 = DIRECTION ( 'NONE',  ( 1.000000000000000000, 0.000000000000000000, 0.000000000000000000 ) ) ;
#2077 = CARTESIAN_POINT ( 'NONE',  ( -0.1025000000000000216, 0.5000000000000000000, 6.000000000000000888 ) ) ;
#2078 = VERTEX_POINT ( 'NONE', #1312 ) ;
#2079 = AXIS2_PLACEMENT_3D ( 'NONE', #1207, #5585, #1672 ) ;
#2080 = ORIENTED_EDGE ( 'NONE', *, *, #3740, .T. ) ;
#2081 = DIRECTION ( 'NONE',  ( 0.000000000000000000, -0.000000000000000000, 1.000000000000000000 ) ) ;
#2082 = ORIENTED_EDGE ( 'NONE', *, *, #5532, .T. ) ;
#2083 = EDGE_LOOP ( 'NONE', ( #551, #2495, #5480, #3523 ) ) ;
#2084 = DIRECTION ( 'NONE',  ( 1.000000000000000000, 0.000000000000000000, 0.000000000000000000 ) ) ;
#2085 = CARTESIAN_POINT ( 'NONE',  ( 0.08519660197288733694, -0.6830000000000000515, 6.000000000000000888 ) ) ;
#2086 = AXIS2_PLACEMENT_3D ( 'NONE', #1368, #3101, #3531 ) ;
#2087 = VERTEX_POINT ( 'NONE', #2678 ) ;
#2088 = DIRECTION ( 'NONE',  ( 0.000000000000000000, -0.000000000000000000, -1.000000000000000000 ) ) ;
#2089 = CARTESIAN_POINT ( 'NONE',  ( 0.5000000000000001110, 0.7499400794764282674, -6.000000000000000888 ) ) ;
#2090 = VERTEX_POINT ( 'NONE', #5675 ) ;
#2091 = CARTESIAN_POINT ( 'NONE',  ( 0.5000000000000000000, -0.8859725650551555365, -6.000000000000000888 ) ) ;
#2092 = EDGE_CURVE ( 'NONE', #3422, #4133, #3977, .T. ) ;
#2093 = EDGE_CURVE ( 'NONE', #3498, #1796, #3696, .T. ) ;
#2094 = ORIENTED_EDGE ( 'NONE', *, *, #3007, .T. ) ;
#2095 = DIRECTION ( 'NONE',  ( 2.926849330295178087E-16, 1.000000000000000000, 0.000000000000000000 ) ) ;
#2096 = LINE ( 'NONE', #3381, #2759 ) ;
#2097 = DIRECTION ( 'NONE',  ( 2.926849330295178087E-16, -1.000000000000000000, 0.000000000000000000 ) ) ;
#2098 = LINE ( 'NONE', #5196, #5504 ) ;
#2099 = DIRECTION ( 'NONE',  ( -0.000000000000000000, 0.000000000000000000, -1.000000000000000000 ) ) ;
#2100 = EDGE_CURVE ( 'NONE', #3800, #1248, #201, .T. ) ;
#2101 = CARTESIAN_POINT ( 'NONE',  ( -0.1279999999999999472, 0.9499750000000000139, -6.000000000000000888 ) ) ;
#2102 = PLANE ( 'NONE',  #2429 ) ;
#2103 = CARTESIAN_POINT ( 'NONE',  ( 0.3411992244580428491, 0.2203190655051865676, 6.000000000000000888 ) ) ;
#2104 = CIRCLE ( 'NONE', #4763, 0.1024999999999999939 ) ;
#2105 = DIRECTION ( 'NONE',  ( -0.000000000000000000, -0.000000000000000000, -1.000000000000000000 ) ) ;
#2106 = ADVANCED_FACE ( 'NONE', ( #5186 ), #2577, .F. ) ;
#2107 = AXIS2_PLACEMENT_3D ( 'NONE', #2051, #4205, #313 ) ;
#2108 = ORIENTED_EDGE ( 'NONE', *, *, #3013, .T. ) ;
#2109 = AXIS2_PLACEMENT_3D ( 'NONE', #2849, #2011, #1139 ) ;
#2110 = DIRECTION ( 'NONE',  ( 1.000000000000000000, -1.607629870117495978E-15, 0.000000000000000000 ) ) ;
#2111 = ORIENTED_EDGE ( 'NONE', *, *, #1357, .F. ) ;
#2112 = ORIENTED_EDGE ( 'NONE', *, *, #1555, .F. ) ;
#2113 = CARTESIAN_POINT ( 'NONE',  ( -0.08519660197288733694, -0.3169999999999999485, 6.000000000000000888 ) ) ;
#2114 = CC_DESIGN_APPROVAL ( #4267, ( #1278 ) ) ;
#2115 = CARTESIAN_POINT ( 'NONE',  ( -0.4952754672079547893, -0.9289532336714965144, -6.000000000000000888 ) ) ;
#2116 = EDGE_LOOP ( 'NONE', ( #2262, #2006, #2488, #4845 ) ) ;
#2117 = CIRCLE ( 'NONE', #173, 0.1016812500000000008 ) ;
#2118 = CARTESIAN_POINT ( 'NONE',  ( -0.5000000000000001110, -0.7499400794764282674, 6.000000000000000888 ) ) ;
#2119 = CARTESIAN_POINT ( 'NONE',  ( 0.4289532336714965144, -0.9952754672079547893, -2.185478394931410575E-15 ) ) ;
#2120 = ORIENTED_EDGE ( 'NONE', *, *, #2864, .T. ) ;
#2121 = CARTESIAN_POINT ( 'NONE',  ( 0.2499400794764282119, 1.000000000000000000, -6.000000000000000888 ) ) ;
#2122 = VECTOR ( 'NONE', #3264, 39.37007874015748143 ) ;
#2123 = ORIENTED_EDGE ( 'NONE', *, *, #1132, .F. ) ;
#2124 = EDGE_CURVE ( 'NONE', #56, #831, #4073, .T. ) ;
#2125 = DIRECTION ( 'NONE',  ( -0.000000000000000000, -0.000000000000000000, -1.000000000000000000 ) ) ;
#2126 = CARTESIAN_POINT ( 'NONE',  ( 0.4499749999999999028, -0.3719999999999999973, 6.000000000000000888 ) ) ;
#2127 = FACE_OUTER_BOUND ( 'NONE', #3612, .T. ) ;
#2128 = DIRECTION ( 'NONE',  ( -0.7071067811865479058, -0.7071067811865472397, 0.000000000000000000 ) ) ;
#2129 = DIRECTION ( 'NONE',  ( -1.000000000000000000, 1.046685055043766868E-14, -0.000000000000000000 ) ) ;
#2130 = EDGE_CURVE ( 'NONE', #347, #4663, #659, .T. ) ;
#2131 = CYLINDRICAL_SURFACE ( 'NONE', #2800, 0.03697499999999995235 ) ;
#2132 = EDGE_CURVE ( 'NONE', #5127, #1353, #5241, .T. ) ;
#2133 = CARTESIAN_POINT ( 'NONE',  ( 0.4129999999999999227, 0.2500599205235715661, 6.000000000000000888 ) ) ;
#2134 = CARTESIAN_POINT ( 'NONE',  ( 0.5000000000000001110, -0.7499400794764282674, -6.000000000000000888 ) ) ;
#2135 = LINE ( 'NONE', #3507, #1057 ) ;
#2136 = ORIENTED_EDGE ( 'NONE', *, *, #2705, .F. ) ;
#2137 = ORIENTED_EDGE ( 'NONE', *, *, #2130, .F. ) ;
#2138 = DIRECTION ( 'NONE',  ( 1.000000000000000000, 5.853698660590358146E-16, 0.000000000000000000 ) ) ;
#2139 = ADVANCED_FACE ( 'NONE', ( #3462 ), #3374, .F. ) ;
#2140 = VERTEX_POINT ( 'NONE', #836 ) ;
#2141 = ORIENTED_EDGE ( 'NONE', *, *, #3261, .T. ) ;
#2142 = DIRECTION ( 'NONE',  ( -0.000000000000000000, -0.000000000000000000, -1.000000000000000000 ) ) ;
#2143 = CARTESIAN_POINT ( 'NONE',  ( -0.5000000000000000000, -0.07052743494484452202, -6.000000000000000888 ) ) ;
#2144 = VERTEX_POINT ( 'NONE', #4755 ) ;
#2145 = VECTOR ( 'NONE', #2837, 39.37007874015748143 ) ;
#2146 = VECTOR ( 'NONE', #791, 39.37007874015748143 ) ;
#2147 = DIRECTION ( 'NONE',  ( 1.000000000000000000, 0.000000000000000000, 0.000000000000000000 ) ) ;
#2148 = CARTESIAN_POINT ( 'NONE',  ( -0.1471391560048289637, 0.2913425540319414808, -6.000000000000000888 ) ) ;
#2149 = EDGE_LOOP ( 'NONE', ( #487, #3376, #580, #5057 ) ) ;
#2150 = DIRECTION ( 'NONE',  ( 0.000000000000000000, 0.000000000000000000, 1.000000000000000000 ) ) ;
#2151 = AXIS2_PLACEMENT_3D ( 'NONE', #318, #1184, #3832 ) ;
#2152 = AXIS2_PLACEMENT_3D ( 'NONE', #100, #3541, #5293 ) ;
#2153 = ORIENTED_EDGE ( 'NONE', *, *, #5044, .T. ) ;
#2154 = AXIS2_PLACEMENT_3D ( 'NONE', #360, #2161, #2588 ) ;
#2155 = DIRECTION ( 'NONE',  ( 0.000000000000000000, 0.000000000000000000, -1.000000000000000000 ) ) ;
#2156 = CARTESIAN_POINT ( 'NONE',  ( 0.4499749999999999028, 0.6649749999999998717, 6.000000000000000888 ) ) ;
#2157 = FACE_OUTER_BOUND ( 'NONE', #4984, .T. ) ;
#2158 = DIRECTION ( 'NONE',  ( 1.000000000000000000, 0.000000000000000000, 0.000000000000000000 ) ) ;
#2159 = CARTESIAN_POINT ( 'NONE',  ( 0.4129999999999999227, 0.7499400794764283784, -6.000000000000000888 ) ) ;
#2160 = VECTOR ( 'NONE', #2125, 39.37007874015748143 ) ;
#2161 = DIRECTION ( 'NONE',  ( -0.000000000000000000, -0.000000000000000000, -1.000000000000000000 ) ) ;
#2162 = FACE_OUTER_BOUND ( 'NONE', #4099, .T. ) ;
#2163 = DIRECTION ( 'NONE',  ( -2.926849330295178087E-16, -1.000000000000000000, 0.000000000000000000 ) ) ;
#2164 = CARTESIAN_POINT ( 'NONE',  ( 0.5000000000000000000, -0.2718099205235717242, 6.000000000000000888 ) ) ;
#2165 = EDGE_CURVE ( 'NONE', #2690, #4489, #4385, .T. ) ;
#2166 = ADVANCED_FACE ( 'NONE', ( #1183 ), #3831, .F. ) ;
#2167 = ORIENTED_EDGE ( 'NONE', *, *, #970, .T. ) ;
#2168 = CARTESIAN_POINT ( 'NONE',  ( 0.3709400794764278753, -0.2500599205235715661, -6.000000000000000888 ) ) ;
#2169 = ORIENTED_EDGE ( 'NONE', *, *, #3040, .F. ) ;
#2170 = ORIENTED_EDGE ( 'NONE', *, *, #496, .T. ) ;
#2171 = DIRECTION ( 'NONE',  ( -1.000000000000000000, 0.000000000000000000, 0.000000000000000000 ) ) ;
#2172 = DIRECTION ( 'NONE',  ( 0.7071067811865479058, -0.7071067811865472397, 0.000000000000000000 ) ) ;
#2173 = EDGE_CURVE ( 'NONE', #3060, #3972, #2176, .T. ) ;
#2174 = ORIENTED_EDGE ( 'NONE', *, *, #4770, .T. ) ;
#2175 = VECTOR ( 'NONE', #168, 39.37007874015748143 ) ;
#2176 = LINE ( 'NONE', #3864, #2787 ) ;
#2177 = ORIENTED_EDGE ( 'NONE', *, *, #853, .F. ) ;
#2178 = CARTESIAN_POINT ( 'NONE',  ( -0.08519660197288735082, 0.2293999999999998818, -6.000000000000000888 ) ) ;
#2179 = EDGE_CURVE ( 'NONE', #5302, #3519, #4697, .T. ) ;
#2180 = ORIENTED_EDGE ( 'NONE', *, *, #5565, .T. ) ;
#2181 = CIRCLE ( 'NONE', #3645, 0.02174999999999998115 ) ;
#2182 = CARTESIAN_POINT ( 'NONE',  ( -0.08519660197288735082, -0.7706000000000000627, 6.000000000000000888 ) ) ;
#2183 = ORIENTED_EDGE ( 'NONE', *, *, #5218, .F. ) ;
#2184 = DIRECTION ( 'NONE',  ( -0.7071067811865472397, -0.7071067811865479058, 0.000000000000000000 ) ) ;
#2185 = AXIS2_PLACEMENT_3D ( 'NONE', #4467, #3174, #3631 ) ;
#2186 = DIRECTION ( 'NONE',  ( 0.000000000000000000, 0.000000000000000000, 1.000000000000000000 ) ) ;
#2187 = FACE_OUTER_BOUND ( 'NONE', #4690, .T. ) ;
#2188 = DIRECTION ( 'NONE',  ( -0.7071067811865472397, -0.7071067811865479058, 0.000000000000000000 ) ) ;
#2189 = PLANE ( 'NONE',  #1591 ) ;
#2190 = DIRECTION ( 'NONE',  ( 0.000000000000000000, -0.000000000000000000, -1.000000000000000000 ) ) ;
#2191 = LINE ( 'NONE', #1665, #4362 ) ;
#2192 = VERTEX_POINT ( 'NONE', #1649 ) ;
#2193 = ORIENTED_EDGE ( 'NONE', *, *, #964, .T. ) ;
#2194 = FACE_OUTER_BOUND ( 'NONE', #3348, .T. ) ;
#2195 = VERTEX_POINT ( 'NONE', #746 ) ;
#2196 = ADVANCED_FACE ( 'NONE', ( #4268 ), #3926, .F. ) ;
#2197 = ORIENTED_EDGE ( 'NONE', *, *, #1395, .T. ) ;
#2198 = CARTESIAN_POINT ( 'NONE',  ( 0.4952754672079547893, -0.9289532336714965144, -6.000000000000000888 ) ) ;
#2199 = CARTESIAN_POINT ( 'NONE',  ( -0.3411992244580428491, 0.7796809344948134601, 6.000000000000000888 ) ) ;
#2200 = CIRCLE ( 'NONE', #341, 0.03697500000000002174 ) ;
#2201 = ORIENTED_EDGE ( 'NONE', *, *, #5257, .T. ) ;
#2202 = AXIS2_PLACEMENT_3D ( 'NONE', #1792, #3599, #4577 ) ;
#2203 = CARTESIAN_POINT ( 'NONE',  ( -0.3709400794764278753, -0.7499400794764283784, 6.000000000000000888 ) ) ;
#2204 = EDGE_CURVE ( 'NONE', #4839, #3338, #1212, .T. ) ;
#2205 = ORIENTED_EDGE ( 'NONE', *, *, #1247, .T. ) ;
#2206 = DIRECTION ( 'NONE',  ( -0.000000000000000000, -0.000000000000000000, -1.000000000000000000 ) ) ;
#2207 = VECTOR ( 'NONE', #1836, 39.37007874015748143 ) ;
#2208 = ORIENTED_EDGE ( 'NONE', *, *, #106, .T. ) ;
#2209 = AXIS2_PLACEMENT_3D ( 'NONE', #414, #2241, #960 ) ;
#2210 = DIRECTION ( 'NONE',  ( -0.000000000000000000, -0.000000000000000000, -1.000000000000000000 ) ) ;
#2211 = EDGE_CURVE ( 'NONE', #5111, #1175, #3786, .T. ) ;
#2212 = ORIENTED_EDGE ( 'NONE', *, *, #4617, .T. ) ;
#2213 = LINE ( 'NONE', #3991, #4867 ) ;
#2214 = AXIS2_PLACEMENT_3D ( 'NONE', #1302, #3898, #1709 ) ;
#2215 = DIRECTION ( 'NONE',  ( 0.000000000000000000, 0.000000000000000000, -1.000000000000000000 ) ) ;
#2216 = CARTESIAN_POINT ( 'NONE',  ( -0.5000000000000000000, 0.09227743494484449971, 6.000000000000000888 ) ) ;
#2217 = CARTESIAN_POINT ( 'NONE',  ( -0.1279999999999999472, 0.9499750000000000139, 6.000000000000000888 ) ) ;
#2218 = LINE ( 'NONE', #4797, #4258 ) ;
#2219 = DIRECTION ( 'NONE',  ( 1.000000000000000000, 0.000000000000000000, 0.000000000000000000 ) ) ;
#2220 = CYLINDRICAL_SURFACE ( 'NONE', #4580, 0.02174999999999998115 ) ;
#2221 = DIRECTION ( 'NONE',  ( -0.000000000000000000, 0.000000000000000000, -1.000000000000000000 ) ) ;
#2222 = ORIENTED_EDGE ( 'NONE', *, *, #3294, .T. ) ;
#2223 = VERTEX_POINT ( 'NONE', #3895 ) ;
#2224 = DIRECTION ( 'NONE',  ( 0.000000000000000000, 0.000000000000000000, 1.000000000000000000 ) ) ;
#2225 = ORIENTED_EDGE ( 'NONE', *, *, #3922, .F. ) ;
#2226 = VERTEX_POINT ( 'NONE', #2118 ) ;
#2227 = DIRECTION ( 'NONE',  ( 0.000000000000000000, -0.000000000000000000, 1.000000000000000000 ) ) ;
#2228 = LINE ( 'NONE', #4868, #3356 ) ;
#2229 = ORIENTED_EDGE ( 'NONE', *, *, #5636, .T. ) ;
#2230 = ORIENTED_EDGE ( 'NONE', *, *, #669, .T. ) ;
#2231 = ORIENTED_EDGE ( 'NONE', *, *, #886, .F. ) ;
#2232 = CARTESIAN_POINT ( 'NONE',  ( -0.4129999999999999227, 0.7499400794764283784, -6.000000000000000888 ) ) ;
#2233 = EDGE_CURVE ( 'NONE', #174, #1439, #2049, .T. ) ;
#2234 = CIRCLE ( 'NONE', #1497, 0.02175000000000001238 ) ;
#2235 = ORIENTED_EDGE ( 'NONE', *, *, #901, .F. ) ;
#2236 = ADVANCED_FACE ( 'NONE', ( #5648 ), #3055, .T. ) ;
#2237 = CC_DESIGN_PERSON_AND_ORGANIZATION_ASSIGNMENT ( #4159, #5072, ( #1278 ) ) ;
#2238 = DIRECTION ( 'NONE',  ( 0.000000000000000000, -0.000000000000000000, -1.000000000000000000 ) ) ;
#2239 = ORIENTED_EDGE ( 'NONE', *, *, #3318, .F. ) ;
#2240 = CIRCLE ( 'NONE', #111, 0.08760000000000003895 ) ;
#2241 = DIRECTION ( 'NONE',  ( 0.000000000000000000, -0.000000000000000000, 1.000000000000000000 ) ) ;
#2242 = VECTOR ( 'NONE', #4117, 39.37007874015748143 ) ;
#2243 = DIRECTION ( 'NONE',  ( -0.000000000000000000, -0.000000000000000000, -1.000000000000000000 ) ) ;
#2244 = LENGTH_MEASURE_WITH_UNIT ( LENGTH_MEASURE( 0.02539999999999999897 ), #2757 );
#2245 = DIRECTION ( 'NONE',  ( -1.000000000000000000, 0.000000000000000000, 0.000000000000000000 ) ) ;
#2246 = EDGE_CURVE ( 'NONE', #3860, #4118, #5167, .T. ) ;
#2247 = ADVANCED_FACE ( 'NONE', ( #4779 ), #830, .T. ) ;
#2248 = AXIS2_PLACEMENT_3D ( 'NONE', #5169, #1197, #3448 ) ;
#2249 = VECTOR ( 'NONE', #2138, 39.37007874015748143 ) ;
#2250 = LINE ( 'NONE', #66, #1507 ) ;
#2251 = FACE_OUTER_BOUND ( 'NONE', #2003, .T. ) ;
#2252 = CARTESIAN_POINT ( 'NONE',  ( 0.2499400794764282396, -1.000000000000000000, 6.000000000000000888 ) ) ;
#2253 = CIRCLE ( 'NONE', #3987, 0.04205992052357206135 ) ;
#2254 = AXIS2_PLACEMENT_3D ( 'NONE', #1928, #3191, #993 ) ;
#2255 = CARTESIAN_POINT ( 'NONE',  ( -0.1471391560048289637, -0.7086574459680585747, 6.000000000000000888 ) ) ;
#2256 = EDGE_CURVE ( 'NONE', #3986, #5277, #1723, .T. ) ;
#2257 = VERTEX_POINT ( 'NONE', #3884 ) ;
#2258 = VECTOR ( 'NONE', #2310, 39.37007874015748143 ) ;
#2259 = CARTESIAN_POINT ( 'NONE',  ( 0.5000000000000001110, 0.6649749999999998717, 6.000000000000000888 ) ) ;
#2260 = VERTEX_POINT ( 'NONE', #1294 ) ;
#2261 = DIRECTION ( 'NONE',  ( -0.000000000000000000, -0.000000000000000000, -1.000000000000000000 ) ) ;
#2262 = ORIENTED_EDGE ( 'NONE', *, *, #2019, .F. ) ;
#2263 = CARTESIAN_POINT ( 'NONE',  ( 0.5000000000000001110, 0.7499400794764282674, 6.000000000000000888 ) ) ;
#2264 = PLANE ( 'NONE',  #505 ) ;
#2265 = ORIENTED_EDGE ( 'NONE', *, *, #1348, .T. ) ;
#2266 = EDGE_LOOP ( 'NONE', ( #2272, #3979, #2428, #873 ) ) ;
#2267 = EDGE_LOOP ( 'NONE', ( #3568, #5337, #660, #2831 ) ) ;
#2268 = DIRECTION ( 'NONE',  ( -0.000000000000000000, 0.000000000000000000, -1.000000000000000000 ) ) ;
#2269 = ORIENTED_EDGE ( 'NONE', *, *, #1588, .F. ) ;
#2270 = AXIS2_PLACEMENT_3D ( 'NONE', #2455, #2857, #3739 ) ;
#2271 = DIRECTION ( 'NONE',  ( 2.926849330295178087E-16, -1.000000000000000000, 0.000000000000000000 ) ) ;
#2272 = ORIENTED_EDGE ( 'NONE', *, *, #1896, .F. ) ;
#2273 = EDGE_CURVE ( 'NONE', #3367, #5525, #205, .T. ) ;
#2274 = DIRECTION ( 'NONE',  ( 0.7071067811865479058, -0.7071067811865472397, 0.000000000000000000 ) ) ;
#2275 = EDGE_CURVE ( 'NONE', #423, #2078, #387, .T. ) ;
#2276 = PLANE ( 'NONE',  #4743 ) ;
#2277 = DIRECTION ( 'NONE',  ( 0.000000000000000000, 0.000000000000000000, 1.000000000000000000 ) ) ;
#2278 = AXIS2_PLACEMENT_3D ( 'NONE', #314, #3746, #2028 ) ;
#2279 = DIRECTION ( 'NONE',  ( 0.000000000000000000, 0.000000000000000000, -1.000000000000000000 ) ) ;
#2280 = DIRECTION ( 'NONE',  ( 0.000000000000000000, -0.000000000000000000, -1.000000000000000000 ) ) ;
#2281 = EDGE_CURVE ( 'NONE', #4289, #3042, #3615, .T. ) ;
#2282 = LINE ( 'NONE', #97, #5219 ) ;
#2283 = CARTESIAN_POINT ( 'NONE',  ( 0.1649749999999999550, 1.000000000000000000, 6.000000000000000888 ) ) ;
#2284 = ORIENTED_EDGE ( 'NONE', *, *, #5470, .F. ) ;
#2285 = CYLINDRICAL_SURFACE ( 'NONE', #1501, 0.1024999999999999939 ) ;
#2286 = ORIENTED_EDGE ( 'NONE', *, *, #1642, .T. ) ;
#2287 = DIRECTION ( 'NONE',  ( 0.000000000000000000, -1.000000000000000000, 0.000000000000000000 ) ) ;
#2288 = EDGE_CURVE ( 'NONE', #5099, #3113, #3915, .T. ) ;
#2289 = CARTESIAN_POINT ( 'NONE',  ( -0.4499749999999999028, 0.3350250000000000727, 6.000000000000000888 ) ) ;
#2290 = DIRECTION ( 'NONE',  ( 1.000000000000000000, 1.607629870117495189E-15, 0.000000000000000000 ) ) ;
#2291 = CARTESIAN_POINT ( 'NONE',  ( 0.5000000000000000000, -0.07052743494484452202, -6.000000000000000888 ) ) ;
#2292 = ORIENTED_EDGE ( 'NONE', *, *, #3838, .T. ) ;
#2293 = ORIENTED_EDGE ( 'NONE', *, *, #3319, .T. ) ;
#2294 = ORIENTED_EDGE ( 'NONE', *, *, #2389, .F. ) ;
#2295 = DIRECTION ( 'NONE',  ( 1.000000000000000000, 0.000000000000000000, 0.000000000000000000 ) ) ;
#2296 = VECTOR ( 'NONE', #1664, 39.37007874015748143 ) ;
#2297 = VERTEX_POINT ( 'NONE', #2569 ) ;
#2298 = VECTOR ( 'NONE', #2599, 39.37007874015748143 ) ;
#2299 = VECTOR ( 'NONE', #243, 39.37007874015748143 ) ;
#2300 = CARTESIAN_POINT ( 'NONE',  ( 0.4129999999999999227, 0.7499400794764283784, 6.000000000000000888 ) ) ;
#2301 = VERTEX_POINT ( 'NONE', #3798 ) ;
#2302 = DIRECTION ( 'NONE',  ( 0.000000000000000000, -0.000000000000000000, 1.000000000000000000 ) ) ;
#2303 = CARTESIAN_POINT ( 'NONE',  ( -0.1829999999999998572, 0.5851966019728873647, 6.000000000000000888 ) ) ;
#2304 = AXIS2_PLACEMENT_3D ( 'NONE', #3694, #4936, #3614 ) ;
#2305 = ADVANCED_FACE ( 'NONE', ( #3481 ), #5235, .F. ) ;
#2306 = AXIS2_PLACEMENT_3D ( 'NONE', #3983, #3552, #3064 ) ;
#2307 = DIRECTION ( 'NONE',  ( 0.000000000000000000, 0.000000000000000000, -1.000000000000000000 ) ) ;
#2308 = DIRECTION ( 'NONE',  ( 0.000000000000000000, -0.000000000000000000, -1.000000000000000000 ) ) ;
#2309 = CARTESIAN_POINT ( 'NONE',  ( -0.4630250000000000199, -0.6280000000000000027, 6.000000000000000888 ) ) ;
#2310 = DIRECTION ( 'NONE',  ( 0.000000000000000000, 0.000000000000000000, -1.000000000000000000 ) ) ;
#2311 = VECTOR ( 'NONE', #3630, 39.37007874015748143 ) ;
#2312 = EDGE_CURVE ( 'NONE', #1250, #335, #4229, .T. ) ;
#2313 = VERTEX_POINT ( 'NONE', #2046 ) ;
#2314 = EDGE_CURVE ( 'NONE', #3367, #835, #5555, .T. ) ;
#2315 = LINE ( 'NONE', #1789, #2518 ) ;
#2316 = EDGE_LOOP ( 'NONE', ( #5449, #3809, #5326, #5469 ) ) ;
#2317 = DIRECTION ( 'NONE',  ( -0.000000000000000000, -0.000000000000000000, -1.000000000000000000 ) ) ;
#2318 = CARTESIAN_POINT ( 'NONE',  ( -0.3912499999999999312, 0.01647256505515531932, 6.000000000000000888 ) ) ;
#2319 = DIRECTION ( 'NONE',  ( 0.000000000000000000, 0.000000000000000000, 1.000000000000000000 ) ) ;
#2320 = DIRECTION ( 'NONE',  ( -0.000000000000000000, -0.000000000000000000, -1.000000000000000000 ) ) ;
#2321 = EDGE_LOOP ( 'NONE', ( #3975, #871, #2177, #2747 ) ) ;
#2322 = EDGE_CURVE ( 'NONE', #1886, #3900, #2425, .T. ) ;
#2323 = VERTEX_POINT ( 'NONE', #1236 ) ;
#2324 = ORIENTED_EDGE ( 'NONE', *, *, #2659, .T. ) ;
#2325 = FACE_OUTER_BOUND ( 'NONE', #4437, .T. ) ;
#2326 = ORIENTED_EDGE ( 'NONE', *, *, #503, .T. ) ;
#2327 = CARTESIAN_POINT ( 'NONE',  ( -0.3411992244580428491, 0.7796809344948134601, -6.000000000000000888 ) ) ;
#2328 = VERTEX_POINT ( 'NONE', #3825 ) ;
#2329 = CARTESIAN_POINT ( 'NONE',  ( 2.731847993664263218E-16, 0.3169999999999999485, -6.000000000000000888 ) ) ;
#2330 = LINE ( 'NONE', #1451, #2367 ) ;
#2331 = DATE_AND_TIME ( #1952, #5133 ) ;
#2332 = VERTEX_POINT ( 'NONE', #5148 ) ;
#2333 = CIRCLE ( 'NONE', #1397, 0.02174999999999998115 ) ;
#2334 = VECTOR ( 'NONE', #373, 39.37007874015748143 ) ;
#2335 = DIRECTION ( 'NONE',  ( -0.000000000000000000, 0.000000000000000000, 1.000000000000000000 ) ) ;
#2336 = DIRECTION ( 'NONE',  ( -0.000000000000000000, 0.000000000000000000, -1.000000000000000000 ) ) ;
#2337 = DIRECTION ( 'NONE',  ( -0.000000000000000000, -0.000000000000000000, -1.000000000000000000 ) ) ;
#2338 = LINE ( 'NONE', #3563, #764 ) ;
#2339 = VECTOR ( 'NONE', #3569, 39.37007874015748143 ) ;
#2340 = VECTOR ( 'NONE', #3510, 39.37007874015748143 ) ;
#2341 = ORIENTED_EDGE ( 'NONE', *, *, #460, .F. ) ;
#2342 = LINE ( 'NONE', #4090, #578 ) ;
#2343 = ORIENTED_EDGE ( 'NONE', *, *, #3318, .T. ) ;
#2344 = CARTESIAN_POINT ( 'NONE',  ( 0.1649749999999999550, 0.9499750000000000139, 6.000000000000000888 ) ) ;
#2345 = CIRCLE ( 'NONE', #2063, 0.08760000000000003895 ) ;
#2346 = ORIENTED_EDGE ( 'NONE', *, *, #1933, .T. ) ;
#2347 = DIRECTION ( 'NONE',  ( 1.000000000000000000, -4.008152805398325894E-16, 0.000000000000000000 ) ) ;
#2348 = EDGE_CURVE ( 'NONE', #770, #5099, #4808, .T. ) ;
#2349 = ADVANCED_FACE ( 'NONE', ( #4721 ), #769, .F. ) ;
#2350 = CARTESIAN_POINT ( 'NONE',  ( 0.2281900794764282203, 1.000000000000000000, -6.000000000000000888 ) ) ;
#2351 = AXIS2_PLACEMENT_3D ( 'NONE', #1282, #467, #2155 ) ;
#2352 = ORIENTED_EDGE ( 'NONE', *, *, #3811, .T. ) ;
#2353 = ORIENTED_EDGE ( 'NONE', *, *, #116, .T. ) ;
#2354 = EDGE_LOOP ( 'NONE', ( #4358, #945, #4207, #4574 ) ) ;
#2355 = CARTESIAN_POINT ( 'NONE',  ( 0.2086574459680583804, -0.3528608439951709252, -6.000000000000000888 ) ) ;
#2356 = EDGE_CURVE ( 'NONE', #5671, #2697, #3856, .T. ) ;
#2357 = VERTEX_POINT ( 'NONE', #3420 ) ;
#2358 = CARTESIAN_POINT ( 'NONE',  ( -0.1471391560048289637, 0.7086574459680585747, -6.000000000000000888 ) ) ;
#2359 = ORIENTED_EDGE ( 'NONE', *, *, #2666, .F. ) ;
#2360 = LINE ( 'NONE', #2329, #4961 ) ;
#2361 = ADVANCED_FACE ( 'NONE', ( #5178 ), #2999, .T. ) ;
#2362 = VECTOR ( 'NONE', #2719, 39.37007874015748143 ) ;
#2363 = ORIENTED_EDGE ( 'NONE', *, *, #4809, .T. ) ;
#2364 = DIRECTION ( 'NONE',  ( 2.926849330295178580E-16, 1.000000000000000000, 0.000000000000000000 ) ) ;
#2365 = CARTESIAN_POINT ( 'NONE',  ( 0.4129999999999999227, -0.01647256505515531932, -6.000000000000000888 ) ) ;
#2366 = DIRECTION ( 'NONE',  ( 1.000000000000000000, 5.853698660590358146E-16, 0.000000000000000000 ) ) ;
#2367 = VECTOR ( 'NONE', #2462, 39.37007874015748143 ) ;
#2368 = DIRECTION ( 'NONE',  ( 1.000000000000000000, 0.000000000000000000, 0.000000000000000000 ) ) ;
#2369 = ORIENTED_EDGE ( 'NONE', *, *, #1963, .F. ) ;
#2370 = CARTESIAN_POINT ( 'NONE',  ( 0.2064400794764282288, 1.000000000000000000, -6.000000000000000888 ) ) ;
#2371 = ORIENTED_EDGE ( 'NONE', *, *, #1822, .F. ) ;
#2372 = CARTESIAN_POINT ( 'NONE',  ( -0.4129999999999999227, -0.7499400794764283784, 6.000000000000000888 ) ) ;
#2373 = CARTESIAN_POINT ( 'NONE',  ( 0.2086574459680583804, 0.3528608439951709252, -6.000000000000000888 ) ) ;
#2374 = PLANE ( 'NONE',  #2474 ) ;
#2375 = DIRECTION ( 'NONE',  ( -0.000000000000000000, -0.000000000000000000, -1.000000000000000000 ) ) ;
#2376 = ORIENTED_EDGE ( 'NONE', *, *, #4971, .F. ) ;
#2377 = EDGE_CURVE ( 'NONE', #3010, #1205, #1217, .T. ) ;
#2378 = ORIENTED_EDGE ( 'NONE', *, *, #1218, .T. ) ;
#2379 = EDGE_LOOP ( 'NONE', ( #200, #4272, #3200, #5654 ) ) ;
#2380 = DIRECTION ( 'NONE',  ( 1.000000000000000000, 0.000000000000000000, 0.000000000000000000 ) ) ;
#2381 = ORIENTED_EDGE ( 'NONE', *, *, #1732, .T. ) ;
#2382 = ADVANCED_FACE ( 'NONE', ( #3973 ), #5381, .F. ) ;
#2383 = CARTESIAN_POINT ( 'NONE',  ( -0.4499749999999999028, 0.6280000000000000027, 6.000000000000000888 ) ) ;
#2384 = AXIS2_PLACEMENT_3D ( 'NONE', #2318, #1030, #3334 ) ;
#2385 = VERTEX_POINT ( 'NONE', #890 ) ;
#2386 = FACE_OUTER_BOUND ( 'NONE', #2379, .T. ) ;
#2387 = ORIENTED_EDGE ( 'NONE', *, *, #2179, .T. ) ;
#2388 = AXIS2_PLACEMENT_3D ( 'NONE', #2937, #2622, #4683 ) ;
#2389 = EDGE_CURVE ( 'NONE', #402, #865, #2315, .T. ) ;
#2390 = DIRECTION ( 'NONE',  ( -1.000000000000000000, 0.000000000000000000, 0.000000000000000000 ) ) ;
#2391 = CARTESIAN_POINT ( 'NONE',  ( -0.4066295724908073339, -0.03185213754596270125, 6.000000000000000888 ) ) ;
#2392 = VECTOR ( 'NONE', #4052, 39.37007874015748143 ) ;
#2393 = LINE ( 'NONE', #3704, #1546 ) ;
#2394 = LINE ( 'NONE', #4142, #4804 ) ;
#2395 = VECTOR ( 'NONE', #1481, 39.37007874015748143 ) ;
#2396 = DIRECTION ( 'NONE',  ( -1.000000000000000000, -1.046685055043766868E-14, 0.000000000000000000 ) ) ;
#2397 = ORIENTED_EDGE ( 'NONE', *, *, #4406, .T. ) ;
#2398 = FACE_OUTER_BOUND ( 'NONE', #5526, .T. ) ;
#2399 = LINE ( 'NONE', #166, #5586 ) ;
#2400 = DIRECTION ( 'NONE',  ( 0.000000000000000000, 0.000000000000000000, 1.000000000000000000 ) ) ;
#2401 = AXIS2_PLACEMENT_3D ( 'NONE', #1388, #2206, #3928 ) ;
#2402 = CARTESIAN_POINT ( 'NONE',  ( 0.4129999999999999227, 0.7499400794764283784, -6.000000000000000888 ) ) ;
#2403 = EDGE_LOOP ( 'NONE', ( #1787, #4081, #5188, #5473 ) ) ;
#2404 = ORIENTED_EDGE ( 'NONE', *, *, #84, .F. ) ;
#2405 = EDGE_LOOP ( 'NONE', ( #1554, #1735, #5647, #5092 ) ) ;
#2406 = CYLINDRICAL_SURFACE ( 'NONE', #4221, 0.02175000000000001238 ) ;
#2407 = ORIENTED_EDGE ( 'NONE', *, *, #2322, .T. ) ;
#2408 = DIRECTION ( 'NONE',  ( -1.000000000000000000, 0.000000000000000000, 0.000000000000000000 ) ) ;
#2409 = ORIENTED_EDGE ( 'NONE', *, *, #608, .T. ) ;
#2410 = CARTESIAN_POINT ( 'NONE',  ( -0.4630250000000000199, 0.6649749999999998717, 6.000000000000000888 ) ) ;
#2411 = PERSON_AND_ORGANIZATION ( #693, #3576 ) ;
#2412 = EDGE_CURVE ( 'NONE', #2751, #3697, #4487, .T. ) ;
#2413 = ORIENTED_EDGE ( 'NONE', *, *, #1660, .T. ) ;
#2414 = DIRECTION ( 'NONE',  ( -0.000000000000000000, 0.000000000000000000, 1.000000000000000000 ) ) ;
#2415 = LINE ( 'NONE', #1458, #3710 ) ;
#2416 = LINE ( 'NONE', #1931, #1084 ) ;
#2417 = LINE ( 'NONE', #1543, #1135 ) ;
#2418 = ADVANCED_FACE ( 'NONE', ( #2194 ), #512, .F. ) ;
#2419 = VECTOR ( 'NONE', #416, 39.37007874015748143 ) ;
#2420 = CARTESIAN_POINT ( 'NONE',  ( 0.1649749999999999550, 1.000000000000000000, 6.000000000000000888 ) ) ;
#2421 = ORIENTED_EDGE ( 'NONE', *, *, #2058, .F. ) ;
#2422 = DIRECTION ( 'NONE',  ( 1.000000000000000000, 0.000000000000000000, 0.000000000000000000 ) ) ;
#2423 = DIRECTION ( 'NONE',  ( 1.000000000000000000, 0.000000000000000000, 0.000000000000000000 ) ) ;
#2424 = AXIS2_PLACEMENT_3D ( 'NONE', #3737, #5058, #4119 ) ;
#2425 = CIRCLE ( 'NONE', #5628, 0.04205992052357206135 ) ;
#2426 = DIRECTION ( 'NONE',  ( 0.000000000000000000, -0.000000000000000000, -1.000000000000000000 ) ) ;
#2427 = ADVANCED_FACE ( 'NONE', ( #540 ), #4060, .F. ) ;
#2428 = ORIENTED_EDGE ( 'NONE', *, *, #1765, .T. ) ;
#2429 = AXIS2_PLACEMENT_3D ( 'NONE', #331, #3022, #305 ) ;
#2430 = AXIS2_PLACEMENT_3D ( 'NONE', #2934, #3359, #4742 ) ;
#2431 = ORIENTED_EDGE ( 'NONE', *, *, #5653, .F. ) ;
#2432 = ORIENTED_EDGE ( 'NONE', *, *, #3919, .T. ) ;
#2433 = LINE ( 'NONE', #4180, #5050 ) ;
#2434 = LINE ( 'NONE', #5500, #511 ) ;
#2435 = CIRCLE ( 'NONE', #3880, 0.1024999999999999939 ) ;
#2436 = ORIENTED_EDGE ( 'NONE', *, *, #3818, .T. ) ;
#2437 = CARTESIAN_POINT ( 'NONE',  ( 0.5000000000000001110, 0.3350250000000000727, 6.000000000000000888 ) ) ;
#2438 = VERTEX_POINT ( 'NONE', #1436 ) ;
#2439 = CARTESIAN_POINT ( 'NONE',  ( 0.4630250000000000199, -0.6280000000000000027, 6.000000000000000888 ) ) ;
#2440 = CALENDAR_DATE ( 2026, 18, 1 ) ;
#2441 = ORIENTED_EDGE ( 'NONE', *, *, #5212, .F. ) ;
#2442 = ADVANCED_FACE ( 'NONE', ( #5697 ), #4404, .F. ) ;
#2443 = ADVANCED_FACE ( 'NONE', ( #4920 ), #2285, .F. ) ;
#2444 = LINE ( 'NONE', #4189, #3166 ) ;
#2445 = CARTESIAN_POINT ( 'NONE',  ( -0.4499749999999999028, 0.3719999999999999973, -6.000000000000000888 ) ) ;
#2446 = DIRECTION ( 'NONE',  ( 0.000000000000000000, -0.000000000000000000, -1.000000000000000000 ) ) ;
#2447 = AXIS2_PLACEMENT_3D ( 'NONE', #1008, #82, #1821 ) ;
#2448 = DIRECTION ( 'NONE',  ( 1.000000000000000000, 0.000000000000000000, 0.000000000000000000 ) ) ;
#2449 = CIRCLE ( 'NONE', #3913, 0.02175000000000001238 ) ;
#2450 = LINE ( 'NONE', #2420, #3887 ) ;
#2451 = EDGE_CURVE ( 'NONE', #4663, #3286, #863, .T. ) ;
#2452 = VERTEX_POINT ( 'NONE', #18 ) ;
#2453 = DIRECTION ( 'NONE',  ( 1.000000000000000000, 0.000000000000000000, 0.000000000000000000 ) ) ;
#2454 = LINE ( 'NONE', #4632, #625 ) ;
#2455 = CARTESIAN_POINT ( 'NONE',  ( 0.3912499999999999312, 0.01647256505515531932, -6.000000000000000888 ) ) ;
#2456 = AXIS2_PLACEMENT_3D ( 'NONE', #4968, #1017, #1615 ) ;
#2457 = VERTEX_POINT ( 'NONE', #1815 ) ;
#2458 = ADVANCED_FACE ( 'NONE', ( #4028 ), #3595, .F. ) ;
#2459 = EDGE_LOOP ( 'NONE', ( #2397, #1874, #4364, #684 ) ) ;
#2460 = ORIENTED_EDGE ( 'NONE', *, *, #775, .F. ) ;
#2461 = DIRECTION ( 'NONE',  ( -0.7071067811865472397, 0.7071067811865479058, 0.000000000000000000 ) ) ;
#2462 = DIRECTION ( 'NONE',  ( -0.000000000000000000, 0.000000000000000000, -1.000000000000000000 ) ) ;
#2463 = ORIENTED_EDGE ( 'NONE', *, *, #1453, .F. ) ;
#2464 = CARTESIAN_POINT ( 'NONE',  ( 0.1024999999999999800, 0.5000000000000000000, -6.000000000000000888 ) ) ;
#2465 = EDGE_LOOP ( 'NONE', ( #4076, #4660, #4204, #4171 ) ) ;
#2466 = DIRECTION ( 'NONE',  ( -0.7071067811865479058, -0.7071067811865472397, 0.000000000000000000 ) ) ;
#2467 = VERTEX_POINT ( 'NONE', #4377 ) ;
#2468 = CARTESIAN_POINT ( 'NONE',  ( 0.3411992244580428491, -0.7796809344948134601, -6.000000000000000888 ) ) ;
#2469 = DIRECTION ( 'NONE',  ( -0.000000000000000000, -0.000000000000000000, -1.000000000000000000 ) ) ;
#2470 = CARTESIAN_POINT ( 'NONE',  ( 0.5000000000000000000, 0.2718099205235717242, -6.000000000000000888 ) ) ;
#2471 = CARTESIAN_POINT ( 'NONE',  ( 0.1471391560048289637, -0.7086574459680585747, 6.000000000000000888 ) ) ;
#2472 = AXIS2_PLACEMENT_3D ( 'NONE', #3391, #3414, #4714 ) ;
#2473 = EDGE_CURVE ( 'NONE', #2601, #5127, #941, .T. ) ;
#2474 = AXIS2_PLACEMENT_3D ( 'NONE', #2718, #516, #5413 ) ;
#2475 = DIRECTION ( 'NONE',  ( 1.000000000000000000, -1.607629870117495189E-15, 0.000000000000000000 ) ) ;
#2476 = ORIENTED_EDGE ( 'NONE', *, *, #2246, .T. ) ;
#2477 = DIRECTION ( 'NONE',  ( -0.000000000000000000, 0.000000000000000000, -1.000000000000000000 ) ) ;
#2478 = DIRECTION ( 'NONE',  ( -0.000000000000000000, 0.000000000000000000, -1.000000000000000000 ) ) ;
#2479 = CARTESIAN_POINT ( 'NONE',  ( -0.5000000000000001110, 0.2500599205235717326, 6.000000000000000888 ) ) ;
#2480 = ADVANCED_FACE ( 'NONE', ( #917 ), #5348, .F. ) ;
#2481 = AXIS2_PLACEMENT_3D ( 'NONE', #502, #2277, #5250 ) ;
#2482 = ADVANCED_FACE ( 'NONE', ( #2684 ), #4430, .F. ) ;
#2483 = VECTOR ( 'NONE', #1215, 39.37007874015748143 ) ;
#2484 = EDGE_CURVE ( 'NONE', #4662, #1250, #2714, .T. ) ;
#2485 = EDGE_LOOP ( 'NONE', ( #4870, #2853, #4966, #4421 ) ) ;
#2486 = DIRECTION ( 'NONE',  ( 1.607629870117495978E-15, -1.000000000000000000, 0.000000000000000000 ) ) ;
#2487 = ORIENTED_EDGE ( 'NONE', *, *, #72, .F. ) ;
#2488 = ORIENTED_EDGE ( 'NONE', *, *, #5531, .T. ) ;
#2489 = CARTESIAN_POINT ( 'NONE',  ( -0.4630250000000000199, 0.3719999999999999973, 6.000000000000000888 ) ) ;
#2490 = LINE ( 'NONE', #5122, #1616 ) ;
#2491 = PRODUCT_DEFINITION ( 'UNKNOWN', '', #1278, #4954 ) ;
#2492 = EDGE_CURVE ( 'NONE', #5550, #1011, #5359, .T. ) ;
#2493 = ORIENTED_EDGE ( 'NONE', *, *, #1004, .F. ) ;
#2494 = DIRECTION ( 'NONE',  ( -1.000000000000000000, 0.000000000000000000, 0.000000000000000000 ) ) ;
#2495 = ORIENTED_EDGE ( 'NONE', *, *, #3776, .F. ) ;
#2496 = CARTESIAN_POINT ( 'NONE',  ( -0.5000000000000000000, 0.2718099205235717242, 6.000000000000000888 ) ) ;
#2497 = ORIENTED_EDGE ( 'NONE', *, *, #4617, .F. ) ;
#2498 = DIRECTION ( 'NONE',  ( 0.000000000000000000, -0.000000000000000000, 1.000000000000000000 ) ) ;
#2499 = DIRECTION ( 'NONE',  ( -0.000000000000000000, 0.000000000000000000, -1.000000000000000000 ) ) ;
#2500 = DIRECTION ( 'NONE',  ( 1.000000000000000000, 0.000000000000000000, 0.000000000000000000 ) ) ;
#2501 = DIRECTION ( 'NONE',  ( 2.926849330295178087E-16, -1.000000000000000000, 0.000000000000000000 ) ) ;
#2502 = DIRECTION ( 'NONE',  ( 1.000000000000000000, 0.000000000000000000, 0.000000000000000000 ) ) ;
#2503 = CARTESIAN_POINT ( 'NONE',  ( -0.1649749999999999550, 0.9129999999999999227, -6.000000000000000888 ) ) ;
#2504 = ORIENTED_EDGE ( 'NONE', *, *, #4388, .T. ) ;
#2505 = DIRECTION ( 'NONE',  ( -1.000000000000000000, 0.000000000000000000, 0.000000000000000000 ) ) ;
#2506 = LINE ( 'NONE', #1635, #3939 ) ;
#2507 = DIRECTION ( 'NONE',  ( -2.926849330295178087E-16, -1.000000000000000000, 0.000000000000000000 ) ) ;
#2508 = ORIENTED_EDGE ( 'NONE', *, *, #675, .F. ) ;
#2509 = DIRECTION ( 'NONE',  ( 0.000000000000000000, -0.000000000000000000, -1.000000000000000000 ) ) ;
#2510 = AXIS2_PLACEMENT_3D ( 'NONE', #90, #1861, #3611 ) ;
#2511 = EDGE_CURVE ( 'NONE', #5277, #2594, #5434, .T. ) ;
#2512 = ORIENTED_EDGE ( 'NONE', *, *, #2832, .F. ) ;
#2513 = VECTOR ( 'NONE', #3817, 39.37007874015748143 ) ;
#2514 = EDGE_CURVE ( 'NONE', #5234, #831, #1936, .T. ) ;
#2515 = VERTEX_POINT ( 'NONE', #1991 ) ;
#2516 = DIRECTION ( 'NONE',  ( 1.000000000000000000, 0.000000000000000000, 0.000000000000000000 ) ) ;
#2517 = CARTESIAN_POINT ( 'NONE',  ( 0.5000000000000001110, -0.2500599205235717326, -6.000000000000000888 ) ) ;
#2518 = VECTOR ( 'NONE', #2652, 39.37007874015748143 ) ;
#2519 = ORIENTED_EDGE ( 'NONE', *, *, #2377, .T. ) ;
#2520 = CARTESIAN_POINT ( 'NONE',  ( -0.5000000000000001110, -0.3350250000000000727, 6.000000000000000888 ) ) ;
#2521 = LINE ( 'NONE', #2119, #2047 ) ;
#2522 = EDGE_CURVE ( 'NONE', #2778, #4389, #662, .T. ) ;
#2523 = EDGE_LOOP ( 'NONE', ( #409, #1945, #2239, #3945 ) ) ;
#2524 = VECTOR ( 'NONE', #1081, 39.37007874015748143 ) ;
#2525 = CARTESIAN_POINT ( 'NONE',  ( 0.1280000000000000027, -0.9630250000000000199, 6.000000000000000888 ) ) ;
#2526 = AXIS2_PLACEMENT_3D ( 'NONE', #4621, #561, #2390 ) ;
#2527 = VERTEX_POINT ( 'NONE', #5056 ) ;
#2528 = DIRECTION ( 'NONE',  ( 0.7071067811865479058, 0.7071067811865472397, 0.000000000000000000 ) ) ;
#2529 = ADVANCED_FACE ( 'NONE', ( #3735 ), #1467, .F. ) ;
#2530 = CARTESIAN_POINT ( 'NONE',  ( 0.1649749999999999550, -1.000000000000000000, -6.000000000000000888 ) ) ;
#2531 = LINE ( 'NONE', #3871, #1806 ) ;
#2532 = DIRECTION ( 'NONE',  ( -1.000000000000000000, 0.000000000000000000, 0.000000000000000000 ) ) ;
#2533 = DIRECTION ( 'NONE',  ( 1.000000000000000000, 0.000000000000000000, 0.000000000000000000 ) ) ;
#2534 = CARTESIAN_POINT ( 'NONE',  ( -0.1471391560048289637, -0.7086574459680585747, 6.000000000000000888 ) ) ;
#2535 = CARTESIAN_POINT ( 'NONE',  ( 0.3411992244580428491, 0.7796809344948134601, -6.000000000000000888 ) ) ;
#2536 = LINE ( 'NONE', #795, #1544 ) ;
#2537 = CARTESIAN_POINT ( 'NONE',  ( 0.4066295724908073339, -0.03185213754596270125, -6.000000000000000888 ) ) ;
#2538 = VECTOR ( 'NONE', #1942, 39.37007874015748143 ) ;
#2539 = ORIENTED_EDGE ( 'NONE', *, *, #4273, .T. ) ;
#2540 = DIRECTION ( 'NONE',  ( 1.000000000000000000, 0.000000000000000000, 0.000000000000000000 ) ) ;
#2541 = ORIENTED_EDGE ( 'NONE', *, *, #2514, .T. ) ;
#2542 = ORIENTED_EDGE ( 'NONE', *, *, #4460, .F. ) ;
#2543 = LINE ( 'NONE', #5558, #5415 ) ;
#2544 = LINE ( 'NONE', #1355, #135 ) ;
#2545 = CIRCLE ( 'NONE', #1712, 0.02174999999999998115 ) ;
#2546 = EDGE_LOOP ( 'NONE', ( #636, #20, #2048, #4300 ) ) ;
#2547 = EDGE_CURVE ( 'NONE', #3263, #4964, #5005, .T. ) ;
#2548 = DIRECTION ( 'NONE',  ( -0.000000000000000000, -0.000000000000000000, -1.000000000000000000 ) ) ;
#2549 = LINE ( 'NONE', #3865, #3065 ) ;
#2550 = ORIENTED_EDGE ( 'NONE', *, *, #2931, .F. ) ;
#2551 = FACE_OUTER_BOUND ( 'NONE', #4214, .T. ) ;
#2552 = VERTEX_POINT ( 'NONE', #1490 ) ;
#2553 = EDGE_CURVE ( 'NONE', #123, #3401, #2342, .T. ) ;
#2554 = CARTESIAN_POINT ( 'NONE',  ( -0.1829999999999998572, 0.5851966019728873647, -6.000000000000000888 ) ) ;
#2555 = CARTESIAN_POINT ( 'NONE',  ( 0.1649749999999999550, -0.9129999999999999227, 6.000000000000000888 ) ) ;
#2556 = DIRECTION ( 'NONE',  ( -0.000000000000000000, -0.000000000000000000, -1.000000000000000000 ) ) ;
#2557 = CARTESIAN_POINT ( 'NONE',  ( -0.3709400794764278753, 0.2500599205235715661, 6.000000000000000888 ) ) ;
#2558 = CARTESIAN_POINT ( 'NONE',  ( -0.1471391560048289637, 0.2913425540319414808, 6.000000000000000888 ) ) ;
#2559 = EDGE_CURVE ( 'NONE', #3370, #3673, #162, .T. ) ;
#2560 = VECTOR ( 'NONE', #3714, 39.37007874015748143 ) ;
#2561 = CARTESIAN_POINT ( 'NONE',  ( -0.4952754672079547893, 0.9289532336714965144, -2.185478394931410575E-15 ) ) ;
#2562 = CARTESIAN_POINT ( 'NONE',  ( 0.5000000000000001110, -0.2935599205235716602, -6.000000000000000888 ) ) ;
#2563 = DIRECTION ( 'NONE',  ( 2.926849330295178087E-16, -1.000000000000000000, 0.000000000000000000 ) ) ;
#2564 = VECTOR ( 'NONE', #1720, 39.37007874015748143 ) ;
#2565 = CARTESIAN_POINT ( 'NONE',  ( -0.1829999999999998572, 0.5851966019728873647, 6.000000000000000888 ) ) ;
#2566 = EDGE_LOOP ( 'NONE', ( #5418, #714, #1465, #4203 ) ) ;
#2567 = ORIENTED_EDGE ( 'NONE', *, *, #316, .F. ) ;
#2568 = CIRCLE ( 'NONE', #3027, 0.03697499999999995235 ) ;
#2569 = CARTESIAN_POINT ( 'NONE',  ( -0.4129999999999999227, -0.6649749999999998717, 6.000000000000000888 ) ) ;
#2570 = ORIENTED_EDGE ( 'NONE', *, *, #5682, .F. ) ;
#2571 = ORIENTED_EDGE ( 'NONE', *, *, #3379, .F. ) ;
#2572 = LINE ( 'NONE', #1759, #2298 ) ;
#2573 = LOCAL_TIME ( 11, 38, 20.00000000000000000, #1900 ) ;
#2574 = CIRCLE ( 'NONE', #2670, 0.1024999999999999939 ) ;
#2575 = LINE ( 'NONE', #4292, #4829 ) ;
#2576 = ORIENTED_EDGE ( 'NONE', *, *, #4143, .T. ) ;
#2577 = CYLINDRICAL_SURFACE ( 'NONE', #5355, 0.1024999999999999939 ) ;
#2578 = DIRECTION ( 'NONE',  ( 1.000000000000000000, 5.853698660590358146E-16, 0.000000000000000000 ) ) ;
#2579 = ORIENTED_EDGE ( 'NONE', *, *, #4202, .T. ) ;
#2580 = CARTESIAN_POINT ( 'NONE',  ( -0.4499749999999999028, 0.6280000000000000027, 6.000000000000000888 ) ) ;
#2581 = VERTEX_POINT ( 'NONE', #1058 ) ;
#2582 = CARTESIAN_POINT ( 'NONE',  ( -0.5000000000000001110, 0.7064400794764282843, 6.000000000000000888 ) ) ;
#2583 = EDGE_CURVE ( 'NONE', #5496, #2594, #2450, .T. ) ;
#2584 = DIRECTION ( 'NONE',  ( -0.000000000000000000, -0.000000000000000000, -1.000000000000000000 ) ) ;
#2585 = DIRECTION ( 'NONE',  ( 0.000000000000000000, 0.000000000000000000, -1.000000000000000000 ) ) ;
#2586 = CARTESIAN_POINT ( 'NONE',  ( -0.3709400794764278753, -0.2500599205235715661, -6.000000000000000888 ) ) ;
#2587 = CARTESIAN_POINT ( 'NONE',  ( 0.3411992244580428491, -0.2203190655051865676, 6.000000000000000888 ) ) ;
#2588 = DIRECTION ( 'NONE',  ( 1.000000000000000000, 0.000000000000000000, 0.000000000000000000 ) ) ;
#2589 = DIRECTION ( 'NONE',  ( 1.000000000000000000, 0.000000000000000000, 0.000000000000000000 ) ) ;
#2590 = EDGE_CURVE ( 'NONE', #1829, #1035, #1681, .T. ) ;
#2591 = DIRECTION ( 'NONE',  ( -1.000000000000000000, 0.000000000000000000, 0.000000000000000000 ) ) ;
#2592 = CARTESIAN_POINT ( 'NONE',  ( 0.5000000000000001110, -0.3350250000000000727, -6.000000000000000888 ) ) ;
#2593 = VERTEX_POINT ( 'NONE', #4519 ) ;
#2594 = VERTEX_POINT ( 'NONE', #5488 ) ;
#2595 = CARTESIAN_POINT ( 'NONE',  ( -0.3983187499999999992, -0.8983187500000000547, 6.000000000000000888 ) ) ;
#2596 = ORIENTED_EDGE ( 'NONE', *, *, #72, .T. ) ;
#2597 = EDGE_CURVE ( 'NONE', #1439, #4389, #2015, .T. ) ;
#2598 = ORIENTED_EDGE ( 'NONE', *, *, #3849, .F. ) ;
#2599 = DIRECTION ( 'NONE',  ( -1.000000000000000000, 5.853698660590358146E-16, 0.000000000000000000 ) ) ;
#2600 = LINE ( 'NONE', #2199, #2632 ) ;
#2601 = VERTEX_POINT ( 'NONE', #3197 ) ;
#2602 = AXIS2_PLACEMENT_3D ( 'NONE', #4848, #904, #1365 ) ;
#2603 = AXIS2_PLACEMENT_3D ( 'NONE', #1717, #328, #3446 ) ;
#2604 = CARTESIAN_POINT ( 'NONE',  ( -0.1280000000000000027, 0.9499750000000000139, -6.000000000000000888 ) ) ;
#2605 = ORIENTED_EDGE ( 'NONE', *, *, #2931, .T. ) ;
#2606 = DIRECTION ( 'NONE',  ( 0.000000000000000000, 0.000000000000000000, 1.000000000000000000 ) ) ;
#2607 = AXIS2_PLACEMENT_3D ( 'NONE', #3235, #4562, #4475 ) ;
#2608 = VECTOR ( 'NONE', #2878, 39.37007874015748143 ) ;
#2609 = VERTEX_POINT ( 'NONE', #4949 ) ;
#2610 = CIRCLE ( 'NONE', #4814, 0.03697499999999995235 ) ;
#2611 = CARTESIAN_POINT ( 'NONE',  ( -0.4630250000000000199, -0.3719999999999999973, 6.000000000000000888 ) ) ;
#2612 = EDGE_LOOP ( 'NONE', ( #5142, #4929, #5175, #5388 ) ) ;
#2613 = DIRECTION ( 'NONE',  ( 1.000000000000000000, 0.000000000000000000, 0.000000000000000000 ) ) ;
#2614 = FACE_OUTER_BOUND ( 'NONE', #5087, .T. ) ;
#2615 = DIRECTION ( 'NONE',  ( 0.7071067811865472397, -0.7071067811865479058, 0.000000000000000000 ) ) ;
#2616 = DIRECTION ( 'NONE',  ( 0.7071067811865472397, 0.7071067811865479058, 0.000000000000000000 ) ) ;
#2617 = CIRCLE ( 'NONE', #1866, 0.02174999999999998115 ) ;
#2618 = EDGE_CURVE ( 'NONE', #831, #1911, #1001, .T. ) ;
#2619 = CARTESIAN_POINT ( 'NONE',  ( -0.3859725650551554255, 1.000000000000000222, -6.000000000000000888 ) ) ;
#2620 = VECTOR ( 'NONE', #5145, 39.37007874015748143 ) ;
#2621 = DIRECTION ( 'NONE',  ( -1.000000000000000000, -1.046685055043766868E-14, 0.000000000000000000 ) ) ;
#2622 = DIRECTION ( 'NONE',  ( -0.7071067811865472397, -0.7071067811865479058, 0.000000000000000000 ) ) ;
#2623 = DIRECTION ( 'NONE',  ( -0.000000000000000000, 0.000000000000000000, 1.000000000000000000 ) ) ;
#2624 = ORIENTED_EDGE ( 'NONE', *, *, #3734, .T. ) ;
#2625 = ORIENTED_EDGE ( 'NONE', *, *, #3709, .F. ) ;
#2626 = EDGE_CURVE ( 'NONE', #2751, #740, #850, .T. ) ;
#2627 = DIRECTION ( 'NONE',  ( -0.7071067811865472397, 0.7071067811865479058, 0.000000000000000000 ) ) ;
#2628 = EDGE_LOOP ( 'NONE', ( #2685, #4688, #4590, #3868 ) ) ;
#2629 = EDGE_LOOP ( 'NONE', ( #2596, #2844, #4496, #2539 ) ) ;
#2630 = CARTESIAN_POINT ( 'NONE',  ( 0.1024999999999999800, -0.5000000000000000000, 6.000000000000000888 ) ) ;
#2631 = DIRECTION ( 'NONE',  ( -0.7071067811865479058, -0.7071067811865472397, 0.000000000000000000 ) ) ;
#2632 = VECTOR ( 'NONE', #2172, 39.37007874015748143 ) ;
#2633 = VERTEX_POINT ( 'NONE', #191 ) ;
#2634 = EDGE_CURVE ( 'NONE', #3370, #2601, #3276, .T. ) ;
#2635 = CARTESIAN_POINT ( 'NONE',  ( 0.4630250000000000199, 0.6649749999999998717, -6.000000000000000888 ) ) ;
#2636 = ORIENTED_EDGE ( 'NONE', *, *, #2597, .T. ) ;
#2637 = DIRECTION ( 'NONE',  ( 0.000000000000000000, 0.000000000000000000, 1.000000000000000000 ) ) ;
#2638 = ORIENTED_EDGE ( 'NONE', *, *, #4581, .F. ) ;
#2639 = AXIS2_PLACEMENT_3D ( 'NONE', #1657, #5195, #3355 ) ;
#2640 = DIRECTION ( 'NONE',  ( 1.000000000000000000, 0.000000000000000000, 0.000000000000000000 ) ) ;
#2641 = ORIENTED_EDGE ( 'NONE', *, *, #2634, .T. ) ;
#2642 = CARTESIAN_POINT ( 'NONE',  ( -0.5000000000000000000, 0.8859725650551555365, -6.000000000000000888 ) ) ;
#2643 = DIRECTION ( 'NONE',  ( 1.000000000000000000, 0.000000000000000000, 0.000000000000000000 ) ) ;
#2644 = APPROVAL_STATUS ( 'not_yet_approved' ) ;
#2645 = CARTESIAN_POINT ( 'NONE',  ( 0.2499400794764282396, 1.000000000000000000, 6.000000000000000888 ) ) ;
#2646 = DIRECTION ( 'NONE',  ( -0.000000000000000000, 0.000000000000000000, -1.000000000000000000 ) ) ;
#2647 = DIRECTION ( 'NONE',  ( -0.000000000000000000, 0.000000000000000000, -1.000000000000000000 ) ) ;
#2648 = LINE ( 'NONE', #1432, #3845 ) ;
#2649 = DIRECTION ( 'NONE',  ( -1.000000000000000000, 1.607629870117495189E-15, -0.000000000000000000 ) ) ;
#2650 = ORIENTED_EDGE ( 'NONE', *, *, #2173, .T. ) ;
#2651 = ORIENTED_EDGE ( 'NONE', *, *, #1553, .F. ) ;
#2652 = DIRECTION ( 'NONE',  ( 1.000000000000000000, -5.853698660590358146E-16, 0.000000000000000000 ) ) ;
#2653 = VERTEX_POINT ( 'NONE', #3708 ) ;
#2654 = VERTEX_POINT ( 'NONE', #3653 ) ;
#2655 = CARTESIAN_POINT ( 'NONE',  ( -0.1649749999999999550, -1.000000000000000000, -6.000000000000000888 ) ) ;
#2656 = EDGE_CURVE ( 'NONE', #1202, #4629, #1314, .T. ) ;
#2657 = EDGE_CURVE ( 'NONE', #1238, #2192, #1409, .T. ) ;
#2658 = CARTESIAN_POINT ( 'NONE',  ( -0.4630250000000000199, 0.6280000000000000027, -6.000000000000000888 ) ) ;
#2659 = EDGE_CURVE ( 'NONE', #4325, #2385, #4170, .T. ) ;
#2660 = VECTOR ( 'NONE', #4745, 39.37007874015748143 ) ;
#2661 = VERTEX_POINT ( 'NONE', #303 ) ;
#2662 = LOCAL_TIME ( 11, 38, 20.00000000000000000, #1106 ) ;
#2663 = ORIENTED_EDGE ( 'NONE', *, *, #1208, .T. ) ;
#2664 = VERTEX_POINT ( 'NONE', #2534 ) ;
#2665 = DIRECTION ( 'NONE',  ( 1.000000000000000000, 0.000000000000000000, 0.000000000000000000 ) ) ;
#2666 = EDGE_CURVE ( 'NONE', #3629, #3435, #5270, .T. ) ;
#2667 = EDGE_CURVE ( 'NONE', #2060, #2594, #3525, .T. ) ;
#2668 = AXIS2_PLACEMENT_3D ( 'NONE', #5467, #2128, #4367 ) ;
#2669 = ORIENTED_EDGE ( 'NONE', *, *, #189, .F. ) ;
#2670 = AXIS2_PLACEMENT_3D ( 'NONE', #180, #1537, #4591 ) ;
#2671 = LINE ( 'NONE', #4419, #1579 ) ;
#2672 = ORIENTED_EDGE ( 'NONE', *, *, #5320, .T. ) ;
#2673 = CARTESIAN_POINT ( 'NONE',  ( 0.4499749999999999028, -0.3350250000000000727, 6.000000000000000888 ) ) ;
#2674 = CIRCLE ( 'NONE', #177, 0.04205992052357206135 ) ;
#2675 = CYLINDRICAL_SURFACE ( 'NONE', #5108, 0.02174999999999998115 ) ;
#2676 = EDGE_CURVE ( 'NONE', #2664, #3010, #3907, .T. ) ;
#2677 = DIRECTION ( 'NONE',  ( -4.008152805398324415E-16, 1.000000000000000000, 0.000000000000000000 ) ) ;
#2678 = CARTESIAN_POINT ( 'NONE',  ( -0.3411992244580428491, -0.7796809344948134601, -6.000000000000000888 ) ) ;
#2679 = CARTESIAN_POINT ( 'NONE',  ( -0.4129999999999999227, -0.7499400794764283784, 6.000000000000000888 ) ) ;
#2680 = DIRECTION ( 'NONE',  ( -0.000000000000000000, -0.000000000000000000, -1.000000000000000000 ) ) ;
#2681 = CARTESIAN_POINT ( 'NONE',  ( 0.4129999999999999227, 0.3350250000000000727, 6.000000000000000888 ) ) ;
#2682 = LINE ( 'NONE', #4026, #1509 ) ;
#2683 = ORIENTED_EDGE ( 'NONE', *, *, #1844, .T. ) ;
#2684 = FACE_OUTER_BOUND ( 'NONE', #1330, .T. ) ;
#2685 = ORIENTED_EDGE ( 'NONE', *, *, #855, .T. ) ;
#2686 = DIRECTION ( 'NONE',  ( 1.000000000000000000, 0.000000000000000000, 0.000000000000000000 ) ) ;
#2687 = VERTEX_POINT ( 'NONE', #1165 ) ;
#2688 = DIRECTION ( 'NONE',  ( -1.000000000000000000, 0.000000000000000000, 0.000000000000000000 ) ) ;
#2689 = LINE ( 'NONE', #3602, #5192 ) ;
#2690 = VERTEX_POINT ( 'NONE', #2101 ) ;
#2691 = ADVANCED_FACE ( 'NONE', ( #330 ), #2131, .T. ) ;
#2692 = EDGE_CURVE ( 'NONE', #4325, #3361, #5199, .T. ) ;
#2693 = ORIENTED_EDGE ( 'NONE', *, *, #1025, .F. ) ;
#2694 = EDGE_LOOP ( 'NONE', ( #3624, #5179, #2811, #1244 ) ) ;
#2695 = CARTESIAN_POINT ( 'NONE',  ( 0.5000000000000000000, 0.9077225650551554725, -6.000000000000000888 ) ) ;
#2696 = VECTOR ( 'NONE', #4884, 39.37007874015748143 ) ;
#2697 = VERTEX_POINT ( 'NONE', #3447 ) ;
#2698 = EDGE_CURVE ( 'NONE', #542, #3066, #5455, .T. ) ;
#2699 = FACE_OUTER_BOUND ( 'NONE', #2807, .T. ) ;
#2700 = VERTEX_POINT ( 'NONE', #2993 ) ;
#2701 = CIRCLE ( 'NONE', #5358, 0.03697499999999995235 ) ;
#2702 = DIRECTION ( 'NONE',  ( -0.000000000000000000, 0.000000000000000000, 1.000000000000000000 ) ) ;
#2703 = CARTESIAN_POINT ( 'NONE',  ( 0.3912499999999999312, -0.01647256505515531932, 6.000000000000000888 ) ) ;
#2704 = VECTOR ( 'NONE', #1053, 39.37007874015748143 ) ;
#2705 = EDGE_CURVE ( 'NONE', #2297, #2687, #4248, .T. ) ;
#2706 = CARTESIAN_POINT ( 'NONE',  ( -0.2086574459680583804, -0.3528608439951709252, 6.000000000000000888 ) ) ;
#2707 = LINE ( 'NONE', #4482, #3706 ) ;
#2708 = DIRECTION ( 'NONE',  ( 0.000000000000000000, 0.000000000000000000, 1.000000000000000000 ) ) ;
#2709 = VECTOR ( 'NONE', #817, 39.37007874015748143 ) ;
#2710 = CIRCLE ( 'NONE', #2892, 0.03697499999999995235 ) ;
#2711 = DIRECTION ( 'NONE',  ( 0.000000000000000000, 0.000000000000000000, 1.000000000000000000 ) ) ;
#2712 = ORIENTED_EDGE ( 'NONE', *, *, #3966, .T. ) ;
#2713 = CIRCLE ( 'NONE', #1323, 0.04205992052357206135 ) ;
#2714 = LINE ( 'NONE', #1405, #4710 ) ;
#2715 = ORIENTED_EDGE ( 'NONE', *, *, #3226, .F. ) ;
#2716 = DIRECTION ( 'NONE',  ( -0.000000000000000000, -0.000000000000000000, -1.000000000000000000 ) ) ;
#2717 = ORIENTED_EDGE ( 'NONE', *, *, #1064, .T. ) ;
#2718 = CARTESIAN_POINT ( 'NONE',  ( 0.3411992244580428491, -0.2203190655051865676, 6.000000000000000888 ) ) ;
#2719 = DIRECTION ( 'NONE',  ( 1.000000000000000000, -5.853698660590358146E-16, 0.000000000000000000 ) ) ;
#2720 = ORIENTED_EDGE ( 'NONE', *, *, #2058, .T. ) ;
#2721 = ORIENTED_EDGE ( 'NONE', *, *, #2762, .T. ) ;
#2722 = EDGE_LOOP ( 'NONE', ( #2914, #149, #3539, #4463 ) ) ;
#2723 = DIRECTION ( 'NONE',  ( 1.000000000000000000, 2.926849330295178580E-16, 0.000000000000000000 ) ) ;
#2724 = EDGE_CURVE ( 'NONE', #1047, #1647, #4654, .T. ) ;
#2725 = EDGE_LOOP ( 'NONE', ( #1156, #1617, #4063, #4102 ) ) ;
#2726 = AXIS2_PLACEMENT_3D ( 'NONE', #4684, #3025, #4746 ) ;
#2727 = DIRECTION ( 'NONE',  ( -5.853698660590359132E-16, -1.000000000000000000, 0.000000000000000000 ) ) ;
#2728 = ORIENTED_EDGE ( 'NONE', *, *, #4518, .F. ) ;
#2729 = PLANE ( 'NONE',  #355 ) ;
#2730 = DIRECTION ( 'NONE',  ( -0.7071067811865472397, 0.7071067811865479058, 0.000000000000000000 ) ) ;
#2731 = EDGE_CURVE ( 'NONE', #891, #3511, #4773, .T. ) ;
#2732 = ADVANCED_FACE ( 'NONE', ( #824 ), #1573, .F. ) ;
#2733 = AXIS2_PLACEMENT_3D ( 'NONE', #1559, #4665, #1899 ) ;
#2734 = DIRECTION ( 'NONE',  ( -0.000000000000000000, -0.000000000000000000, -1.000000000000000000 ) ) ;
#2735 = LINE ( 'NONE', #4886, #3891 ) ;
#2736 = DIRECTION ( 'NONE',  ( -0.000000000000000000, -0.000000000000000000, -1.000000000000000000 ) ) ;
#2737 = LINE ( 'NONE', #4485, #3803 ) ;
#2738 = EDGE_CURVE ( 'NONE', #4834, #891, #762, .T. ) ;
#2739 = ORIENTED_EDGE ( 'NONE', *, *, #5652, .T. ) ;
#2740 = DIRECTION ( 'NONE',  ( -2.926849330295178580E-16, 1.000000000000000000, 0.000000000000000000 ) ) ;
#2741 = ORIENTED_EDGE ( 'NONE', *, *, #776, .T. ) ;
#2742 = DIRECTION ( 'NONE',  ( 0.000000000000000000, 0.000000000000000000, 1.000000000000000000 ) ) ;
#2743 = ORIENTED_EDGE ( 'NONE', *, *, #1642, .F. ) ;
#2744 = LINE ( 'NONE', #4493, #2311 ) ;
#2745 = CARTESIAN_POINT ( 'NONE',  ( -0.1649749999999999550, -1.000000000000000000, 6.000000000000000888 ) ) ;
#2746 = ORIENTED_EDGE ( 'NONE', *, *, #3351, .F. ) ;
#2747 = ORIENTED_EDGE ( 'NONE', *, *, #2356, .T. ) ;
#2748 = ORIENTED_EDGE ( 'NONE', *, *, #5682, .T. ) ;
#2749 = DIRECTION ( 'NONE',  ( 0.000000000000000000, 1.000000000000000000, 0.000000000000000000 ) ) ;
#2750 = AXIS2_PLACEMENT_3D ( 'NONE', #3193, #913, #4831 ) ;
#2751 = VERTEX_POINT ( 'NONE', #3787 ) ;
#2752 = CIRCLE ( 'NONE', #3309, 0.1016812500000000008 ) ;
#2753 = CARTESIAN_POINT ( 'NONE',  ( 0.3411992244580428491, 0.2203190655051865676, -6.000000000000000888 ) ) ;
#2754 = ORIENTED_EDGE ( 'NONE', *, *, #1884, .F. ) ;
#2755 = CARTESIAN_POINT ( 'NONE',  ( 0.4952754672079547893, -0.9289532336714965144, 6.000000000000000888 ) ) ;
#2756 = DIRECTION ( 'NONE',  ( -1.000000000000000000, -5.853698660590358146E-16, 0.000000000000000000 ) ) ;
#2757 =( LENGTH_UNIT ( ) NAMED_UNIT ( * ) SI_UNIT ( $, .METRE. ) );
#2758 = AXIS2_PLACEMENT_3D ( 'NONE', #5658, #1716, #5599 ) ;
#2759 = VECTOR ( 'NONE', #4303, 39.37007874015748143 ) ;
#2760 = VERTEX_POINT ( 'NONE', #3331 ) ;
#2761 = EDGE_CURVE ( 'NONE', #4546, #1353, #5602, .T. ) ;
#2762 = EDGE_CURVE ( 'NONE', #3941, #2045, #5549, .T. ) ;
#2763 = CARTESIAN_POINT ( 'NONE',  ( -0.5000000000000000000, 0.07052743494484452202, 6.000000000000000888 ) ) ;
#2764 = DIRECTION ( 'NONE',  ( -0.000000000000000000, -0.000000000000000000, -1.000000000000000000 ) ) ;
#2765 = DIRECTION ( 'NONE',  ( 1.000000000000000000, -1.607629870117495189E-15, 0.000000000000000000 ) ) ;
#2766 = DIRECTION ( 'NONE',  ( -1.000000000000000000, 5.853698660590358146E-16, 0.000000000000000000 ) ) ;
#2767 = ORIENTED_EDGE ( 'NONE', *, *, #1731, .T. ) ;
#2768 = DIRECTION ( 'NONE',  ( 0.000000000000000000, -0.000000000000000000, 1.000000000000000000 ) ) ;
#2769 = ADVANCED_FACE ( 'NONE', ( #4312 ), #5110, .F. ) ;
#2770 = ORIENTED_EDGE ( 'NONE', *, *, #2667, .F. ) ;
#2771 = DIRECTION ( 'NONE',  ( -0.000000000000000000, -0.000000000000000000, -1.000000000000000000 ) ) ;
#2772 = ORIENTED_EDGE ( 'NONE', *, *, #1004, .T. ) ;
#2773 = DIRECTION ( 'NONE',  ( 0.000000000000000000, -0.000000000000000000, 1.000000000000000000 ) ) ;
#2774 = DIRECTION ( 'NONE',  ( 0.000000000000000000, 0.000000000000000000, 1.000000000000000000 ) ) ;
#2775 = EDGE_LOOP ( 'NONE', ( #2746, #2123, #2180, #2229 ) ) ;
#2776 = EDGE_CURVE ( 'NONE', #942, #697, #1195, .T. ) ;
#2777 = ORIENTED_EDGE ( 'NONE', *, *, #2656, .T. ) ;
#2778 = VERTEX_POINT ( 'NONE', #4282 ) ;
#2779 = CARTESIAN_POINT ( 'NONE',  ( -0.5000000000000001110, 0.3350250000000000727, 6.000000000000000888 ) ) ;
#2780 = VERTEX_POINT ( 'NONE', #1662 ) ;
#2781 = LINE ( 'NONE', #4503, #2145 ) ;
#2782 = VERTEX_POINT ( 'NONE', #3412 ) ;
#2783 = LINE ( 'NONE', #3725, #1838 ) ;
#2784 = CYLINDRICAL_SURFACE ( 'NONE', #4561, 0.03697499999999995235 ) ;
#2785 = ORIENTED_EDGE ( 'NONE', *, *, #4460, .T. ) ;
#2786 = VECTOR ( 'NONE', #2317, 39.37007874015748143 ) ;
#2787 = VECTOR ( 'NONE', #408, 39.37007874015748143 ) ;
#2788 = DIRECTION ( 'NONE',  ( -1.000000000000000000, 0.000000000000000000, 0.000000000000000000 ) ) ;
#2789 = DIRECTION ( 'NONE',  ( 0.000000000000000000, -0.000000000000000000, -1.000000000000000000 ) ) ;
#2790 = DIRECTION ( 'NONE',  ( -1.000000000000000000, 0.000000000000000000, 0.000000000000000000 ) ) ;
#2791 = DIRECTION ( 'NONE',  ( 1.000000000000000000, 0.000000000000000000, 0.000000000000000000 ) ) ;
#2792 = AXIS2_PLACEMENT_3D ( 'NONE', #4744, #5551, #1606 ) ;
#2793 = AXIS2_PLACEMENT_3D ( 'NONE', #2168, #3453, #2540 ) ;
#2794 = EDGE_CURVE ( 'NONE', #2297, #3800, #5168, .T. ) ;
#2795 = ORIENTED_EDGE ( 'NONE', *, *, #1933, .F. ) ;
#2796 = DIRECTION ( 'NONE',  ( -1.000000000000000000, 0.000000000000000000, 0.000000000000000000 ) ) ;
#2797 = CIRCLE ( 'NONE', #1227, 0.03697499999999995235 ) ;
#2798 = ORIENTED_EDGE ( 'NONE', *, *, #812, .T. ) ;
#2799 = CARTESIAN_POINT ( 'NONE',  ( -0.2086574459680583804, 0.3528608439951709252, 6.000000000000000888 ) ) ;
#2800 = AXIS2_PLACEMENT_3D ( 'NONE', #1230, #3876, #5629 ) ;
#2801 = DIRECTION ( 'NONE',  ( 0.000000000000000000, 0.000000000000000000, 1.000000000000000000 ) ) ;
#2802 = DIRECTION ( 'NONE',  ( 0.000000000000000000, 0.000000000000000000, -1.000000000000000000 ) ) ;
#2803 = DIRECTION ( 'NONE',  ( -0.000000000000000000, 0.000000000000000000, -1.000000000000000000 ) ) ;
#2804 = CIRCLE ( 'NONE', #128, 0.02174999999999998115 ) ;
#2805 = EDGE_CURVE ( 'NONE', #3066, #4962, #4425, .T. ) ;
#2806 = ORIENTED_EDGE ( 'NONE', *, *, #606, .T. ) ;
#2807 = EDGE_LOOP ( 'NONE', ( #1881, #114, #3981, #1295 ) ) ;
#2808 = VERTEX_POINT ( 'NONE', #5229 ) ;
#2809 = DIRECTION ( 'NONE',  ( 1.046685055043767026E-14, -1.000000000000000000, 0.000000000000000000 ) ) ;
#2810 = EDGE_CURVE ( 'NONE', #1796, #3527, #3560, .T. ) ;
#2811 = ORIENTED_EDGE ( 'NONE', *, *, #1674, .F. ) ;
#2812 = LINE ( 'NONE', #4589, #4448 ) ;
#2813 = VERTEX_POINT ( 'NONE', #5343 ) ;
#2814 = CARTESIAN_POINT ( 'NONE',  ( -0.1649749999999999550, 1.000000000000000000, 6.000000000000000888 ) ) ;
#2815 = APPROVAL_DATE_TIME ( #2331, #436 ) ;
#2816 = VECTOR ( 'NONE', #5701, 39.37007874015748143 ) ;
#2817 = ORIENTED_EDGE ( 'NONE', *, *, #3495, .T. ) ;
#2818 = DIRECTION ( 'NONE',  ( -0.000000000000000000, -0.000000000000000000, -1.000000000000000000 ) ) ;
#2819 = DIRECTION ( 'NONE',  ( -0.000000000000000000, -0.000000000000000000, -1.000000000000000000 ) ) ;
#2820 = CARTESIAN_POINT ( 'NONE',  ( 0.1649749999999999550, 0.9499750000000000139, -6.000000000000000888 ) ) ;
#2821 = CARTESIAN_POINT ( 'NONE',  ( -0.2796809344948132936, -0.8411992244580429601, 6.000000000000000888 ) ) ;
#2822 = CARTESIAN_POINT ( 'NONE',  ( -0.5000000000000000000, -0.7281900794764283313, -6.000000000000000888 ) ) ;
#2823 = ORIENTED_EDGE ( 'NONE', *, *, #3250, .F. ) ;
#2824 = CARTESIAN_POINT ( 'NONE',  ( 0.5000000000000001110, 0.2500599205235717326, 6.000000000000000888 ) ) ;
#2825 = DIRECTION ( 'NONE',  ( -0.7071067811865479058, 0.7071067811865472397, 0.000000000000000000 ) ) ;
#2826 = LINE ( 'NONE', #3571, #3665 ) ;
#2827 = LINE ( 'NONE', #4122, #2175 ) ;
#2828 = ORIENTED_EDGE ( 'NONE', *, *, #473, .T. ) ;
#2829 = EDGE_CURVE ( 'NONE', #1833, #2808, #4915, .T. ) ;
#2830 = EDGE_CURVE ( 'NONE', #4296, #73, #1879, .T. ) ;
#2831 = ORIENTED_EDGE ( 'NONE', *, *, #5573, .T. ) ;
#2832 = EDGE_CURVE ( 'NONE', #3654, #5234, #2887, .T. ) ;
#2833 = ADVANCED_FACE ( 'NONE', ( #3049 ), #4828, .F. ) ;
#2834 = ORIENTED_EDGE ( 'NONE', *, *, #4039, .T. ) ;
#2835 = CARTESIAN_POINT ( 'NONE',  ( -0.4129999999999999227, -0.01647256505515531932, 6.000000000000000888 ) ) ;
#2836 = VERTEX_POINT ( 'NONE', #882 ) ;
#2837 = DIRECTION ( 'NONE',  ( 0.000000000000000000, -0.000000000000000000, -1.000000000000000000 ) ) ;
#2838 = EDGE_CURVE ( 'NONE', #3111, #206, #504, .T. ) ;
#2839 = EDGE_CURVE ( 'NONE', #2581, #4611, #3589, .T. ) ;
#2840 = VECTOR ( 'NONE', #884, 39.37007874015748143 ) ;
#2841 = ORIENTED_EDGE ( 'NONE', *, *, #461, .T. ) ;
#2842 = CARTESIAN_POINT ( 'NONE',  ( 0.1829999999999998572, 0.4148033980271126353, 6.000000000000000888 ) ) ;
#2843 = AXIS2_PLACEMENT_3D ( 'NONE', #53, #1820, #5700 ) ;
#2844 = ORIENTED_EDGE ( 'NONE', *, *, #4615, .F. ) ;
#2845 = LINE ( 'NONE', #3242, #5172 ) ;
#2846 = EDGE_CURVE ( 'NONE', #1833, #2074, #1343, .T. ) ;
#2847 = CARTESIAN_POINT ( 'NONE',  ( -0.5000000000000000000, 0.1140274349448444774, -6.000000000000000888 ) ) ;
#2848 = CIRCLE ( 'NONE', #5417, 0.08760000000000003895 ) ;
#2849 = CARTESIAN_POINT ( 'NONE',  ( -0.2499400794764282674, 0.8709400794764280418, 6.000000000000000888 ) ) ;
#2850 = CARTESIAN_POINT ( 'NONE',  ( 0.4129999999999999227, -0.7499400794764283784, 6.000000000000000888 ) ) ;
#2851 = AXIS2_PLACEMENT_3D ( 'NONE', #3071, #4823, #4392 ) ;
#2852 = CARTESIAN_POINT ( 'NONE',  ( -0.5000000000000001110, 0.6649749999999998717, 6.000000000000000888 ) ) ;
#2853 = ORIENTED_EDGE ( 'NONE', *, *, #223, .F. ) ;
#2854 = LINE ( 'NONE', #4602, #293 ) ;
#2855 = CARTESIAN_POINT ( 'NONE',  ( 0.4129999999999999227, -0.7499400794764283784, 6.000000000000000888 ) ) ;
#2856 = VECTOR ( 'NONE', #4643, 39.37007874015748143 ) ;
#2857 = DIRECTION ( 'NONE',  ( 0.000000000000000000, 0.000000000000000000, 1.000000000000000000 ) ) ;
#2858 = ORIENTED_EDGE ( 'NONE', *, *, #3149, .F. ) ;
#2859 = ORIENTED_EDGE ( 'NONE', *, *, #34, .F. ) ;
#2860 = ORIENTED_EDGE ( 'NONE', *, *, #3883, .T. ) ;
#2861 = DIRECTION ( 'NONE',  ( -2.926849330295178087E-16, -1.000000000000000000, 0.000000000000000000 ) ) ;
#2862 = ADVANCED_FACE ( 'NONE', ( #3163 ), #1809, .F. ) ;
#2863 = ORIENTED_EDGE ( 'NONE', *, *, #1194, .F. ) ;
#2864 = EDGE_CURVE ( 'NONE', #2601, #1238, #2250, .T. ) ;
#2865 = DIRECTION ( 'NONE',  ( 1.000000000000000000, 0.000000000000000000, 0.000000000000000000 ) ) ;
#2866 = VERTEX_POINT ( 'NONE', #447 ) ;
#2867 = DIRECTION ( 'NONE',  ( 1.046685055043767026E-14, -1.000000000000000000, 0.000000000000000000 ) ) ;
#2868 = DATE_AND_TIME ( #2440, #2939 ) ;
#2869 = ORIENTED_EDGE ( 'NONE', *, *, #886, .T. ) ;
#2870 = EDGE_CURVE ( 'NONE', #3549, #2144, #911, .T. ) ;
#2871 = LINE ( 'NONE', #4139, #486 ) ;
#2872 = CARTESIAN_POINT ( 'NONE',  ( 0.3859725650551554255, 1.000000000000000222, -6.000000000000000888 ) ) ;
#2873 = DIRECTION ( 'NONE',  ( -2.926849330295178087E-16, -1.000000000000000000, 0.000000000000000000 ) ) ;
#2874 = DIRECTION ( 'NONE',  ( 0.000000000000000000, -0.000000000000000000, -1.000000000000000000 ) ) ;
#2875 = EDGE_CURVE ( 'NONE', #286, #2090, #2218, .T. ) ;
#2876 = AXIS2_PLACEMENT_3D ( 'NONE', #5479, #1979, #2408 ) ;
#2877 = AXIS2_PLACEMENT_3D ( 'NONE', #5165, #1689, #2502 ) ;
#2878 = DIRECTION ( 'NONE',  ( 0.000000000000000000, 0.000000000000000000, 1.000000000000000000 ) ) ;
#2879 = ORIENTED_EDGE ( 'NONE', *, *, #2484, .T. ) ;
#2880 = DIRECTION ( 'NONE',  ( -0.7071067811865472397, -0.7071067811865479058, 0.000000000000000000 ) ) ;
#2881 = DIRECTION ( 'NONE',  ( -0.000000000000000000, -0.000000000000000000, -1.000000000000000000 ) ) ;
#2882 = VECTOR ( 'NONE', #3806, 39.37007874015748143 ) ;
#2883 = AXIS2_PLACEMENT_3D ( 'NONE', #5206, #1264, #366 ) ;
#2884 = CARTESIAN_POINT ( 'NONE',  ( 0.5000000000000000000, -0.07052743494484452202, 6.000000000000000888 ) ) ;
#2885 = ORIENTED_EDGE ( 'NONE', *, *, #108, .T. ) ;
#2886 = AXIS2_PLACEMENT_3D ( 'NONE', #794, #2936, #2505 ) ;
#2887 = CIRCLE ( 'NONE', #3796, 0.03697499999999995235 ) ;
#2888 = ORIENTED_EDGE ( 'NONE', *, *, #3959, .F. ) ;
#2889 = EDGE_LOOP ( 'NONE', ( #2605, #5397, #4328, #5557 ) ) ;
#2890 = DIRECTION ( 'NONE',  ( -0.000000000000000000, 0.000000000000000000, -1.000000000000000000 ) ) ;
#2891 = DIRECTION ( 'NONE',  ( 0.000000000000000000, -0.000000000000000000, -1.000000000000000000 ) ) ;
#2892 = AXIS2_PLACEMENT_3D ( 'NONE', #3271, #2818, #620 ) ;
#2893 = VECTOR ( 'NONE', #3303, 39.37007874015748143 ) ;
#2894 = VERTEX_POINT ( 'NONE', #3967 ) ;
#2895 = AXIS2_PLACEMENT_3D ( 'NONE', #796, #2623, #364 ) ;
#2896 = CARTESIAN_POINT ( 'NONE',  ( -0.4952754672079547893, 0.9289532336714965144, 6.000000000000000888 ) ) ;
#2897 = ORIENTED_EDGE ( 'NONE', *, *, #608, .F. ) ;
#2898 = DIRECTION ( 'NONE',  ( 1.000000000000000000, 0.000000000000000000, 0.000000000000000000 ) ) ;
#2899 = EDGE_CURVE ( 'NONE', #4414, #4910, #3104, .T. ) ;
#2900 = ORIENTED_EDGE ( 'NONE', *, *, #887, .T. ) ;
#2901 = DIRECTION ( 'NONE',  ( 0.000000000000000000, 0.000000000000000000, 1.000000000000000000 ) ) ;
#2902 = ADVANCED_FACE ( 'NONE', ( #39 ), #3474, .F. ) ;
#2903 = CARTESIAN_POINT ( 'NONE',  ( 0.1471391560048289637, -0.2913425540319414808, 6.000000000000000888 ) ) ;
#2904 = EDGE_CURVE ( 'NONE', #4803, #4548, #854, .T. ) ;
#2905 = CARTESIAN_POINT ( 'NONE',  ( 0.5000000000000001110, -0.3350250000000000727, 6.000000000000000888 ) ) ;
#2906 = CARTESIAN_POINT ( 'NONE',  ( 0.1649749999999999550, 0.9630250000000000199, -6.000000000000000888 ) ) ;
#2907 = DIRECTION ( 'NONE',  ( -1.000000000000000000, 0.000000000000000000, 0.000000000000000000 ) ) ;
#2908 = ORIENTED_EDGE ( 'NONE', *, *, #1317, .F. ) ;
#2909 = CARTESIAN_POINT ( 'NONE',  ( -0.4630250000000000199, 0.3350250000000000727, 6.000000000000000888 ) ) ;
#2910 = EDGE_CURVE ( 'NONE', #347, #3099, #3936, .T. ) ;
#2911 = DIRECTION ( 'NONE',  ( -0.000000000000000000, -1.000000000000000000, -0.000000000000000000 ) ) ;
#2912 = CARTESIAN_POINT ( 'NONE',  ( 0.1649749999999999550, -0.9499750000000000139, 6.000000000000000888 ) ) ;
#2913 = AXIS2_PLACEMENT_3D ( 'NONE', #934, #4912, #5341 ) ;
#2914 = ORIENTED_EDGE ( 'NONE', *, *, #5509, .T. ) ;
#2915 = ORIENTED_EDGE ( 'NONE', *, *, #3068, .T. ) ;
#2916 = CIRCLE ( 'NONE', #5286, 0.08760000000000003895 ) ;
#2917 = ORIENTED_EDGE ( 'NONE', *, *, #614, .T. ) ;
#2918 = FACE_OUTER_BOUND ( 'NONE', #4606, .T. ) ;
#2919 = DIRECTION ( 'NONE',  ( -0.000000000000000000, 0.000000000000000000, -1.000000000000000000 ) ) ;
#2920 = ORIENTED_EDGE ( 'NONE', *, *, #4515, .F. ) ;
#2921 = DIRECTION ( 'NONE',  ( -1.000000000000000000, 0.000000000000000000, 0.000000000000000000 ) ) ;
#2922 = ORIENTED_EDGE ( 'NONE', *, *, #3416, .F. ) ;
#2923 = CARTESIAN_POINT ( 'NONE',  ( 0.5000000000000001110, -0.2500599205235717326, -6.000000000000000888 ) ) ;
#2924 = EDGE_LOOP ( 'NONE', ( #5523, #2421, #338, #3691 ) ) ;
#2925 = PLANE ( 'NONE',  #1976 ) ;
#2926 = CARTESIAN_POINT ( 'NONE',  ( 0.08519660197288735082, -0.2293999999999998818, 6.000000000000000888 ) ) ;
#2927 = CARTESIAN_POINT ( 'NONE',  ( -0.5000000000000000000, -0.09227743494484449971, 6.000000000000000888 ) ) ;
#2928 = CARTESIAN_POINT ( 'NONE',  ( -0.1025000000000000216, -0.5000000000000000000, -6.000000000000000888 ) ) ;
#2929 = LINE ( 'NONE', #4679, #1033 ) ;
#2930 = AXIS2_PLACEMENT_3D ( 'NONE', #1375, #2708, #4458 ) ;
#2931 = EDGE_CURVE ( 'NONE', #455, #1894, #2610, .T. ) ;
#2932 = ADVANCED_FACE ( 'NONE', ( #4542 ), #3217, .T. ) ;
#2933 = VECTOR ( 'NONE', #5238, 39.37007874015748143 ) ;
#2934 = CARTESIAN_POINT ( 'NONE',  ( 0.2281900794764282203, 1.000000000000000000, 6.000000000000000888 ) ) ;
#2935 = ORIENTED_EDGE ( 'NONE', *, *, #2273, .F. ) ;
#2936 = DIRECTION ( 'NONE',  ( -0.000000000000000000, -0.000000000000000000, -1.000000000000000000 ) ) ;
#2937 = CARTESIAN_POINT ( 'NONE',  ( 0.3411992244580428491, 0.2203190655051865676, 6.000000000000000888 ) ) ;
#2938 = LINE ( 'NONE', #277, #5659 ) ;
#2939 = LOCAL_TIME ( 11, 38, 20.00000000000000000, #4996 ) ;
#2940 = VECTOR ( 'NONE', #4911, 39.37007874015748143 ) ;
#2941 = ORIENTED_EDGE ( 'NONE', *, *, #5471, .T. ) ;
#2942 = EDGE_CURVE ( 'NONE', #4834, #4803, #668, .T. ) ;
#2943 = CARTESIAN_POINT ( 'NONE',  ( 0.5000000000000000000, -0.09227743494484449971, 6.000000000000000888 ) ) ;
#2944 = ORIENTED_EDGE ( 'NONE', *, *, #1765, .F. ) ;
#2945 = VECTOR ( 'NONE', #5421, 39.37007874015748143 ) ;
#2946 = ORIENTED_EDGE ( 'NONE', *, *, #2522, .F. ) ;
#2947 = DIRECTION ( 'NONE',  ( 1.000000000000000000, 1.046685055043766868E-14, 0.000000000000000000 ) ) ;
#2948 = CARTESIAN_POINT ( 'NONE',  ( 0.4129999999999999227, -0.01647256505515531932, -6.000000000000000888 ) ) ;
#2949 = ORIENTED_EDGE ( 'NONE', *, *, #2698, .T. ) ;
#2950 = ADVANCED_FACE ( 'NONE', ( #5402, #157, #3702, #5376 ), #1019, .T. ) ;
#2951 = CARTESIAN_POINT ( 'NONE',  ( 0.1829999999999999682, 0.5000000000000000000, 6.000000000000000888 ) ) ;
#2952 = CARTESIAN_POINT ( 'NONE',  ( 0.5000000000000001110, -0.6649749999999998717, 6.000000000000000888 ) ) ;
#2953 = ORIENTED_EDGE ( 'NONE', *, *, #2281, .F. ) ;
#2954 = CYLINDRICAL_SURFACE ( 'NONE', #2025, 0.03697500000000002174 ) ;
#2955 = ORIENTED_EDGE ( 'NONE', *, *, #812, .F. ) ;
#2956 = CARTESIAN_POINT ( 'NONE',  ( 0.4630250000000000199, 0.3719999999999999973, 6.000000000000000888 ) ) ;
#2957 = CARTESIAN_POINT ( 'NONE',  ( -0.4129999999999999227, -0.01647256505515531932, -6.000000000000000888 ) ) ;
#2958 = CYLINDRICAL_SURFACE ( 'NONE', #4309, 0.04205992052357206135 ) ;
#2959 = DIRECTION ( 'NONE',  ( -0.7071067811865479058, 0.7071067811865472397, 0.000000000000000000 ) ) ;
#2960 = DIRECTION ( 'NONE',  ( -1.000000000000000000, 0.000000000000000000, 0.000000000000000000 ) ) ;
#2961 = DIRECTION ( 'NONE',  ( -0.000000000000000000, 0.000000000000000000, 1.000000000000000000 ) ) ;
#2962 = ORIENTED_EDGE ( 'NONE', *, *, #1023, .T. ) ;
#2963 = PLANE ( 'NONE',  #2248 ) ;
#2964 = DIRECTION ( 'NONE',  ( 0.000000000000000000, 0.000000000000000000, 1.000000000000000000 ) ) ;
#2965 = ADVANCED_FACE ( 'NONE', ( #1457 ), #3620, .F. ) ;
#2966 = DIRECTION ( 'NONE',  ( -0.000000000000000000, -0.000000000000000000, -1.000000000000000000 ) ) ;
#2967 = AXIS2_PLACEMENT_3D ( 'NONE', #1518, #5027, #2012 ) ;
#2968 = EDGE_LOOP ( 'NONE', ( #3205, #5534, #5013, #2908 ) ) ;
#2969 = DIRECTION ( 'NONE',  ( 1.000000000000000000, 0.000000000000000000, 0.000000000000000000 ) ) ;
#2970 = AXIS2_PLACEMENT_3D ( 'NONE', #1126, #265, #3749 ) ;
#2971 = ORIENTED_EDGE ( 'NONE', *, *, #4383, .T. ) ;
#2972 = VECTOR ( 'NONE', #4628, 39.37007874015748143 ) ;
#2973 = ORIENTED_EDGE ( 'NONE', *, *, #190, .F. ) ;
#2974 = FACE_OUTER_BOUND ( 'NONE', #839, .T. ) ;
#2975 = LINE ( 'NONE', #3459, #2816 ) ;
#2976 = EDGE_CURVE ( 'NONE', #3722, #2332, #3729, .T. ) ;
#2977 = AXIS2_PLACEMENT_3D ( 'NONE', #3535, #2280, #912 ) ;
#2978 = VECTOR ( 'NONE', #4510, 39.37007874015748143 ) ;
#2979 = ORIENTED_EDGE ( 'NONE', *, *, #895, .T. ) ;
#2980 = CARTESIAN_POINT ( 'NONE',  ( -0.3411992244580428491, 0.7796809344948134601, 6.000000000000000888 ) ) ;
#2981 = PLANE ( 'NONE',  #2970 ) ;
#2982 = ORIENTED_EDGE ( 'NONE', *, *, #2553, .F. ) ;
#2983 = AXIS2_PLACEMENT_3D ( 'NONE', #5515, #3703, #5025 ) ;
#2984 = CARTESIAN_POINT ( 'NONE',  ( -0.2705999999999998962, 0.4148033980271126353, 6.000000000000000888 ) ) ;
#2985 = VECTOR ( 'NONE', #2475, 39.37007874015748143 ) ;
#2986 = EDGE_CURVE ( 'NONE', #3150, #1480, #2345, .T. ) ;
#2987 = ORIENTED_EDGE ( 'NONE', *, *, #509, .F. ) ;
#2988 = CARTESIAN_POINT ( 'NONE',  ( -0.2499400794764282396, -1.000000000000000000, 6.000000000000000888 ) ) ;
#2989 = CARTESIAN_POINT ( 'NONE',  ( 0.5000000000000000000, 0.7281900794764283313, 6.000000000000000888 ) ) ;
#2990 = CARTESIAN_POINT ( 'NONE',  ( -0.1280000000000000027, -0.9499750000000000139, 6.000000000000000888 ) ) ;
#2991 = CARTESIAN_POINT ( 'NONE',  ( 0.4499749999999999028, -0.6649749999999998717, 6.000000000000000888 ) ) ;
#2992 = CARTESIAN_POINT ( 'NONE',  ( -0.1649749999999999550, 1.000000000000000000, -6.000000000000000888 ) ) ;
#2993 = CARTESIAN_POINT ( 'NONE',  ( 0.2499400794764282951, -0.9130000000000000338, 6.000000000000000888 ) ) ;
#2994 = FACE_OUTER_BOUND ( 'NONE', #2566, .T. ) ;
#2995 = DIRECTION ( 'NONE',  ( 0.000000000000000000, 0.000000000000000000, -1.000000000000000000 ) ) ;
#2996 = DIRECTION ( 'NONE',  ( 0.000000000000000000, 1.000000000000000000, 0.000000000000000000 ) ) ;
#2997 = VECTOR ( 'NONE', #2966, 39.37007874015748143 ) ;
#2998 = ORIENTED_EDGE ( 'NONE', *, *, #388, .F. ) ;
#2999 = CYLINDRICAL_SURFACE ( 'NONE', #1967, 0.03697499999999995235 ) ;
#3000 = ORIENTED_EDGE ( 'NONE', *, *, #2093, .F. ) ;
#3001 = ORIENTED_EDGE ( 'NONE', *, *, #3048, .T. ) ;
#3002 = DIRECTION ( 'NONE',  ( 0.000000000000000000, -0.000000000000000000, 1.000000000000000000 ) ) ;
#3003 = EDGE_CURVE ( 'NONE', #4910, #3338, #4720, .T. ) ;
#3004 = PLANE ( 'NONE',  #4932 ) ;
#3005 = CIRCLE ( 'NONE', #5567, 0.02174999999999998115 ) ;
#3006 = VERTEX_POINT ( 'NONE', #2763 ) ;
#3007 = EDGE_CURVE ( 'NONE', #4240, #4910, #5456, .T. ) ;
#3008 = DIRECTION ( 'NONE',  ( -1.000000000000000000, 0.000000000000000000, 0.000000000000000000 ) ) ;
#3009 = CARTESIAN_POINT ( 'NONE',  ( 0.5000000000000001110, -0.6649749999999998717, -6.000000000000000888 ) ) ;
#3010 = VERTEX_POINT ( 'NONE', #5429 ) ;
#3011 = FACE_OUTER_BOUND ( 'NONE', #2116, .T. ) ;
#3012 = ORIENTED_EDGE ( 'NONE', *, *, #3143, .T. ) ;
#3013 = EDGE_CURVE ( 'NONE', #1018, #4116, #2871, .T. ) ;
#3014 = LINE ( 'NONE', #4736, #2160 ) ;
#3015 = CARTESIAN_POINT ( 'NONE',  ( 0.4129999999999999227, -0.2500599205235715661, 6.000000000000000888 ) ) ;
#3016 = FACE_OUTER_BOUND ( 'NONE', #2035, .T. ) ;
#3017 = DIRECTION ( 'NONE',  ( 0.000000000000000000, 0.000000000000000000, 1.000000000000000000 ) ) ;
#3018 = CARTESIAN_POINT ( 'NONE',  ( 0.4129999999999999227, -0.2500599205235715661, 6.000000000000000888 ) ) ;
#3019 = EDGE_CURVE ( 'NONE', #3286, #4197, #4053, .T. ) ;
#3020 = EDGE_CURVE ( 'NONE', #2000, #4240, #1221, .T. ) ;
#3021 = DIRECTION ( 'NONE',  ( 0.000000000000000000, -0.000000000000000000, -1.000000000000000000 ) ) ;
#3022 = DIRECTION ( 'NONE',  ( 5.853698660590359132E-16, 1.000000000000000000, -0.000000000000000000 ) ) ;
#3023 = CYLINDRICAL_SURFACE ( 'NONE', #4030, 0.03697499999999995235 ) ;
#3024 = VECTOR ( 'NONE', #2163, 39.37007874015748143 ) ;
#3025 = DIRECTION ( 'NONE',  ( 0.000000000000000000, 0.000000000000000000, 1.000000000000000000 ) ) ;
#3026 = EDGE_LOOP ( 'NONE', ( #1121, #4893, #2476, #4669 ) ) ;
#3027 = AXIS2_PLACEMENT_3D ( 'NONE', #1571, #3327, #595 ) ;
#3028 = DIRECTION ( 'NONE',  ( 0.000000000000000000, -0.000000000000000000, -1.000000000000000000 ) ) ;
#3029 = ORIENTED_EDGE ( 'NONE', *, *, #970, .F. ) ;
#3030 = VERTEX_POINT ( 'NONE', #1868 ) ;
#3031 = DIRECTION ( 'NONE',  ( -0.000000000000000000, 0.000000000000000000, 1.000000000000000000 ) ) ;
#3032 = CIRCLE ( 'NONE', #1000, 0.04205992052357206135 ) ;
#3033 = CARTESIAN_POINT ( 'NONE',  ( -0.08519660197288735082, -0.2293999999999998818, -6.000000000000000888 ) ) ;
#3034 = ORIENTED_EDGE ( 'NONE', *, *, #3679, .F. ) ;
#3035 = VECTOR ( 'NONE', #3349, 39.37007874015748143 ) ;
#3036 = DIRECTION ( 'NONE',  ( -1.000000000000000000, 0.000000000000000000, 0.000000000000000000 ) ) ;
#3037 = ORIENTED_EDGE ( 'NONE', *, *, #2492, .F. ) ;
#3038 = PLANE ( 'NONE',  #2306 ) ;
#3039 = EDGE_CURVE ( 'NONE', #5349, #740, #4083, .T. ) ;
#3040 = EDGE_CURVE ( 'NONE', #4211, #5127, #2845, .T. ) ;
#3041 = CIRCLE ( 'NONE', #1273, 0.08760000000000003895 ) ;
#3042 = VERTEX_POINT ( 'NONE', #5000 ) ;
#3043 = DIRECTION ( 'NONE',  ( -1.000000000000000000, 0.000000000000000000, 0.000000000000000000 ) ) ;
#3044 = CARTESIAN_POINT ( 'NONE',  ( 0.1471391560048289637, -0.2913425540319414808, 6.000000000000000888 ) ) ;
#3045 = DIRECTION ( 'NONE',  ( 0.000000000000000000, 0.000000000000000000, -1.000000000000000000 ) ) ;
#3046 = CARTESIAN_POINT ( 'NONE',  ( 0.5000000000000000000, -0.07052743494484452202, 6.000000000000000888 ) ) ;
#3047 = LINE ( 'NONE', #3357, #1489 ) ;
#3048 = EDGE_CURVE ( 'NONE', #1621, #2467, #1903, .T. ) ;
#3049 = FACE_OUTER_BOUND ( 'NONE', #948, .T. ) ;
#3050 = CYLINDRICAL_SURFACE ( 'NONE', #2053, 0.1016812500000000424 ) ;
#3051 = FACE_OUTER_BOUND ( 'NONE', #3917, .T. ) ;
#3052 = DIRECTION ( 'NONE',  ( 1.000000000000000000, 0.000000000000000000, 0.000000000000000000 ) ) ;
#3053 = EDGE_CURVE ( 'NONE', #2257, #4091, #2710, .T. ) ;
#3054 = VERTEX_POINT ( 'NONE', #5024 ) ;
#3055 = CYLINDRICAL_SURFACE ( 'NONE', #4439, 0.03697499999999995235 ) ;
#3056 = ORIENTED_EDGE ( 'NONE', *, *, #3776, .T. ) ;
#3057 = ORIENTED_EDGE ( 'NONE', *, *, #5052, .F. ) ;
#3058 = LINE ( 'NONE', #4352, #823 ) ;
#3059 = PLANE ( 'NONE',  #696 ) ;
#3060 = VERTEX_POINT ( 'NONE', #1080 ) ;
#3061 = CIRCLE ( 'NONE', #3345, 0.08760000000000003895 ) ;
#3062 = DIRECTION ( 'NONE',  ( -0.000000000000000000, -0.000000000000000000, -1.000000000000000000 ) ) ;
#3063 = VERTEX_POINT ( 'NONE', #4596 ) ;
#3064 = DIRECTION ( 'NONE',  ( 0.000000000000000000, 0.000000000000000000, 1.000000000000000000 ) ) ;
#3065 = VECTOR ( 'NONE', #3375, 39.37007874015748143 ) ;
#3066 = VERTEX_POINT ( 'NONE', #3325 ) ;
#3067 = VECTOR ( 'NONE', #4369, 39.37007874015748143 ) ;
#3068 = EDGE_CURVE ( 'NONE', #2894, #4412, #4302, .T. ) ;
#3069 = DIRECTION ( 'NONE',  ( 1.000000000000000000, 0.000000000000000000, 0.000000000000000000 ) ) ;
#3070 = EDGE_LOOP ( 'NONE', ( #1293, #2897, #5556, #685 ) ) ;
#3071 = CARTESIAN_POINT ( 'NONE',  ( -0.1649749999999999550, 0.9630250000000000199, -6.000000000000000888 ) ) ;
#3072 = CARTESIAN_POINT ( 'NONE',  ( -0.4077225650551554170, 1.000000000000000000, -6.000000000000000888 ) ) ;
#3073 = PERSON_AND_ORGANIZATION_ROLE ( 'design_owner' ) ;
#3074 = CARTESIAN_POINT ( 'NONE',  ( 0.4066295724908073339, -0.03185213754596270125, 6.000000000000000888 ) ) ;
#3075 = VECTOR ( 'NONE', #2766, 39.37007874015748143 ) ;
#3076 = EDGE_CURVE ( 'NONE', #3515, #1508, #2435, .T. ) ;
#3077 = ADVANCED_FACE ( 'NONE', ( #5595 ), #4241, .F. ) ;
#3078 = DIRECTION ( 'NONE',  ( -0.000000000000000000, -0.000000000000000000, -1.000000000000000000 ) ) ;
#3079 = EDGE_CURVE ( 'NONE', #2438, #3231, #1622, .T. ) ;
#3080 = DIRECTION ( 'NONE',  ( 0.000000000000000000, 1.000000000000000000, 0.000000000000000000 ) ) ;
#3081 = FACE_OUTER_BOUND ( 'NONE', #4757, .T. ) ;
#3082 = LINE ( 'NONE', #508, #3441 ) ;
#3083 = VERTEX_POINT ( 'NONE', #2554 ) ;
#3084 = ORIENTED_EDGE ( 'NONE', *, *, #5351, .F. ) ;
#3085 = EDGE_CURVE ( 'NONE', #5400, #3824, #4215, .T. ) ;
#3086 = DIRECTION ( 'NONE',  ( 1.000000000000000000, 0.000000000000000000, 0.000000000000000000 ) ) ;
#3087 = EDGE_CURVE ( 'NONE', #4116, #2452, #5639, .T. ) ;
#3088 = EDGE_LOOP ( 'NONE', ( #1407, #4474, #1263, #3172 ) ) ;
#3089 = ORIENTED_EDGE ( 'NONE', *, *, #5252, .T. ) ;
#3090 = CARTESIAN_POINT ( 'NONE',  ( 2.731847993664263218E-16, -0.6830000000000000515, 6.000000000000000888 ) ) ;
#3091 = FACE_OUTER_BOUND ( 'NONE', #3596, .T. ) ;
#3092 = ORIENTED_EDGE ( 'NONE', *, *, #1896, .T. ) ;
#3093 = ORIENTED_EDGE ( 'NONE', *, *, #5708, .F. ) ;
#3094 = ORIENTED_EDGE ( 'NONE', *, *, #5461, .T. ) ;
#3095 = VECTOR ( 'NONE', #558, 39.37007874015748143 ) ;
#3096 = CYLINDRICAL_SURFACE ( 'NONE', #81, 0.02174999999999998115 ) ;
#3097 = ORIENTED_EDGE ( 'NONE', *, *, #2657, .T. ) ;
#3098 = CARTESIAN_POINT ( 'NONE',  ( 0.2086574459680583804, 0.3528608439951709252, 6.000000000000000888 ) ) ;
#3099 = VERTEX_POINT ( 'NONE', #1189 ) ;
#3100 = CARTESIAN_POINT ( 'NONE',  ( -0.5000000000000000000, 0.1140274349448444774, 6.000000000000000888 ) ) ;
#3101 = DIRECTION ( 'NONE',  ( 0.000000000000000000, -0.000000000000000000, 1.000000000000000000 ) ) ;
#3102 = DIRECTION ( 'NONE',  ( 0.000000000000000000, 1.000000000000000000, 0.000000000000000000 ) ) ;
#3103 = DIRECTION ( 'NONE',  ( -0.000000000000000000, 0.000000000000000000, 1.000000000000000000 ) ) ;
#3104 = LINE ( 'NONE', #3998, #947 ) ;
#3105 = DIRECTION ( 'NONE',  ( 0.000000000000000000, -0.000000000000000000, -1.000000000000000000 ) ) ;
#3106 = CARTESIAN_POINT ( 'NONE',  ( -0.4129999999999999227, -0.01647256505515531932, -6.000000000000000888 ) ) ;
#3107 = DIRECTION ( 'NONE',  ( 1.000000000000000000, 0.000000000000000000, 0.000000000000000000 ) ) ;
#3108 = AXIS2_PLACEMENT_3D ( 'NONE', #682, #5031, #5412 ) ;
#3109 = EDGE_CURVE ( 'NONE', #5529, #3744, #1222, .T. ) ;
#3110 = EDGE_CURVE ( 'NONE', #459, #3111, #5131, .T. ) ;
#3111 = VERTEX_POINT ( 'NONE', #1655 ) ;
#3112 = DIRECTION ( 'NONE',  ( -1.000000000000000000, -2.926849330295178580E-16, 0.000000000000000000 ) ) ;
#3113 = VERTEX_POINT ( 'NONE', #3380 ) ;
#3114 = DIRECTION ( 'NONE',  ( -0.000000000000000000, -0.000000000000000000, -1.000000000000000000 ) ) ;
#3115 = ORIENTED_EDGE ( 'NONE', *, *, #1428, .F. ) ;
#3116 = CARTESIAN_POINT ( 'NONE',  ( 0.5000000000000000000, 0.8859725650551555365, -6.000000000000000888 ) ) ;
#3117 = CARTESIAN_POINT ( 'NONE',  ( 0.3411992244580428491, 0.2203190655051865676, 6.000000000000000888 ) ) ;
#3118 = EDGE_CURVE ( 'NONE', #1514, #3519, #2333, .T. ) ;
#3119 = CIRCLE ( 'NONE', #1364, 0.02174999999999998115 ) ;
#3120 = ORIENTED_EDGE ( 'NONE', *, *, #2314, .T. ) ;
#3121 = APPROVAL_PERSON_ORGANIZATION ( #4507, #4267, #3695 ) ;
#3122 = ORIENTED_EDGE ( 'NONE', *, *, #615, .T. ) ;
#3123 = EDGE_LOOP ( 'NONE', ( #2998, #5582 ) ) ;
#3124 = DIRECTION ( 'NONE',  ( -1.000000000000000000, 0.000000000000000000, 0.000000000000000000 ) ) ;
#3125 = ADVANCED_FACE ( 'NONE', ( #2009 ), #2925, .F. ) ;
#3126 = EDGE_LOOP ( 'NONE', ( #1916, #5489, #4356, #4445 ) ) ;
#3127 = AXIS2_PLACEMENT_3D ( 'NONE', #3933, #2302, #5684 ) ;
#3128 = DIRECTION ( 'NONE',  ( 0.000000000000000000, 1.000000000000000000, 0.000000000000000000 ) ) ;
#3129 = ORIENTED_EDGE ( 'NONE', *, *, #5173, .T. ) ;
#3130 = DIRECTION ( 'NONE',  ( 2.926849330295178087E-16, 1.000000000000000000, -0.000000000000000000 ) ) ;
#3131 = AXIS2_PLACEMENT_3D ( 'NONE', #4291, #1644, #3425 ) ;
#3132 = CARTESIAN_POINT ( 'NONE',  ( -0.1471391560048289637, 0.7086574459680585747, -6.000000000000000888 ) ) ;
#3133 = LINE ( 'NONE', #5342, #1370 ) ;
#3134 = DIRECTION ( 'NONE',  ( 1.000000000000000000, 0.000000000000000000, 0.000000000000000000 ) ) ;
#3135 = DIRECTION ( 'NONE',  ( 0.000000000000000000, -1.000000000000000000, -0.000000000000000000 ) ) ;
#3136 = CARTESIAN_POINT ( 'NONE',  ( 0.5000000000000001110, 0.3350250000000000727, 6.000000000000000888 ) ) ;
#3137 = CARTESIAN_POINT ( 'NONE',  ( -1.708498649160620184E-17, 0.5000000000000000000, 6.000000000000000888 ) ) ;
#3138 = FACE_OUTER_BOUND ( 'NONE', #3126, .T. ) ;
#3139 = VERTEX_POINT ( 'NONE', #2988 ) ;
#3140 = DIRECTION ( 'NONE',  ( 5.853698660590359132E-16, 1.000000000000000000, -0.000000000000000000 ) ) ;
#3141 = VERTEX_POINT ( 'NONE', #3353 ) ;
#3142 = CARTESIAN_POINT ( 'NONE',  ( -0.4129999999999999227, -0.7499400794764283784, -6.000000000000000888 ) ) ;
#3143 = EDGE_CURVE ( 'NONE', #4429, #3099, #4703, .T. ) ;
#3144 = ORIENTED_EDGE ( 'NONE', *, *, #3493, .T. ) ;
#3145 = CARTESIAN_POINT ( 'NONE',  ( -0.2499400794764282951, 0.9130000000000000338, 6.000000000000000888 ) ) ;
#3146 = DIRECTION ( 'NONE',  ( -0.000000000000000000, -0.000000000000000000, -1.000000000000000000 ) ) ;
#3147 = VERTEX_POINT ( 'NONE', #269 ) ;
#3148 = ORIENTED_EDGE ( 'NONE', *, *, #775, .T. ) ;
#3149 = EDGE_CURVE ( 'NONE', #3263, #3664, #3014, .T. ) ;
#3150 = VERTEX_POINT ( 'NONE', #756 ) ;
#3151 = DIRECTION ( 'NONE',  ( 1.000000000000000000, 0.000000000000000000, 0.000000000000000000 ) ) ;
#3152 = CIRCLE ( 'NONE', #1134, 0.03697499999999995235 ) ;
#3153 = VECTOR ( 'NONE', #3761, 39.37007874015748143 ) ;
#3154 = ORIENTED_EDGE ( 'NONE', *, *, #2738, .F. ) ;
#3155 = DIRECTION ( 'NONE',  ( -0.000000000000000000, -0.000000000000000000, -1.000000000000000000 ) ) ;
#3156 = ADVANCED_FACE ( 'NONE', ( #5620 ), #5193, .F. ) ;
#3157 = ORIENTED_EDGE ( 'NONE', *, *, #5101, .T. ) ;
#3158 = VECTOR ( 'NONE', #5411, 39.37007874015748143 ) ;
#3159 = CYLINDRICAL_SURFACE ( 'NONE', #5328, 0.03697499999999995235 ) ;
#3160 = CARTESIAN_POINT ( 'NONE',  ( 0.4129999999999999227, -0.01647256505515531932, 6.000000000000000888 ) ) ;
#3161 = AXIS2_PLACEMENT_3D ( 'NONE', #1810, #2308, #4397 ) ;
#3162 = VECTOR ( 'NONE', #3135, 39.37007874015748143 ) ;
#3163 = FACE_OUTER_BOUND ( 'NONE', #1980, .T. ) ;
#3164 = CARTESIAN_POINT ( 'NONE',  ( -0.1649749999999999550, -0.9499750000000000139, 6.000000000000000888 ) ) ;
#3165 = PLANE ( 'NONE',  #3836 ) ;
#3166 = VECTOR ( 'NONE', #2528, 39.37007874015748143 ) ;
#3167 = DIRECTION ( 'NONE',  ( -0.000000000000000000, -0.000000000000000000, -1.000000000000000000 ) ) ;
#3168 = ORIENTED_EDGE ( 'NONE', *, *, #4517, .T. ) ;
#3169 = CARTESIAN_POINT ( 'NONE',  ( 0.5000000000000001110, 0.3350250000000000727, -6.000000000000000888 ) ) ;
#3170 = EDGE_LOOP ( 'NONE', ( #2946, #924, #5447, #2636 ) ) ;
#3171 = CARTESIAN_POINT ( 'NONE',  ( 0.1649749999999999550, 1.000000000000000000, -6.000000000000000888 ) ) ;
#3172 = ORIENTED_EDGE ( 'NONE', *, *, #1132, .T. ) ;
#3173 = FACE_OUTER_BOUND ( 'NONE', #999, .T. ) ;
#3174 = DIRECTION ( 'NONE',  ( 0.000000000000000000, 0.000000000000000000, 1.000000000000000000 ) ) ;
#3175 = ORIENTED_EDGE ( 'NONE', *, *, #1416, .T. ) ;
#3176 = ORIENTED_EDGE ( 'NONE', *, *, #4565, .T. ) ;
#3177 = ORIENTED_EDGE ( 'NONE', *, *, #2514, .F. ) ;
#3178 = AXIS2_PLACEMENT_3D ( 'NONE', #4436, #1441, #3572 ) ;
#3179 = CARTESIAN_POINT ( 'NONE',  ( -0.4129999999999999227, 0.01647256505515531932, -6.000000000000000888 ) ) ;
#3180 = EDGE_CURVE ( 'NONE', #1248, #3498, #2444, .T. ) ;
#3181 = ORIENTED_EDGE ( 'NONE', *, *, #3249, .T. ) ;
#3182 = EDGE_CURVE ( 'NONE', #3527, #155, #2068, .T. ) ;
#3183 = VECTOR ( 'NONE', #3767, 39.37007874015748143 ) ;
#3184 = LINE ( 'NONE', #4209, #4806 ) ;
#3185 = VERTEX_POINT ( 'NONE', #1160 ) ;
#3186 = CARTESIAN_POINT ( 'NONE',  ( 0.1649749999999999550, 0.9129999999999999227, -6.000000000000000888 ) ) ;
#3187 = LINE ( 'NONE', #5559, #47 ) ;
#3188 = VECTOR ( 'NONE', #2556, 39.37007874015748143 ) ;
#3189 = ORIENTED_EDGE ( 'NONE', *, *, #509, .T. ) ;
#3190 = EDGE_CURVE ( 'NONE', #2301, #2780, #727, .T. ) ;
#3191 = DIRECTION ( 'NONE',  ( -0.000000000000000000, -0.000000000000000000, -1.000000000000000000 ) ) ;
#3192 = FACE_OUTER_BOUND ( 'NONE', #5607, .T. ) ;
#3193 = CARTESIAN_POINT ( 'NONE',  ( -0.5000000000000000000, 0.9077225650551554725, 6.000000000000000888 ) ) ;
#3194 = DIRECTION ( 'NONE',  ( 1.000000000000000000, 0.000000000000000000, 0.000000000000000000 ) ) ;
#3195 = EDGE_CURVE ( 'NONE', #1587, #3932, #378, .T. ) ;
#3196 = ORIENTED_EDGE ( 'NONE', *, *, #1078, .F. ) ;
#3197 = CARTESIAN_POINT ( 'NONE',  ( -0.5000000000000001110, 0.2935599205235716602, -6.000000000000000888 ) ) ;
#3198 = ORIENTED_EDGE ( 'NONE', *, *, #4195, .F. ) ;
#3199 = DIRECTION ( 'NONE',  ( -1.000000000000000000, 0.000000000000000000, 0.000000000000000000 ) ) ;
#3200 = ORIENTED_EDGE ( 'NONE', *, *, #5147, .T. ) ;
#3201 = DIRECTION ( 'NONE',  ( 1.000000000000000000, 0.000000000000000000, 0.000000000000000000 ) ) ;
#3202 = DIRECTION ( 'NONE',  ( 0.000000000000000000, -0.000000000000000000, -1.000000000000000000 ) ) ;
#3203 = ORIENTED_EDGE ( 'NONE', *, *, #2275, .F. ) ;
#3204 = VECTOR ( 'NONE', #2478, 39.37007874015748143 ) ;
#3205 = ORIENTED_EDGE ( 'NONE', *, *, #5706, .F. ) ;
#3206 = ORIENTED_EDGE ( 'NONE', *, *, #5564, .T. ) ;
#3207 = CARTESIAN_POINT ( 'NONE',  ( -0.4129999999999999227, 0.6649749999999998717, 6.000000000000000888 ) ) ;
#3208 = EDGE_LOOP ( 'NONE', ( #597, #5094, #1673, #3779 ) ) ;
#3209 = DIRECTION ( 'NONE',  ( -1.046685055043767026E-14, -1.000000000000000000, 0.000000000000000000 ) ) ;
#3210 = ORIENTED_EDGE ( 'NONE', *, *, #719, .T. ) ;
#3211 = CARTESIAN_POINT ( 'NONE',  ( 0.4129999999999999227, 0.7499400794764283784, 6.000000000000000888 ) ) ;
#3212 = EDGE_CURVE ( 'NONE', #5349, #2654, #1885, .T. ) ;
#3213 = CARTESIAN_POINT ( 'NONE',  ( 0.4630250000000000199, -0.3350250000000000727, 6.000000000000000888 ) ) ;
#3214 = VECTOR ( 'NONE', #4505, 39.37007874015748143 ) ;
#3215 = ORIENTED_EDGE ( 'NONE', *, *, #750, .F. ) ;
#3216 = VECTOR ( 'NONE', #1893, 39.37007874015748143 ) ;
#3217 = CYLINDRICAL_SURFACE ( 'NONE', #2526, 0.03697499999999995235 ) ;
#3218 = LINE ( 'NONE', #3272, #1876 ) ;
#3219 = ADVANCED_FACE ( 'NONE', ( #2699 ), #1832, .F. ) ;
#3220 = LINE ( 'NONE', #3273, #808 ) ;
#3221 = LINE ( 'NONE', #5487, #2893 ) ;
#3222 = ORIENTED_EDGE ( 'NONE', *, *, #4615, .T. ) ;
#3223 = CARTESIAN_POINT ( 'NONE',  ( 0.5000000000000000000, -0.9077225650551554725, 6.000000000000000888 ) ) ;
#3224 = ORIENTED_EDGE ( 'NONE', *, *, #926, .F. ) ;
#3225 = DIRECTION ( 'NONE',  ( 0.000000000000000000, 0.000000000000000000, 1.000000000000000000 ) ) ;
#3226 = EDGE_CURVE ( 'NONE', #3956, #4753, #816, .T. ) ;
#3227 = CARTESIAN_POINT ( 'NONE',  ( -0.4289532336714965144, -0.9952754672079547893, 6.000000000000000888 ) ) ;
#3228 = CARTESIAN_POINT ( 'NONE',  ( -0.2499400794764282396, 1.000000000000000000, -6.000000000000000888 ) ) ;
#3229 = CARTESIAN_POINT ( 'NONE',  ( -0.5000000000000001110, -0.2935599205235716602, -6.000000000000000888 ) ) ;
#3230 = ORIENTED_EDGE ( 'NONE', *, *, #3734, .F. ) ;
#3231 = VERTEX_POINT ( 'NONE', #5220 ) ;
#3232 = ORIENTED_EDGE ( 'NONE', *, *, #5539, .F. ) ;
#3233 = LINE ( 'NONE', #5016, #2122 ) ;
#3234 = ORIENTED_EDGE ( 'NONE', *, *, #3640, .F. ) ;
#3235 = CARTESIAN_POINT ( 'NONE',  ( 0.4077225650551554170, -1.000000000000000000, -6.000000000000000888 ) ) ;
#3236 = VERTEX_POINT ( 'NONE', #3931 ) ;
#3237 = CARTESIAN_POINT ( 'NONE',  ( 0.5000000000000001110, 0.7064400794764282843, 6.000000000000000888 ) ) ;
#3238 = PERSON_AND_ORGANIZATION_ROLE ( 'creator' ) ;
#3239 = ORIENTED_EDGE ( 'NONE', *, *, #2904, .F. ) ;
#3240 = VECTOR ( 'NONE', #3682, 39.37007874015748143 ) ;
#3241 = VECTOR ( 'NONE', #2616, 39.37007874015748143 ) ;
#3242 = CARTESIAN_POINT ( 'NONE',  ( -0.5000000000000001110, 0.3350250000000000727, -6.000000000000000888 ) ) ;
#3243 = CARTESIAN_POINT ( 'NONE',  ( -0.1649749999999999550, 0.9630250000000000199, 6.000000000000000888 ) ) ;
#3244 = CARTESIAN_POINT ( 'NONE',  ( -0.5000000000000001110, -0.3350250000000000727, 6.000000000000000888 ) ) ;
#3245 = LINE ( 'NONE', #2039, #3797 ) ;
#3246 = VECTOR ( 'NONE', #2010, 39.37007874015748143 ) ;
#3247 = AXIS2_PLACEMENT_3D ( 'NONE', #2259, #3112, #2740 ) ;
#3248 = ADVANCED_FACE ( 'NONE', ( #32 ), #3989, .F. ) ;
#3249 = EDGE_CURVE ( 'NONE', #1386, #2894, #3152, .T. ) ;
#3250 = EDGE_CURVE ( 'NONE', #3636, #1856, #3899, .T. ) ;
#3251 = CARTESIAN_POINT ( 'NONE',  ( -0.5000000000000001110, 0.3350250000000000727, 6.000000000000000888 ) ) ;
#3252 = VECTOR ( 'NONE', #1599, 39.37007874015748143 ) ;
#3253 = ORIENTED_EDGE ( 'NONE', *, *, #4901, .T. ) ;
#3254 = CARTESIAN_POINT ( 'NONE',  ( -0.1471391560048289637, -0.7086574459680585747, -6.000000000000000888 ) ) ;
#3255 = CARTESIAN_POINT ( 'NONE',  ( -0.3411992244580428491, -0.2203190655051865676, -6.000000000000000888 ) ) ;
#3256 = DIRECTION ( 'NONE',  ( 1.000000000000000000, 0.000000000000000000, -0.000000000000000000 ) ) ;
#3257 = DIRECTION ( 'NONE',  ( -1.000000000000000000, 0.000000000000000000, 0.000000000000000000 ) ) ;
#3258 = CIRCLE ( 'NONE', #2895, 0.03697499999999995235 ) ;
#3259 = ORIENTED_EDGE ( 'NONE', *, *, #5509, .F. ) ;
#3260 = EDGE_CURVE ( 'NONE', #2467, #3914, #4072, .T. ) ;
#3261 = EDGE_CURVE ( 'NONE', #1947, #1580, #4087, .T. ) ;
#3262 = ORIENTED_EDGE ( 'NONE', *, *, #2020, .F. ) ;
#3263 = VERTEX_POINT ( 'NONE', #2582 ) ;
#3264 = DIRECTION ( 'NONE',  ( 0.000000000000000000, -0.000000000000000000, -1.000000000000000000 ) ) ;
#3265 = ORIENTED_EDGE ( 'NONE', *, *, #776, .F. ) ;
#3266 = ADVANCED_FACE ( 'NONE', ( #4332 ), #5681, .F. ) ;
#3267 = CARTESIAN_POINT ( 'NONE',  ( 0.5000000000000000000, -0.1140274349448444774, 6.000000000000000888 ) ) ;
#3268 = ORIENTED_EDGE ( 'NONE', *, *, #1159, .T. ) ;
#3269 = CARTESIAN_POINT ( 'NONE',  ( -0.4499749999999999028, 0.3719999999999999973, 6.000000000000000888 ) ) ;
#3270 = ORIENTED_EDGE ( 'NONE', *, *, #2124, .F. ) ;
#3271 = CARTESIAN_POINT ( 'NONE',  ( 0.4499749999999999028, -0.3350250000000000727, -6.000000000000000888 ) ) ;
#3272 = CARTESIAN_POINT ( 'NONE',  ( 0.5000000000000000000, -0.07052743494484452202, -6.000000000000000888 ) ) ;
#3273 = CARTESIAN_POINT ( 'NONE',  ( 0.1649749999999999550, 0.9129999999999999227, 6.000000000000000888 ) ) ;
#3274 = VECTOR ( 'NONE', #4506, 39.37007874015748143 ) ;
#3275 = DIRECTION ( 'NONE',  ( 0.7071067811865472397, -0.7071067811865479058, 0.000000000000000000 ) ) ;
#3276 = LINE ( 'NONE', #1908, #1586 ) ;
#3277 = ORIENTED_EDGE ( 'NONE', *, *, #3454, .T. ) ;
#3278 = DIRECTION ( 'NONE',  ( 1.000000000000000000, 0.000000000000000000, 0.000000000000000000 ) ) ;
#3279 = DIRECTION ( 'NONE',  ( 0.000000000000000000, 0.000000000000000000, 1.000000000000000000 ) ) ;
#3280 = LINE ( 'NONE', #820, #4859 ) ;
#3281 = EDGE_CURVE ( 'NONE', #3494, #1539, #5655, .T. ) ;
#3282 = EDGE_CURVE ( 'NONE', #925, #1833, #3061, .T. ) ;
#3283 = FACE_OUTER_BOUND ( 'NONE', #2316, .T. ) ;
#3284 = VERTEX_POINT ( 'NONE', #4790 ) ;
#3285 = ORIENTED_EDGE ( 'NONE', *, *, #5252, .F. ) ;
#3286 = VERTEX_POINT ( 'NONE', #3554 ) ;
#3287 = DIRECTION ( 'NONE',  ( 0.000000000000000000, 0.000000000000000000, -1.000000000000000000 ) ) ;
#3288 = EDGE_CURVE ( 'NONE', #4662, #2452, #841, .T. ) ;
#3289 = VECTOR ( 'NONE', #2825, 39.37007874015748143 ) ;
#3290 = ORIENTED_EDGE ( 'NONE', *, *, #1596, .T. ) ;
#3291 = CARTESIAN_POINT ( 'NONE',  ( -0.1829999999999998572, -0.5851966019728873647, -6.000000000000000888 ) ) ;
#3292 = ORIENTED_EDGE ( 'NONE', *, *, #3281, .T. ) ;
#3293 = CARTESIAN_POINT ( 'NONE',  ( 0.08519660197288733694, -0.3169999999999999485, 6.000000000000000888 ) ) ;
#3294 = EDGE_CURVE ( 'NONE', #164, #3744, #2617, .T. ) ;
#3295 = DATE_TIME_ROLE ( 'creation_date' ) ;
#3296 = AXIS2_PLACEMENT_3D ( 'NONE', #3090, #4840, #2227 ) ;
#3297 = ORIENTED_EDGE ( 'NONE', *, *, #4100, .F. ) ;
#3298 = CIRCLE ( 'NONE', #1831, 0.04205992052357206135 ) ;
#3299 = DIRECTION ( 'NONE',  ( 4.008152805398324415E-16, 1.000000000000000000, -0.000000000000000000 ) ) ;
#3300 = CARTESIAN_POINT ( 'NONE',  ( -0.5000000000000001110, -0.3350250000000000727, -6.000000000000000888 ) ) ;
#3301 = AXIS2_PLACEMENT_3D ( 'NONE', #788, #4674, #4649 ) ;
#3302 = DIRECTION ( 'NONE',  ( -0.000000000000000000, 0.000000000000000000, -1.000000000000000000 ) ) ;
#3303 = DIRECTION ( 'NONE',  ( 0.000000000000000000, -0.000000000000000000, -1.000000000000000000 ) ) ;
#3304 = AXIS2_PLACEMENT_3D ( 'NONE', #435, #5678, #4904 ) ;
#3305 = CARTESIAN_POINT ( 'NONE',  ( 0.3912499999999999312, -0.01647256505515531932, -6.000000000000000888 ) ) ;
#3306 = ORIENTED_EDGE ( 'NONE', *, *, #5437, .F. ) ;
#3307 = CARTESIAN_POINT ( 'NONE',  ( -0.2064400794764282010, -1.000000000000000000, 6.000000000000000888 ) ) ;
#3308 = LINE ( 'NONE', #249, #3289 ) ;
#3309 = AXIS2_PLACEMENT_3D ( 'NONE', #4783, #5181, #922 ) ;
#3310 = DIRECTION ( 'NONE',  ( 0.000000000000000000, -0.000000000000000000, 1.000000000000000000 ) ) ;
#3311 = ORIENTED_EDGE ( 'NONE', *, *, #5303, .T. ) ;
#3312 = EDGE_CURVE ( 'NONE', #3063, #1072, #121, .T. ) ;
#3313 = ORIENTED_EDGE ( 'NONE', *, *, #3079, .T. ) ;
#3314 = ORIENTED_EDGE ( 'NONE', *, *, #5321, .T. ) ;
#3315 = CARTESIAN_POINT ( 'NONE',  ( 0.1649749999999999550, 1.000000000000000000, 6.000000000000000888 ) ) ;
#3316 = CARTESIAN_POINT ( 'NONE',  ( 0.4499749999999999028, 0.6280000000000000027, 6.000000000000000888 ) ) ;
#3317 = VERTEX_POINT ( 'NONE', #3098 ) ;
#3318 = EDGE_CURVE ( 'NONE', #3317, #1127, #3329, .T. ) ;
#3319 = EDGE_CURVE ( 'NONE', #1069, #741, #2671, .T. ) ;
#3320 = CARTESIAN_POINT ( 'NONE',  ( -0.4129999999999999227, 0.6649749999999998717, 6.000000000000000888 ) ) ;
#3321 = EDGE_LOOP ( 'NONE', ( #5014, #686, #1024, #905 ) ) ;
#3322 = LINE ( 'NONE', #2525, #5233 ) ;
#3323 = ORIENTED_EDGE ( 'NONE', *, *, #3109, .T. ) ;
#3324 = EDGE_CURVE ( 'NONE', #286, #1610, #930, .T. ) ;
#3325 = CARTESIAN_POINT ( 'NONE',  ( -0.3859725650551554255, -1.000000000000000222, -6.000000000000000888 ) ) ;
#3326 = CARTESIAN_POINT ( 'NONE',  ( 0.1829999999999998572, -0.4148033980271126353, -6.000000000000000888 ) ) ;
#3327 = DIRECTION ( 'NONE',  ( -0.000000000000000000, 0.000000000000000000, 1.000000000000000000 ) ) ;
#3328 = FACE_OUTER_BOUND ( 'NONE', #1557, .T. ) ;
#3329 = CIRCLE ( 'NONE', #2602, 0.08760000000000003895 ) ;
#3330 = AXIS2_PLACEMENT_3D ( 'NONE', #2520, #4816, #5703 ) ;
#3331 = CARTESIAN_POINT ( 'NONE',  ( -0.4952754672079547893, -0.9289532336714965144, 6.000000000000000888 ) ) ;
#3332 = ORIENTED_EDGE ( 'NONE', *, *, #1209, .F. ) ;
#3333 = LINE ( 'NONE', #3254, #3885 ) ;
#3334 = DIRECTION ( 'NONE',  ( -1.000000000000000000, 0.000000000000000000, 0.000000000000000000 ) ) ;
#3335 = CIRCLE ( 'NONE', #385, 0.02174999999999998115 ) ;
#3336 = VECTOR ( 'NONE', #2396, 39.37007874015748143 ) ;
#3337 = DIRECTION ( 'NONE',  ( 0.000000000000000000, 0.000000000000000000, 1.000000000000000000 ) ) ;
#3338 = VERTEX_POINT ( 'NONE', #2327 ) ;
#3339 = AXIS2_PLACEMENT_3D ( 'NONE', #3475, #5143, #3848 ) ;
#3340 = AXIS2_PLACEMENT_3D ( 'NONE', #1778, #4456, #1750 ) ;
#3341 = ORIENTED_EDGE ( 'NONE', *, *, #2794, .T. ) ;
#3342 = ORIENTED_EDGE ( 'NONE', *, *, #986, .T. ) ;
#3343 = CYLINDRICAL_SURFACE ( 'NONE', #1363, 0.08760000000000003895 ) ;
#3344 = CARTESIAN_POINT ( 'NONE',  ( -0.5000000000000001110, -0.3350250000000000727, 6.000000000000000888 ) ) ;
#3345 = AXIS2_PLACEMENT_3D ( 'NONE', #3468, #1767, #3043 ) ;
#3346 = EDGE_LOOP ( 'NONE', ( #3285, #3804, #921, #5444 ) ) ;
#3347 = CARTESIAN_POINT ( 'NONE',  ( -0.1471391560048289637, 0.2913425540319414808, 6.000000000000000888 ) ) ;
#3348 = EDGE_LOOP ( 'NONE', ( #1417, #4933, #3958, #3196 ) ) ;
#3349 = DIRECTION ( 'NONE',  ( -0.000000000000000000, -0.000000000000000000, -1.000000000000000000 ) ) ;
#3350 = EDGE_CURVE ( 'NONE', #5006, #4501, #4934, .T. ) ;
#3351 = EDGE_CURVE ( 'NONE', #518, #3717, #571, .T. ) ;
#3352 = VERTEX_POINT ( 'NONE', #122 ) ;
#3353 = CARTESIAN_POINT ( 'NONE',  ( 0.4499749999999999028, -0.6280000000000000027, 6.000000000000000888 ) ) ;
#3354 = CARTESIAN_POINT ( 'NONE',  ( 0.08519660197288733694, -0.3169999999999999485, 6.000000000000000888 ) ) ;
#3355 = DIRECTION ( 'NONE',  ( -1.000000000000000000, 0.000000000000000000, 0.000000000000000000 ) ) ;
#3356 = VECTOR ( 'NONE', #4925, 39.37007874015748143 ) ;
#3357 = CARTESIAN_POINT ( 'NONE',  ( 2.731847993664263218E-16, -0.3169999999999999485, 6.000000000000000888 ) ) ;
#3358 = EDGE_CURVE ( 'NONE', #3317, #113, #2781, .T. ) ;
#3359 = DIRECTION ( 'NONE',  ( -0.000000000000000000, -0.000000000000000000, -1.000000000000000000 ) ) ;
#3360 = AXIS2_PLACEMENT_3D ( 'NONE', #3963, #1803, #37 ) ;
#3361 = VERTEX_POINT ( 'NONE', #5369 ) ;
#3362 = CARTESIAN_POINT ( 'NONE',  ( 0.4129999999999999227, 0.01647256505515531932, 6.000000000000000888 ) ) ;
#3363 = FACE_OUTER_BOUND ( 'NONE', #588, .T. ) ;
#3364 = CARTESIAN_POINT ( 'NONE',  ( 0.5000000000000001110, 0.3350250000000000727, 6.000000000000000888 ) ) ;
#3365 = ADVANCED_FACE ( 'NONE', ( #4533 ), #5396, .F. ) ;
#3366 = AXIS2_PLACEMENT_3D ( 'NONE', #2905, #5545, #4219 ) ;
#3367 = VERTEX_POINT ( 'NONE', #3267 ) ;
#3368 = DIRECTION ( 'NONE',  ( 2.926849330295178087E-16, -1.000000000000000000, 0.000000000000000000 ) ) ;
#3369 = EDGE_LOOP ( 'NONE', ( #2082, #1522, #985, #1414 ) ) ;
#3370 = VERTEX_POINT ( 'NONE', #1048 ) ;
#3371 = DIRECTION ( 'NONE',  ( -0.000000000000000000, -0.000000000000000000, 1.000000000000000000 ) ) ;
#3372 = CARTESIAN_POINT ( 'NONE',  ( -0.3709400794764278753, 0.7499400794764283784, 6.000000000000000888 ) ) ;
#3373 = ORIENTED_EDGE ( 'NONE', *, *, #2132, .F. ) ;
#3374 = PLANE ( 'NONE',  #3330 ) ;
#3375 = DIRECTION ( 'NONE',  ( -0.000000000000000000, -0.000000000000000000, -1.000000000000000000 ) ) ;
#3376 = ORIENTED_EDGE ( 'NONE', *, *, #1288, .F. ) ;
#3377 = DIRECTION ( 'NONE',  ( -5.853698660590359132E-16, -1.000000000000000000, 0.000000000000000000 ) ) ;
#3378 = VERTEX_POINT ( 'NONE', #555 ) ;
#3379 = EDGE_CURVE ( 'NONE', #4289, #423, #3723, .T. ) ;
#3380 = CARTESIAN_POINT ( 'NONE',  ( -0.2796809344948132936, 0.8411992244580429601, 6.000000000000000888 ) ) ;
#3381 = CARTESIAN_POINT ( 'NONE',  ( -0.1471391560048289637, -0.2913425540319414808, 6.000000000000000888 ) ) ;
#3382 = CARTESIAN_POINT ( 'NONE',  ( -0.5000000000000000000, -0.7281900794764283313, -6.000000000000000888 ) ) ;
#3383 = DIRECTION ( 'NONE',  ( -0.000000000000000000, -0.000000000000000000, -1.000000000000000000 ) ) ;
#3384 = CARTESIAN_POINT ( 'NONE',  ( -0.4499749999999999028, 0.6280000000000000027, -6.000000000000000888 ) ) ;
#3385 = AXIS2_PLACEMENT_3D ( 'NONE', #4175, #3765, #4225 ) ;
#3386 = VECTOR ( 'NONE', #327, 39.37007874015748143 ) ;
#3387 = DIRECTION ( 'NONE',  ( 0.000000000000000000, -1.000000000000000000, 0.000000000000000000 ) ) ;
#3388 = EDGE_CURVE ( 'NONE', #4663, #3555, #4075, .T. ) ;
#3389 = ORIENTED_EDGE ( 'NONE', *, *, #288, .T. ) ;
#3390 = DIRECTION ( 'NONE',  ( 0.000000000000000000, 0.000000000000000000, 1.000000000000000000 ) ) ;
#3391 = CARTESIAN_POINT ( 'NONE',  ( 0.4499749999999999028, 0.6280000000000000027, 6.000000000000000888 ) ) ;
#3392 = CARTESIAN_POINT ( 'NONE',  ( 0.2499400794764282951, 0.9130000000000000338, 6.000000000000000888 ) ) ;
#3393 = CIRCLE ( 'NONE', #1935, 0.03697499999999995235 ) ;
#3394 = ORIENTED_EDGE ( 'NONE', *, *, #1063, .T. ) ;
#3395 = DIRECTION ( 'NONE',  ( 1.000000000000000000, 0.000000000000000000, 0.000000000000000000 ) ) ;
#3396 = EDGE_CURVE ( 'NONE', #3352, #1143, #2812, .T. ) ;
#3397 = ORIENTED_EDGE ( 'NONE', *, *, #3647, .T. ) ;
#3398 = ORIENTED_EDGE ( 'NONE', *, *, #5676, .F. ) ;
#3399 = CYLINDRICAL_SURFACE ( 'NONE', #4585, 0.08760000000000003895 ) ;
#3400 = CARTESIAN_POINT ( 'NONE',  ( -0.1649749999999999550, 1.000000000000000000, 6.000000000000000888 ) ) ;
#3401 = VERTEX_POINT ( 'NONE', #1014 ) ;
#3402 = CARTESIAN_POINT ( 'NONE',  ( -0.5000000000000001110, 0.2500599205235717326, -6.000000000000000888 ) ) ;
#3403 = FACE_OUTER_BOUND ( 'NONE', #3632, .T. ) ;
#3404 = ORIENTED_EDGE ( 'NONE', *, *, #5066, .F. ) ;
#3405 = CARTESIAN_POINT ( 'NONE',  ( -0.3411992244580428491, 0.2203190655051865676, 6.000000000000000888 ) ) ;
#3406 = ORIENTED_EDGE ( 'NONE', *, *, #5462, .T. ) ;
#3407 = DIRECTION ( 'NONE',  ( -0.000000000000000000, -0.000000000000000000, -1.000000000000000000 ) ) ;
#3408 = CARTESIAN_POINT ( 'NONE',  ( -0.4129999999999999227, 0.7499400794764283784, 6.000000000000000888 ) ) ;
#3409 = CARTESIAN_POINT ( 'NONE',  ( 0.2796809344948132936, 0.8411992244580429601, 6.000000000000000888 ) ) ;
#3410 = LINE ( 'NONE', #1225, #446 ) ;
#3411 = CARTESIAN_POINT ( 'NONE',  ( 0.3709400794764278753, -0.2500599205235715661, 6.000000000000000888 ) ) ;
#3412 = CARTESIAN_POINT ( 'NONE',  ( -0.5000000000000001110, 0.7499400794764282674, -6.000000000000000888 ) ) ;
#3413 = CARTESIAN_POINT ( 'NONE',  ( -0.1280000000000000027, -0.9630250000000000199, -6.000000000000000888 ) ) ;
#3414 = DIRECTION ( 'NONE',  ( -1.046685055043767026E-14, 1.000000000000000000, 0.000000000000000000 ) ) ;
#3415 = CARTESIAN_POINT ( 'NONE',  ( -0.1025000000000000216, 0.5000000000000000000, -6.000000000000000888 ) ) ;
#3416 = EDGE_CURVE ( 'NONE', #1205, #3924, #151, .T. ) ;
#3417 = AXIS2_PLACEMENT_3D ( 'NONE', #3018, #5225, #848 ) ;
#3418 = APPROVAL ( #4135, 'UNSPECIFIED' ) ;
#3419 = EDGE_LOOP ( 'NONE', ( #1359, #2353, #3724, #1262 ) ) ;
#3420 = CARTESIAN_POINT ( 'NONE',  ( -0.5000000000000001110, -0.7064400794764282843, 6.000000000000000888 ) ) ;
#3421 = AXIS2_PLACEMENT_3D ( 'NONE', #4549, #5520, #2453 ) ;
#3422 = VERTEX_POINT ( 'NONE', #5448 ) ;
#3423 = AXIS2_PLACEMENT_3D ( 'NONE', #1349, #48, #76 ) ;
#3424 = ORIENTED_EDGE ( 'NONE', *, *, #5706, .T. ) ;
#3425 = DIRECTION ( 'NONE',  ( -1.000000000000000000, 0.000000000000000000, 0.000000000000000000 ) ) ;
#3426 = DIRECTION ( 'NONE',  ( -0.000000000000000000, -0.000000000000000000, -1.000000000000000000 ) ) ;
#3427 = ADVANCED_FACE ( 'NONE', ( #3666 ), #1535, .F. ) ;
#3428 = ADVANCED_FACE ( 'NONE', ( #1510 ), #5020, .F. ) ;
#3429 = VECTOR ( 'NONE', #2042, 39.37007874015748143 ) ;
#3430 = AXIS2_PLACEMENT_3D ( 'NONE', #4568, #2414, #5051 ) ;
#3431 = ORIENTED_EDGE ( 'NONE', *, *, #1569, .F. ) ;
#3432 = DIRECTION ( 'NONE',  ( 1.000000000000000000, 0.000000000000000000, 0.000000000000000000 ) ) ;
#3433 = VECTOR ( 'NONE', #650, 39.37007874015748143 ) ;
#3434 = CARTESIAN_POINT ( 'NONE',  ( -0.4499749999999999028, 0.6280000000000000027, 6.000000000000000888 ) ) ;
#3435 = VERTEX_POINT ( 'NONE', #2358 ) ;
#3436 = LINE ( 'NONE', #4297, #1472 ) ;
#3437 = VECTOR ( 'NONE', #1448, 39.37007874015748143 ) ;
#3438 = CIRCLE ( 'NONE', #5640, 0.02174999999999998115 ) ;
#3439 = ADVANCED_FACE ( 'NONE', ( #1479 ), #4965, .F. ) ;
#3440 = ORIENTED_EDGE ( 'NONE', *, *, #1101, .F. ) ;
#3441 = VECTOR ( 'NONE', #564, 39.37007874015748143 ) ;
#3442 = CARTESIAN_POINT ( 'NONE',  ( -1.708498649160620184E-17, 0.5000000000000000000, -6.000000000000000888 ) ) ;
#3443 = CARTESIAN_POINT ( 'NONE',  ( 0.1471391560048289637, -0.2913425540319414808, 6.000000000000000888 ) ) ;
#3444 = PLANE ( 'NONE',  #323 ) ;
#3445 = LINE ( 'NONE', #1286, #3386 ) ;
#3446 = DIRECTION ( 'NONE',  ( 0.000000000000000000, 0.000000000000000000, 1.000000000000000000 ) ) ;
#3447 = CARTESIAN_POINT ( 'NONE',  ( -0.5000000000000000000, -0.8859725650551555365, -6.000000000000000888 ) ) ;
#3448 = DIRECTION ( 'NONE',  ( -1.000000000000000000, 1.046685055043767026E-14, 0.000000000000000000 ) ) ;
#3449 = LINE ( 'NONE', #766, #1729 ) ;
#3450 = CARTESIAN_POINT ( 'NONE',  ( 0.1649749999999999550, -1.000000000000000000, 6.000000000000000888 ) ) ;
#3451 = VECTOR ( 'NONE', #3793, 39.37007874015748143 ) ;
#3452 = ORIENTED_EDGE ( 'NONE', *, *, #1025, .T. ) ;
#3453 = DIRECTION ( 'NONE',  ( 0.000000000000000000, -0.000000000000000000, 1.000000000000000000 ) ) ;
#3454 = EDGE_CURVE ( 'NONE', #3550, #1118, #479, .T. ) ;
#3455 = VERTEX_POINT ( 'NONE', #2383 ) ;
#3456 = EDGE_CURVE ( 'NONE', #1266, #1886, #523, .T. ) ;
#3457 = ORIENTED_EDGE ( 'NONE', *, *, #4843, .T. ) ;
#3458 = CARTESIAN_POINT ( 'NONE',  ( 0.2705999999999998962, -0.4148033980271126353, -6.000000000000000888 ) ) ;
#3459 = CARTESIAN_POINT ( 'NONE',  ( -0.3411992244580428491, -0.7796809344948134601, -6.000000000000000888 ) ) ;
#3460 = VECTOR ( 'NONE', #4020, 39.37007874015748143 ) ;
#3461 = VERTEX_POINT ( 'NONE', #2753 ) ;
#3462 = FACE_OUTER_BOUND ( 'NONE', #2725, .T. ) ;
#3463 = CARTESIAN_POINT ( 'NONE',  ( 0.2796809344948132936, -0.8411992244580429601, -6.000000000000000888 ) ) ;
#3464 = EDGE_CURVE ( 'NONE', #1143, #2581, #849, .T. ) ;
#3465 = ORIENTED_EDGE ( 'NONE', *, *, #711, .F. ) ;
#3466 = CARTESIAN_POINT ( 'NONE',  ( -0.3859725650551554255, 1.000000000000000222, -6.000000000000000888 ) ) ;
#3467 = ORIENTED_EDGE ( 'NONE', *, *, #4732, .T. ) ;
#3468 = CARTESIAN_POINT ( 'NONE',  ( 0.08519660197288735082, -0.7706000000000000627, 6.000000000000000888 ) ) ;
#3469 = EDGE_CURVE ( 'NONE', #4133, #1079, #3184, .T. ) ;
#3470 = DIRECTION ( 'NONE',  ( -0.000000000000000000, 0.000000000000000000, 1.000000000000000000 ) ) ;
#3471 = DIRECTION ( 'NONE',  ( -5.853698660590359132E-16, 1.000000000000000000, 0.000000000000000000 ) ) ;
#3472 = FACE_OUTER_BOUND ( 'NONE', #1443, .T. ) ;
#3473 = CARTESIAN_POINT ( 'NONE',  ( 0.4129999999999999227, -0.6649749999999998717, -6.000000000000000888 ) ) ;
#3474 = PLANE ( 'NONE',  #4169 ) ;
#3475 = CARTESIAN_POINT ( 'NONE',  ( -0.3912499999999999312, 0.01647256505515531932, -6.000000000000000888 ) ) ;
#3476 = CARTESIAN_POINT ( 'NONE',  ( -0.2086574459680583804, -0.3528608439951709252, -6.000000000000000888 ) ) ;
#3477 = CIRCLE ( 'NONE', #627, 0.02174999999999998115 ) ;
#3478 = LINE ( 'NONE', #2077, #1799 ) ;
#3479 = CIRCLE ( 'NONE', #1830, 0.04205992052357206135 ) ;
#3480 = EDGE_LOOP ( 'NONE', ( #5217, #2404, #5041, #3794 ) ) ;
#3481 = FACE_OUTER_BOUND ( 'NONE', #4287, .T. ) ;
#3482 = VERTEX_POINT ( 'NONE', #3320 ) ;
#3483 = ORIENTED_EDGE ( 'NONE', *, *, #4686, .T. ) ;
#3484 = CARTESIAN_POINT ( 'NONE',  ( 0.4630250000000000199, 0.6280000000000000027, 6.000000000000000888 ) ) ;
#3485 = AXIS2_PLACEMENT_3D ( 'NONE', #2991, #357, #2532 ) ;
#3486 = LINE ( 'NONE', #4841, #3637 ) ;
#3487 = ORIENTED_EDGE ( 'NONE', *, *, #420, .T. ) ;
#3488 = EDGE_CURVE ( 'NONE', #73, #2593, #1213, .T. ) ;
#3489 = AXIS2_PLACEMENT_3D ( 'NONE', #376, #4846, #3151 ) ;
#3490 = DIRECTION ( 'NONE',  ( -1.000000000000000000, 0.000000000000000000, 0.000000000000000000 ) ) ;
#3491 = ORIENTED_EDGE ( 'NONE', *, *, #2348, .T. ) ;
#3492 = DIRECTION ( 'NONE',  ( 1.000000000000000000, 0.000000000000000000, 0.000000000000000000 ) ) ;
#3493 = EDGE_CURVE ( 'NONE', #980, #2751, #2549, .T. ) ;
#3494 = VERTEX_POINT ( 'NONE', #5616 ) ;
#3495 = EDGE_CURVE ( 'NONE', #3401, #1321, #2240, .T. ) ;
#3496 = EDGE_CURVE ( 'NONE', #3006, #741, #5125, .T. ) ;
#3497 = CARTESIAN_POINT ( 'NONE',  ( 0.5000000000000000000, -0.7281900794764283313, -6.000000000000000888 ) ) ;
#3498 = VERTEX_POINT ( 'NONE', #1618 ) ;
#3499 = CARTESIAN_POINT ( 'NONE',  ( 0.4630250000000000199, 0.3350250000000000727, 6.000000000000000888 ) ) ;
#3500 = DIRECTION ( 'NONE',  ( -0.000000000000000000, 1.000000000000000000, -0.000000000000000000 ) ) ;
#3501 = LINE ( 'NONE', #471, #349 ) ;
#3502 = CARTESIAN_POINT ( 'NONE',  ( 0.2705999999999998962, -0.4148033980271126353, 6.000000000000000888 ) ) ;
#3503 = ADVANCED_FACE ( 'NONE', ( #747 ), #2981, .F. ) ;
#3504 = DIRECTION ( 'NONE',  ( 0.000000000000000000, 0.000000000000000000, 1.000000000000000000 ) ) ;
#3505 = DIRECTION ( 'NONE',  ( 1.000000000000000000, 5.853698660590359132E-16, 0.000000000000000000 ) ) ;
#3506 = DIRECTION ( 'NONE',  ( 0.000000000000000000, 0.000000000000000000, -1.000000000000000000 ) ) ;
#3507 = CARTESIAN_POINT ( 'NONE',  ( -0.5000000000000001110, 0.6649749999999998717, -6.000000000000000888 ) ) ;
#3508 = VERTEX_POINT ( 'NONE', #2952 ) ;
#3509 = ORIENTED_EDGE ( 'NONE', *, *, #4002, .F. ) ;
#3510 = DIRECTION ( 'NONE',  ( -0.000000000000000000, -0.000000000000000000, -1.000000000000000000 ) ) ;
#3511 = VERTEX_POINT ( 'NONE', #2896 ) ;
#3512 = ORIENTED_EDGE ( 'NONE', *, *, #2942, .T. ) ;
#3513 = PLANE ( 'NONE',  #3296 ) ;
#3514 = CARTESIAN_POINT ( 'NONE',  ( 0.5000000000000001110, 0.7499400794764282674, -6.000000000000000888 ) ) ;
#3515 = VERTEX_POINT ( 'NONE', #2464 ) ;
#3516 = VECTOR ( 'NONE', #5533, 39.37007874015748143 ) ;
#3517 = CIRCLE ( 'NONE', #752, 0.03697499999999995235 ) ;
#3518 = ORIENTED_EDGE ( 'NONE', *, *, #1880, .T. ) ;
#3519 = VERTEX_POINT ( 'NONE', #2089 ) ;
#3520 = DIRECTION ( 'NONE',  ( -1.000000000000000000, 0.000000000000000000, 0.000000000000000000 ) ) ;
#3521 = VECTOR ( 'NONE', #1431, 39.37007874015748143 ) ;
#3522 = AXIS2_PLACEMENT_3D ( 'NONE', #1324, #2224, #3086 ) ;
#3523 = ORIENTED_EDGE ( 'NONE', *, *, #4518, .T. ) ;
#3524 = CIRCLE ( 'NONE', #25, 0.03697499999999995235 ) ;
#3525 = CIRCLE ( 'NONE', #2430, 0.02175000000000001238 ) ;
#3526 = DIRECTION ( 'NONE',  ( 0.000000000000000000, 0.000000000000000000, -1.000000000000000000 ) ) ;
#3527 = VERTEX_POINT ( 'NONE', #3291 ) ;
#3528 = EDGE_CURVE ( 'NONE', #4045, #2653, #3335, .T. ) ;
#3529 = CARTESIAN_POINT ( 'NONE',  ( 0.4066295724908073339, 0.03185213754596270125, -6.000000000000000888 ) ) ;
#3530 = EDGE_CURVE ( 'NONE', #1386, #3697, #4269, .T. ) ;
#3531 = DIRECTION ( 'NONE',  ( -1.000000000000000000, 0.000000000000000000, 0.000000000000000000 ) ) ;
#3532 = CARTESIAN_POINT ( 'NONE',  ( -0.4129999999999999227, 0.7499400794764283784, 6.000000000000000888 ) ) ;
#3533 = CARTESIAN_POINT ( 'NONE',  ( -0.4129999999999999227, -0.2500599205235715661, -6.000000000000000888 ) ) ;
#3534 = CARTESIAN_POINT ( 'NONE',  ( -0.1829999999999998572, -0.5851966019728873647, 6.000000000000000888 ) ) ;
#3535 = CARTESIAN_POINT ( 'NONE',  ( -0.1649749999999999550, -0.9630250000000000199, 6.000000000000000888 ) ) ;
#3536 = EDGE_CURVE ( 'NONE', #1647, #2690, #577, .T. ) ;
#3537 = DIRECTION ( 'NONE',  ( -2.926849330295178580E-16, -1.000000000000000000, 0.000000000000000000 ) ) ;
#3538 = PLANE ( 'NONE',  #851 ) ;
#3539 = ORIENTED_EDGE ( 'NONE', *, *, #5668, .F. ) ;
#3540 = ORIENTED_EDGE ( 'NONE', *, *, #4098, .F. ) ;
#3541 = DIRECTION ( 'NONE',  ( -0.000000000000000000, 0.000000000000000000, -1.000000000000000000 ) ) ;
#3542 = ORIENTED_EDGE ( 'NONE', *, *, #431, .T. ) ;
#3543 = ADVANCED_FACE ( 'NONE', ( #5506 ), #1155, .F. ) ;
#3544 = CARTESIAN_POINT ( 'NONE',  ( -0.5000000000000000000, -0.9077225650551554725, -6.000000000000000888 ) ) ;
#3545 = CARTESIAN_POINT ( 'NONE',  ( -0.3983187499999999992, 0.8983187500000000547, 6.000000000000000888 ) ) ;
#3546 = LINE ( 'NONE', #2745, #1609 ) ;
#3547 = VECTOR ( 'NONE', #5256, 39.37007874015748143 ) ;
#3548 = ORIENTED_EDGE ( 'NONE', *, *, #3085, .F. ) ;
#3549 = VERTEX_POINT ( 'NONE', #4731 ) ;
#3550 = VERTEX_POINT ( 'NONE', #780 ) ;
#3551 = CIRCLE ( 'NONE', #972, 0.03697499999999995235 ) ;
#3552 = DIRECTION ( 'NONE',  ( -1.000000000000000000, 0.000000000000000000, 0.000000000000000000 ) ) ;
#3553 = ORIENTED_EDGE ( 'NONE', *, *, #2029, .T. ) ;
#3554 = CARTESIAN_POINT ( 'NONE',  ( 0.1829999999999998572, -0.5851966019728873647, -6.000000000000000888 ) ) ;
#3555 = VERTEX_POINT ( 'NONE', #4667 ) ;
#3556 = DIRECTION ( 'NONE',  ( -1.000000000000000000, 0.000000000000000000, 0.000000000000000000 ) ) ;
#3557 = DIRECTION ( 'NONE',  ( -1.000000000000000000, 0.000000000000000000, 0.000000000000000000 ) ) ;
#3558 = DIRECTION ( 'NONE',  ( 1.000000000000000000, 1.046685055043766868E-14, 0.000000000000000000 ) ) ;
#3559 = ADVANCED_FACE ( 'NONE', ( #287 ), #4295, .T. ) ;
#3560 = LINE ( 'NONE', #3534, #3619 ) ;
#3561 = FACE_OUTER_BOUND ( 'NONE', #5075, .T. ) ;
#3562 = CARTESIAN_POINT ( 'NONE',  ( -0.4129999999999999227, -0.7499400794764283784, -6.000000000000000888 ) ) ;
#3563 = CARTESIAN_POINT ( 'NONE',  ( 0.4129999999999999227, 0.01647256505515531932, -6.000000000000000888 ) ) ;
#3564 = ORIENTED_EDGE ( 'NONE', *, *, #4420, .F. ) ;
#3565 = EDGE_CURVE ( 'NONE', #5560, #3550, #2521, .T. ) ;
#3566 = CARTESIAN_POINT ( 'NONE',  ( 0.1829999999999998572, -0.5851966019728873647, 6.000000000000000888 ) ) ;
#3567 = VECTOR ( 'NONE', #4114, 39.37007874015748143 ) ;
#3568 = ORIENTED_EDGE ( 'NONE', *, *, #3118, .T. ) ;
#3569 = DIRECTION ( 'NONE',  ( -4.008152805398324415E-16, -1.000000000000000000, 0.000000000000000000 ) ) ;
#3570 = LINE ( 'NONE', #4465, #900 ) ;
#3571 = CARTESIAN_POINT ( 'NONE',  ( -0.5000000000000001110, -0.6649749999999998717, 6.000000000000000888 ) ) ;
#3572 = DIRECTION ( 'NONE',  ( 1.000000000000000000, 0.000000000000000000, 0.000000000000000000 ) ) ;
#3573 = AXIS2_PLACEMENT_3D ( 'NONE', #3458, #3002, #4751 ) ;
#3574 = ORIENTED_EDGE ( 'NONE', *, *, #2676, .T. ) ;
#3575 = EDGE_CURVE ( 'NONE', #3141, #5208, #5540, .T. ) ;
#3576 = ORGANIZATION ( 'UNSPECIFIED', 'UNSPECIFIED', '' ) ;
#3577 = VERTEX_POINT ( 'NONE', #5589 ) ;
#3578 = AXIS2_PLACEMENT_3D ( 'NONE', #3, #469, #1770 ) ;
#3579 = ORIENTED_EDGE ( 'NONE', *, *, #1036, .F. ) ;
#3580 = DIRECTION ( 'NONE',  ( -1.000000000000000000, 0.000000000000000000, 0.000000000000000000 ) ) ;
#3581 = ORIENTED_EDGE ( 'NONE', *, *, #3496, .T. ) ;
#3582 = CIRCLE ( 'NONE', #2209, 0.02174999999999998115 ) ;
#3583 = DIRECTION ( 'NONE',  ( 1.000000000000000000, 0.000000000000000000, 0.000000000000000000 ) ) ;
#3584 = ORIENTED_EDGE ( 'NONE', *, *, #4695, .T. ) ;
#3585 = LINE ( 'NONE', #62, #4042 ) ;
#3586 = CIRCLE ( 'NONE', #3304, 0.1024999999999999939 ) ;
#3587 = DIRECTION ( 'NONE',  ( -0.7071067811865479058, 0.7071067811865472397, 0.000000000000000000 ) ) ;
#3588 = CARTESIAN_POINT ( 'NONE',  ( -0.3411992244580428491, 0.2203190655051865676, 6.000000000000000888 ) ) ;
#3589 = LINE ( 'NONE', #5284, #1045 ) ;
#3590 = DIRECTION ( 'NONE',  ( -2.926849330295178580E-16, -1.000000000000000000, 0.000000000000000000 ) ) ;
#3591 = FACE_OUTER_BOUND ( 'NONE', #5097, .T. ) ;
#3592 = CYLINDRICAL_SURFACE ( 'NONE', #1978, 0.1024999999999999939 ) ;
#3593 = ORIENTED_EDGE ( 'NONE', *, *, #1553, .T. ) ;
#3594 = ADVANCED_FACE ( 'NONE', ( #3403 ), #5156, .F. ) ;
#3595 = PLANE ( 'NONE',  #4350 ) ;
#3596 = EDGE_LOOP ( 'NONE', ( #1698, #5146, #87, #4560 ) ) ;
#3597 = CARTESIAN_POINT ( 'NONE',  ( -0.4499749999999999028, -0.6649749999999998717, -6.000000000000000888 ) ) ;
#3598 = DIRECTION ( 'NONE',  ( -4.008152805398324415E-16, -1.000000000000000000, 0.000000000000000000 ) ) ;
#3599 = DIRECTION ( 'NONE',  ( -0.000000000000000000, -0.000000000000000000, -1.000000000000000000 ) ) ;
#3600 = EDGE_CURVE ( 'NONE', #4211, #741, #1965, .T. ) ;
#3601 = EDGE_CURVE ( 'NONE', #3508, #4605, #3791, .T. ) ;
#3602 = CARTESIAN_POINT ( 'NONE',  ( 0.5000000000000001110, 0.6649749999999998717, 6.000000000000000888 ) ) ;
#3603 = VERTEX_POINT ( 'NONE', #4432 ) ;
#3604 = ORIENTED_EDGE ( 'NONE', *, *, #4415, .F. ) ;
#3605 = ORIENTED_EDGE ( 'NONE', *, *, #4158, .F. ) ;
#3606 = CARTESIAN_POINT ( 'NONE',  ( -0.3411992244580428491, 0.2203190655051865676, 6.000000000000000888 ) ) ;
#3607 = EDGE_CURVE ( 'NONE', #3139, #231, #5325, .T. ) ;
#3608 = VECTOR ( 'NONE', #3837, 39.37007874015748143 ) ;
#3609 = VECTOR ( 'NONE', #1274, 39.37007874015748143 ) ;
#3610 = VERTEX_POINT ( 'NONE', #2148 ) ;
#3611 = DIRECTION ( 'NONE',  ( -1.000000000000000000, 0.000000000000000000, 0.000000000000000000 ) ) ;
#3612 = EDGE_LOOP ( 'NONE', ( #5382, #1381, #1823, #176 ) ) ;
#3613 = AXIS2_PLACEMENT_3D ( 'NONE', #4184, #237, #1562 ) ;
#3614 = DIRECTION ( 'NONE',  ( 1.000000000000000000, 0.000000000000000000, 0.000000000000000000 ) ) ;
#3615 = CIRCLE ( 'NONE', #480, 0.04205992052357206135 ) ;
#3616 = LINE ( 'NONE', #961, #4651 ) ;
#3617 = ADVANCED_FACE ( 'NONE', ( #1878 ), #5187, .F. ) ;
#3618 = CIRCLE ( 'NONE', #3795, 0.02174999999999998115 ) ;
#3619 = VECTOR ( 'NONE', #1289, 39.37007874015748143 ) ;
#3620 = PLANE ( 'NONE',  #3892 ) ;
#3621 = FACE_OUTER_BOUND ( 'NONE', #33, .T. ) ;
#3622 = CARTESIAN_POINT ( 'NONE',  ( 0.5000000000000001110, -0.6649749999999998717, 6.000000000000000888 ) ) ;
#3623 = DIRECTION ( 'NONE',  ( -0.000000000000000000, -0.000000000000000000, -1.000000000000000000 ) ) ;
#3624 = ORIENTED_EDGE ( 'NONE', *, *, #5292, .T. ) ;
#3625 = VECTOR ( 'NONE', #2105, 39.37007874015748143 ) ;
#3626 = DIRECTION ( 'NONE',  ( 2.926849330295178087E-16, 1.000000000000000000, 0.000000000000000000 ) ) ;
#3627 = ORIENTED_EDGE ( 'NONE', *, *, #711, .T. ) ;
#3628 = LINE ( 'NONE', #919, #1872 ) ;
#3629 = VERTEX_POINT ( 'NONE', #1438 ) ;
#3630 = DIRECTION ( 'NONE',  ( 0.7071067811865472397, -0.7071067811865479058, 0.000000000000000000 ) ) ;
#3631 = DIRECTION ( 'NONE',  ( -1.000000000000000000, 0.000000000000000000, 0.000000000000000000 ) ) ;
#3632 = EDGE_LOOP ( 'NONE', ( #4618, #2693, #4416, #829 ) ) ;
#3633 = EDGE_CURVE ( 'NONE', #3063, #4256, #3628, .T. ) ;
#3634 = EDGE_CURVE ( 'NONE', #2323, #5617, #4709, .T. ) ;
#3635 = ORIENTED_EDGE ( 'NONE', *, *, #3110, .F. ) ;
#3636 = VERTEX_POINT ( 'NONE', #3463 ) ;
#3637 = VECTOR ( 'NONE', #2631, 39.37007874015748143 ) ;
#3638 = DIRECTION ( 'NONE',  ( -1.000000000000000000, 0.000000000000000000, 0.000000000000000000 ) ) ;
#3639 = VERTEX_POINT ( 'NONE', #3009 ) ;
#3640 = EDGE_CURVE ( 'NONE', #2357, #2226, #1306, .T. ) ;
#3641 = CARTESIAN_POINT ( 'NONE',  ( -0.4129999999999999227, -0.2500599205235715661, 6.000000000000000888 ) ) ;
#3642 = ORIENTED_EDGE ( 'NONE', *, *, #4337, .F. ) ;
#3643 = CYLINDRICAL_SURFACE ( 'NONE', #2304, 0.03697500000000002174 ) ;
#3644 = LINE ( 'NONE', #5399, #236 ) ;
#3645 = AXIS2_PLACEMENT_3D ( 'NONE', #2703, #1338, #93 ) ;
#3646 = ORIENTED_EDGE ( 'NONE', *, *, #3859, .T. ) ;
#3647 = EDGE_CURVE ( 'NONE', #1480, #1944, #1408, .T. ) ;
#3648 = CARTESIAN_POINT ( 'NONE',  ( 0.1471391560048289637, 0.2913425540319414808, 6.000000000000000888 ) ) ;
#3649 = CARTESIAN_POINT ( 'NONE',  ( 0.1280000000000000027, 0.9499750000000000139, 6.000000000000000888 ) ) ;
#3650 = CYLINDRICAL_SURFACE ( 'NONE', #3663, 0.08760000000000003895 ) ;
#3651 = DIRECTION ( 'NONE',  ( -1.000000000000000000, 0.000000000000000000, 0.000000000000000000 ) ) ;
#3652 = ORIENTED_EDGE ( 'NONE', *, *, #2233, .F. ) ;
#3653 = CARTESIAN_POINT ( 'NONE',  ( 0.5000000000000000000, 0.07052743494484452202, -6.000000000000000888 ) ) ;
#3654 = VERTEX_POINT ( 'NONE', #4464 ) ;
#3655 = DIRECTION ( 'NONE',  ( 0.000000000000000000, 0.000000000000000000, 1.000000000000000000 ) ) ;
#3656 = LINE ( 'NONE', #2855, #708 ) ;
#3657 = DIRECTION ( 'NONE',  ( -2.926849330295178087E-16, 1.000000000000000000, 0.000000000000000000 ) ) ;
#3658 = DIRECTION ( 'NONE',  ( -1.000000000000000000, -5.853698660590358146E-16, 0.000000000000000000 ) ) ;
#3659 = VERTEX_POINT ( 'NONE', #514 ) ;
#3660 = ORIENTED_EDGE ( 'NONE', *, *, #431, .F. ) ;
#3661 = ORIENTED_EDGE ( 'NONE', *, *, #1748, .T. ) ;
#3662 = CARTESIAN_POINT ( 'NONE',  ( 0.4499749999999999028, -0.6280000000000000027, 6.000000000000000888 ) ) ;
#3663 = AXIS2_PLACEMENT_3D ( 'NONE', #4166, #2446, #649 ) ;
#3664 = VERTEX_POINT ( 'NONE', #946 ) ;
#3665 = VECTOR ( 'NONE', #3657, 39.37007874015748143 ) ;
#3666 = FACE_OUTER_BOUND ( 'NONE', #3961, .T. ) ;
#3667 = ORIENTED_EDGE ( 'NONE', *, *, #3699, .F. ) ;
#3668 = LINE ( 'NONE', #3186, #2395 ) ;
#3669 = ADVANCED_FACE ( 'NONE', ( #807 ), #4952, .T. ) ;
#3670 = EDGE_CURVE ( 'NONE', #2144, #2687, #204, .T. ) ;
#3671 = AXIS2_PLACEMENT_3D ( 'NONE', #1157, #1679, #3778 ) ;
#3672 = ADVANCED_FACE ( 'NONE', ( #4327 ), #102, .F. ) ;
#3673 = VERTEX_POINT ( 'NONE', #5296 ) ;
#3674 = VECTOR ( 'NONE', #1477, 39.37007874015748143 ) ;
#3675 = CARTESIAN_POINT ( 'NONE',  ( -0.4129999999999999227, 0.7499400794764283784, -6.000000000000000888 ) ) ;
#3676 = CYLINDRICAL_SURFACE ( 'NONE', #1776, 0.04205992052357206135 ) ;
#3677 = LINE ( 'NONE', #5486, #3567 ) ;
#3678 = CARTESIAN_POINT ( 'NONE',  ( 0.2499400794764282951, -0.9130000000000000338, -6.000000000000000888 ) ) ;
#3679 = EDGE_CURVE ( 'NONE', #3897, #4133, #1351, .T. ) ;
#3680 = CARTESIAN_POINT ( 'NONE',  ( 0.08519660197288735082, 0.2293999999999998818, -6.000000000000000888 ) ) ;
#3681 = ORIENTED_EDGE ( 'NONE', *, *, #2547, .T. ) ;
#3682 = DIRECTION ( 'NONE',  ( -0.000000000000000000, 0.000000000000000000, -1.000000000000000000 ) ) ;
#3683 = LINE ( 'NONE', #5491, #2560 ) ;
#3684 = DIRECTION ( 'NONE',  ( 1.000000000000000000, 0.000000000000000000, 0.000000000000000000 ) ) ;
#3685 = LINE ( 'NONE', #1550, #3451 ) ;
#3686 = ADVANCED_FACE ( 'NONE', ( #4521 ), #4032, .F. ) ;
#3687 = ORIENTED_EDGE ( 'NONE', *, *, #4308, .F. ) ;
#3688 = ORIENTED_EDGE ( 'NONE', *, *, #4762, .F. ) ;
#3689 = ORIENTED_EDGE ( 'NONE', *, *, #3288, .T. ) ;
#3690 = LINE ( 'NONE', #4070, #3216 ) ;
#3691 = ORIENTED_EDGE ( 'NONE', *, *, #429, .T. ) ;
#3692 = DIRECTION ( 'NONE',  ( -0.000000000000000000, -0.000000000000000000, -1.000000000000000000 ) ) ;
#3693 = ORIENTED_EDGE ( 'NONE', *, *, #3180, .F. ) ;
#3694 = CARTESIAN_POINT ( 'NONE',  ( -0.1649749999999999550, 0.9499750000000000139, 6.000000000000000888 ) ) ;
#3695 = APPROVAL_ROLE ( '' ) ;
#3696 = CIRCLE ( 'NONE', #845, 0.08760000000000003895 ) ;
#3697 = VERTEX_POINT ( 'NONE', #1677 ) ;
#3698 = AXIS2_PLACEMENT_3D ( 'NONE', #2344, #1246, #543 ) ;
#3699 = EDGE_CURVE ( 'NONE', #3972, #4753, #3980, .T. ) ;
#3700 = AXIS2_PLACEMENT_3D ( 'NONE', #482, #454, #1756 ) ;
#3701 = EDGE_CURVE ( 'NONE', #4123, #2385, #2701, .T. ) ;
#3702 = FACE_BOUND ( 'NONE', #1758, .T. ) ;
#3703 = DIRECTION ( 'NONE',  ( 0.000000000000000000, 0.000000000000000000, 1.000000000000000000 ) ) ;
#3704 = CARTESIAN_POINT ( 'NONE',  ( 0.4630250000000000199, -0.3719999999999999973, 6.000000000000000888 ) ) ;
#3705 = DIRECTION ( 'NONE',  ( -1.000000000000000000, 0.000000000000000000, 0.000000000000000000 ) ) ;
#3706 = VECTOR ( 'NONE', #5344, 39.37007874015748143 ) ;
#3707 = VECTOR ( 'NONE', #3299, 39.37007874015748143 ) ;
#3708 = CARTESIAN_POINT ( 'NONE',  ( 0.4952754672079547893, 0.9289532336714965144, 6.000000000000000888 ) ) ;
#3709 = EDGE_CURVE ( 'NONE', #2687, #411, #1380, .T. ) ;
#3710 = VECTOR ( 'NONE', #2336, 39.37007874015748143 ) ;
#3711 = VERTEX_POINT ( 'NONE', #1850 ) ;
#3712 = DIRECTION ( 'NONE',  ( 0.000000000000000000, -1.000000000000000000, 0.000000000000000000 ) ) ;
#3713 = CIRCLE ( 'NONE', #1229, 0.08760000000000003895 ) ;
#3714 = DIRECTION ( 'NONE',  ( -0.000000000000000000, 0.000000000000000000, -1.000000000000000000 ) ) ;
#3715 = CARTESIAN_POINT ( 'NONE',  ( 0.4289532336714965144, -0.9952754672079547893, 6.000000000000000888 ) ) ;
#3716 = CARTESIAN_POINT ( 'NONE',  ( 0.08519660197288735082, 0.7706000000000000627, -6.000000000000000888 ) ) ;
#3717 = VERTEX_POINT ( 'NONE', #3764 ) ;
#3718 = EDGE_CURVE ( 'NONE', #3673, #1238, #680, .T. ) ;
#3719 = ORIENTED_EDGE ( 'NONE', *, *, #2066, .F. ) ;
#3720 = VERTEX_POINT ( 'NONE', #3307 ) ;
#3721 = DIRECTION ( 'NONE',  ( -1.000000000000000000, 1.046685055043766868E-14, -0.000000000000000000 ) ) ;
#3722 = VERTEX_POINT ( 'NONE', #5490 ) ;
#3723 = LINE ( 'NONE', #984, #3437 ) ;
#3724 = ORIENTED_EDGE ( 'NONE', *, *, #4647, .F. ) ;
#3725 = CARTESIAN_POINT ( 'NONE',  ( 0.1649749999999999550, -0.9129999999999999227, 6.000000000000000888 ) ) ;
#3726 = DATE_TIME_ROLE ( 'classification_date' ) ;
#3727 = VECTOR ( 'NONE', #197, 39.37007874015748143 ) ;
#3728 = EDGE_LOOP ( 'NONE', ( #2795, #4889, #5425, #1279, #3768, #2859, #738, #453, #5324, #3763, #3001, #1385, #4969, #3215, #2463, #1961 ) ) ;
#3729 = LINE ( 'NONE', #4972, #4541 ) ;
#3730 = DIRECTION ( 'NONE',  ( -0.000000000000000000, 0.000000000000000000, 1.000000000000000000 ) ) ;
#3731 = DIRECTION ( 'NONE',  ( 1.000000000000000000, 0.000000000000000000, 0.000000000000000000 ) ) ;
#3732 = AXIS2_PLACEMENT_3D ( 'NONE', #2990, #382, #2585 ) ;
#3733 = CARTESIAN_POINT ( 'NONE',  ( 0.1829999999999999682, 0.5000000000000000000, 6.000000000000000888 ) ) ;
#3734 = EDGE_CURVE ( 'NONE', #3111, #4003, #4898, .T. ) ;
#3735 = FACE_OUTER_BOUND ( 'NONE', #5614, .T. ) ;
#3736 = ORIENTED_EDGE ( 'NONE', *, *, #2165, .T. ) ;
#3737 = CARTESIAN_POINT ( 'NONE',  ( -0.2705999999999998962, -0.4148033980271126353, 6.000000000000000888 ) ) ;
#3738 = FACE_OUTER_BOUND ( 'NONE', #29, .T. ) ;
#3739 = DIRECTION ( 'NONE',  ( 1.000000000000000000, 0.000000000000000000, 0.000000000000000000 ) ) ;
#3740 = EDGE_CURVE ( 'NONE', #3956, #1196, #5166, .T. ) ;
#3741 = EDGE_CURVE ( 'NONE', #2385, #518, #4198, .T. ) ;
#3742 = ORIENTED_EDGE ( 'NONE', *, *, #3464, .F. ) ;
#3743 = ORIENTED_EDGE ( 'NONE', *, *, #5285, .F. ) ;
#3744 = VERTEX_POINT ( 'NONE', #248 ) ;
#3745 = CARTESIAN_POINT ( 'NONE',  ( 0.4129999999999999227, 0.3350250000000000727, -6.000000000000000888 ) ) ;
#3746 = DIRECTION ( 'NONE',  ( -0.000000000000000000, -0.000000000000000000, -1.000000000000000000 ) ) ;
#3747 = EDGE_CURVE ( 'NONE', #4539, #2467, #4575, .T. ) ;
#3748 = VERTEX_POINT ( 'NONE', #1115 ) ;
#3749 = DIRECTION ( 'NONE',  ( 0.7071067811865472397, 0.7071067811865479058, 0.000000000000000000 ) ) ;
#3750 = VECTOR ( 'NONE', #2563, 39.37007874015748143 ) ;
#3751 = VERTEX_POINT ( 'NONE', #5436 ) ;
#3752 = CARTESIAN_POINT ( 'NONE',  ( -0.2281900794764282203, -1.000000000000000000, 6.000000000000000888 ) ) ;
#3753 = CALENDAR_DATE ( 2026, 18, 1 ) ;
#3754 = CIRCLE ( 'NONE', #5513, 0.03697499999999995235 ) ;
#3755 = ORIENTED_EDGE ( 'NONE', *, *, #2004, .F. ) ;
#3756 = AXIS2_PLACEMENT_3D ( 'NONE', #4086, #1542, #5432 ) ;
#3757 = CARTESIAN_POINT ( 'NONE',  ( -0.3411992244580428491, -0.2203190655051865676, 6.000000000000000888 ) ) ;
#3758 = DIRECTION ( 'NONE',  ( 0.000000000000000000, 0.000000000000000000, -1.000000000000000000 ) ) ;
#3759 = CC_DESIGN_SECURITY_CLASSIFICATION ( #4040, ( #1278 ) ) ;
#3760 = FACE_OUTER_BOUND ( 'NONE', #3208, .T. ) ;
#3761 = DIRECTION ( 'NONE',  ( 4.008152805398324415E-16, -1.000000000000000000, 0.000000000000000000 ) ) ;
#3762 = CARTESIAN_POINT ( 'NONE',  ( 0.2705999999999998962, 0.5851966019728873647, -6.000000000000000888 ) ) ;
#3763 = ORIENTED_EDGE ( 'NONE', *, *, #4002, .T. ) ;
#3764 = CARTESIAN_POINT ( 'NONE',  ( -0.3411992244580428491, 0.2203190655051865676, -6.000000000000000888 ) ) ;
#3765 = DIRECTION ( 'NONE',  ( 0.000000000000000000, 0.000000000000000000, -1.000000000000000000 ) ) ;
#3766 = AXIS2_PLACEMENT_3D ( 'NONE', #4095, #2347, #140 ) ;
#3767 = DIRECTION ( 'NONE',  ( -2.926849330295178087E-16, 1.000000000000000000, 0.000000000000000000 ) ) ;
#3768 = ORIENTED_EDGE ( 'NONE', *, *, #4947, .T. ) ;
#3769 = EDGE_CURVE ( 'NONE', #832, #1120, #1680, .T. ) ;
#3770 = ORIENTED_EDGE ( 'NONE', *, *, #2583, .F. ) ;
#3771 = ORIENTED_EDGE ( 'NONE', *, *, #1281, .F. ) ;
#3772 = FACE_OUTER_BOUND ( 'NONE', #1444, .T. ) ;
#3773 = FACE_OUTER_BOUND ( 'NONE', #5062, .T. ) ;
#3774 = ORIENTED_EDGE ( 'NONE', *, *, #1775, .F. ) ;
#3775 = DIRECTION ( 'NONE',  ( -1.000000000000000000, 0.000000000000000000, 0.000000000000000000 ) ) ;
#3776 = EDGE_CURVE ( 'NONE', #3455, #2000, #2017, .T. ) ;
#3777 = ORIENTED_EDGE ( 'NONE', *, *, #3190, .T. ) ;
#3778 = DIRECTION ( 'NONE',  ( -0.7071067811865479058, 0.7071067811865472397, 0.000000000000000000 ) ) ;
#3779 = ORIENTED_EDGE ( 'NONE', *, *, #4415, .T. ) ;
#3780 = DIRECTION ( 'NONE',  ( 1.000000000000000000, 0.000000000000000000, 0.000000000000000000 ) ) ;
#3781 = EDGE_CURVE ( 'NONE', #1992, #979, #3333, .T. ) ;
#3782 = DIRECTION ( 'NONE',  ( 1.000000000000000000, 0.000000000000000000, 0.000000000000000000 ) ) ;
#3783 = FACE_OUTER_BOUND ( 'NONE', #869, .T. ) ;
#3784 = DIRECTION ( 'NONE',  ( -0.000000000000000000, -0.000000000000000000, -1.000000000000000000 ) ) ;
#3785 = VECTOR ( 'NONE', #1713, 39.37007874015748143 ) ;
#3786 = CIRCLE ( 'NONE', #1309, 0.08760000000000003895 ) ;
#3787 = CARTESIAN_POINT ( 'NONE',  ( 0.5000000000000001110, 0.2935599205235716602, -6.000000000000000888 ) ) ;
#3788 = VERTEX_POINT ( 'NONE', #5088 ) ;
#3789 = CARTESIAN_POINT ( 'NONE',  ( 0.5000000000000000000, -0.1140274349448444774, -6.000000000000000888 ) ) ;
#3790 = CARTESIAN_POINT ( 'NONE',  ( 0.3912499999999999312, 0.01647256505515531932, -6.000000000000000888 ) ) ;
#3791 = CIRCLE ( 'NONE', #4530, 0.03697499999999995235 ) ;
#3792 = AXIS2_PLACEMENT_3D ( 'NONE', #2822, #567, #246 ) ;
#3793 = DIRECTION ( 'NONE',  ( 0.000000000000000000, 0.000000000000000000, -1.000000000000000000 ) ) ;
#3794 = ORIENTED_EDGE ( 'NONE', *, *, #2776, .T. ) ;
#3795 = AXIS2_PLACEMENT_3D ( 'NONE', #4980, #5030, #2422 ) ;
#3796 = AXIS2_PLACEMENT_3D ( 'NONE', #531, #2734, #1399 ) ;
#3797 = VECTOR ( 'NONE', #1958, 39.37007874015748143 ) ;
#3798 = CARTESIAN_POINT ( 'NONE',  ( -0.5000000000000001110, -0.6649749999999998717, 6.000000000000000888 ) ) ;
#3799 = ORIENTED_EDGE ( 'NONE', *, *, #681, .F. ) ;
#3800 = VERTEX_POINT ( 'NONE', #2372 ) ;
#3801 = CARTESIAN_POINT ( 'NONE',  ( -0.3709400794764278753, -0.2500599205235715661, 6.000000000000000888 ) ) ;
#3802 = LINE ( 'NONE', #4937, #1435 ) ;
#3803 = VECTOR ( 'NONE', #5289, 39.37007874015748143 ) ;
#3804 = ORIENTED_EDGE ( 'NONE', *, *, #2597, .F. ) ;
#3805 = EDGE_CURVE ( 'NONE', #4379, #1953, #1144, .T. ) ;
#3806 = DIRECTION ( 'NONE',  ( 0.000000000000000000, 0.000000000000000000, -1.000000000000000000 ) ) ;
#3807 = ORIENTED_EDGE ( 'NONE', *, *, #2412, .T. ) ;
#3808 = PLANE ( 'NONE',  #1284 ) ;
#3809 = ORIENTED_EDGE ( 'NONE', *, *, #3260, .F. ) ;
#3810 = PRODUCT ( '47065T418_T-Slotted Framing', '47065T418_T-Slotted Framing', '', ( #1746 ) ) ;
#3811 = EDGE_CURVE ( 'NONE', #5575, #4255, #4619, .T. ) ;
#3812 = DIRECTION ( 'NONE',  ( -4.008152805398324415E-16, 1.000000000000000000, 0.000000000000000000 ) ) ;
#3813 = CARTESIAN_POINT ( 'NONE',  ( -0.4129999999999999227, 0.3350250000000000727, 6.000000000000000888 ) ) ;
#3814 = CARTESIAN_POINT ( 'NONE',  ( -0.1649749999999999550, -1.000000000000000000, 6.000000000000000888 ) ) ;
#3815 = DIRECTION ( 'NONE',  ( -1.000000000000000000, 0.000000000000000000, 0.000000000000000000 ) ) ;
#3816 = VECTOR ( 'NONE', #3862, 39.37007874015748143 ) ;
#3817 = DIRECTION ( 'NONE',  ( -0.000000000000000000, -0.000000000000000000, -1.000000000000000000 ) ) ;
#3818 = EDGE_CURVE ( 'NONE', #3673, #5123, #5450, .T. ) ;
#3819 = CARTESIAN_POINT ( 'NONE',  ( -0.3983187499999999992, 0.8983187500000000547, -6.000000000000000888 ) ) ;
#3820 = ORIENTED_EDGE ( 'NONE', *, *, #4552, .T. ) ;
#3821 = CARTESIAN_POINT ( 'NONE',  ( -0.2499400794764282951, -0.9130000000000000338, -6.000000000000000888 ) ) ;
#3822 = CARTESIAN_POINT ( 'NONE',  ( 0.1649749999999999550, -0.9499750000000000139, 6.000000000000000888 ) ) ;
#3823 = CARTESIAN_POINT ( 'NONE',  ( 0.3709400794764278753, 0.7499400794764283784, 6.000000000000000888 ) ) ;
#3824 = VERTEX_POINT ( 'NONE', #2824 ) ;
#3825 = CARTESIAN_POINT ( 'NONE',  ( -0.4129999999999999227, 0.01647256505515531932, 6.000000000000000888 ) ) ;
#3826 = EDGE_LOOP ( 'NONE', ( #2982, #953, #2346, #4378 ) ) ;
#3827 = ORIENTED_EDGE ( 'NONE', *, *, #3607, .F. ) ;
#3828 = FACE_OUTER_BOUND ( 'NONE', #5367, .T. ) ;
#3829 = CYLINDRICAL_SURFACE ( 'NONE', #1243, 0.02174999999999998115 ) ;
#3830 = ORIENTED_EDGE ( 'NONE', *, *, #2547, .F. ) ;
#3831 = PLANE ( 'NONE',  #381 ) ;
#3832 = DIRECTION ( 'NONE',  ( -1.000000000000000000, 0.000000000000000000, 0.000000000000000000 ) ) ;
#3833 = ORIENTED_EDGE ( 'NONE', *, *, #5244, .F. ) ;
#3834 = LINE ( 'NONE', #2580, #5689 ) ;
#3835 = ORIENTED_EDGE ( 'NONE', *, *, #4388, .F. ) ;
#3836 = AXIS2_PLACEMENT_3D ( 'NONE', #4917, #1318, #419 ) ;
#3837 = DIRECTION ( 'NONE',  ( 2.926849330295178087E-16, 1.000000000000000000, -0.000000000000000000 ) ) ;
#3838 = EDGE_CURVE ( 'NONE', #3639, #4351, #5083, .T. ) ;
#3839 = DIRECTION ( 'NONE',  ( -0.000000000000000000, -0.000000000000000000, -1.000000000000000000 ) ) ;
#3840 = ADVANCED_FACE ( 'NONE', ( #2398 ), #138, .T. ) ;
#3841 = EDGE_CURVE ( 'NONE', #5302, #2836, #3618, .T. ) ;
#3842 = CARTESIAN_POINT ( 'NONE',  ( 0.5000000000000001110, 0.2500599205235717326, -6.000000000000000888 ) ) ;
#3843 = DIRECTION ( 'NONE',  ( 0.000000000000000000, 0.000000000000000000, 1.000000000000000000 ) ) ;
#3844 = LINE ( 'NONE', #2558, #5162 ) ;
#3845 = VECTOR ( 'NONE', #2765, 39.37007874015748143 ) ;
#3846 = CC_DESIGN_APPROVAL ( #3418, ( #4040 ) ) ;
#3847 = DIRECTION ( 'NONE',  ( -1.000000000000000000, 4.008152805398325894E-16, 0.000000000000000000 ) ) ;
#3848 = DIRECTION ( 'NONE',  ( -1.000000000000000000, 0.000000000000000000, 0.000000000000000000 ) ) ;
#3849 = EDGE_CURVE ( 'NONE', #2452, #335, #1029, .T. ) ;
#3850 = EDGE_CURVE ( 'NONE', #3054, #4750, #165, .T. ) ;
#3851 = LINE ( 'NONE', #5605, #2296 ) ;
#3852 = CARTESIAN_POINT ( 'NONE',  ( -0.1471391560048289637, 0.2913425540319414808, -6.000000000000000888 ) ) ;
#3853 = VECTOR ( 'NONE', #4276, 39.37007874015748143 ) ;
#3854 = VERTEX_POINT ( 'NONE', #1088 ) ;
#3855 = ORIENTED_EDGE ( 'NONE', *, *, #1824, .F. ) ;
#3856 = LINE ( 'NONE', #5608, #1124 ) ;
#3857 = ORIENTED_EDGE ( 'NONE', *, *, #3469, .T. ) ;
#3858 = VECTOR ( 'NONE', #838, 39.37007874015748143 ) ;
#3859 = EDGE_CURVE ( 'NONE', #164, #3639, #2854, .T. ) ;
#3860 = VERTEX_POINT ( 'NONE', #225 ) ;
#3861 = CARTESIAN_POINT ( 'NONE',  ( -0.5000000000000001110, 0.2500599205235717326, -6.000000000000000888 ) ) ;
#3862 = DIRECTION ( 'NONE',  ( 0.000000000000000000, 0.000000000000000000, 1.000000000000000000 ) ) ;
#3863 = ORIENTED_EDGE ( 'NONE', *, *, #4093, .F. ) ;
#3864 = CARTESIAN_POINT ( 'NONE',  ( 0.5000000000000001110, -0.2935599205235716602, -6.000000000000000888 ) ) ;
#3865 = CARTESIAN_POINT ( 'NONE',  ( 0.5000000000000001110, 0.2935599205235716602, -6.000000000000000888 ) ) ;
#3866 = ORIENTED_EDGE ( 'NONE', *, *, #280, .F. ) ;
#3867 = PLANE ( 'NONE',  #721 ) ;
#3868 = ORIENTED_EDGE ( 'NONE', *, *, #3530, .T. ) ;
#3869 = CARTESIAN_POINT ( 'NONE',  ( 0.5000000000000001110, -0.6649749999999998717, -6.000000000000000888 ) ) ;
#3870 = DIRECTION ( 'NONE',  ( -1.000000000000000000, 0.000000000000000000, 0.000000000000000000 ) ) ;
#3871 = CARTESIAN_POINT ( 'NONE',  ( 0.5000000000000001110, 0.6649749999999998717, 6.000000000000000888 ) ) ;
#3872 = CARTESIAN_POINT ( 'NONE',  ( -0.4952754672079547893, -0.9289532336714965144, -2.185478394931410575E-15 ) ) ;
#3873 = PLANE ( 'NONE',  #3417 ) ;
#3874 = ADVANCED_FACE ( 'NONE', ( #5663 ), #2102, .F. ) ;
#3875 = ADVANCED_FACE ( 'NONE', ( #4774 ), #5230, .F. ) ;
#3876 = DIRECTION ( 'NONE',  ( 0.000000000000000000, 0.000000000000000000, -1.000000000000000000 ) ) ;
#3877 = CYLINDRICAL_SURFACE ( 'NONE', #117, 0.02174999999999998115 ) ;
#3878 = DIRECTION ( 'NONE',  ( -0.000000000000000000, -0.000000000000000000, 1.000000000000000000 ) ) ;
#3879 = DIRECTION ( 'NONE',  ( -0.000000000000000000, -0.000000000000000000, -1.000000000000000000 ) ) ;
#3880 = AXIS2_PLACEMENT_3D ( 'NONE', #3442, #2498, #3780 ) ;
#3881 = VECTOR ( 'NONE', #358, 39.37007874015748143 ) ;
#3882 = ORIENTED_EDGE ( 'NONE', *, *, #2100, .T. ) ;
#3883 = EDGE_CURVE ( 'NONE', #137, #4962, #666, .T. ) ;
#3884 = CARTESIAN_POINT ( 'NONE',  ( 0.4499749999999999028, -0.3719999999999999973, -6.000000000000000888 ) ) ;
#3885 = VECTOR ( 'NONE', #2880, 39.37007874015748143 ) ;
#3886 = EDGE_LOOP ( 'NONE', ( #2806, #1726, #3034, #4642 ) ) ;
#3887 = VECTOR ( 'NONE', #4196, 39.37007874015748143 ) ;
#3888 = ORIENTED_EDGE ( 'NONE', *, *, #4130, .F. ) ;
#3889 = DIRECTION ( 'NONE',  ( -0.000000000000000000, -0.000000000000000000, -1.000000000000000000 ) ) ;
#3890 = DIRECTION ( 'NONE',  ( -0.000000000000000000, -0.000000000000000000, -1.000000000000000000 ) ) ;
#3891 = VECTOR ( 'NONE', #3080, 39.37007874015748143 ) ;
#3892 = AXIS2_PLACEMENT_3D ( 'NONE', #1984, #4943, #2364 ) ;
#3893 = ORIENTED_EDGE ( 'NONE', *, *, #4299, .F. ) ;
#3894 = ADVANCED_FACE ( 'NONE', ( #2994 ), #3877, .F. ) ;
#3895 = CARTESIAN_POINT ( 'NONE',  ( 0.4129999999999999227, -0.3350250000000000727, 6.000000000000000888 ) ) ;
#3896 = DIRECTION ( 'NONE',  ( 1.000000000000000000, 0.000000000000000000, 0.000000000000000000 ) ) ;
#3897 = VERTEX_POINT ( 'NONE', #4713 ) ;
#3898 = DIRECTION ( 'NONE',  ( -0.000000000000000000, 0.000000000000000000, 1.000000000000000000 ) ) ;
#3899 = CIRCLE ( 'NONE', #4631, 0.04205992052357206135 ) ;
#3900 = VERTEX_POINT ( 'NONE', #2535 ) ;
#3901 = VECTOR ( 'NONE', #2996, 39.37007874015748143 ) ;
#3902 = CARTESIAN_POINT ( 'NONE',  ( 0.3912499999999999312, 0.01647256505515531932, 6.000000000000000888 ) ) ;
#3903 = LINE ( 'NONE', #3443, #4719 ) ;
#3904 = LINE ( 'NONE', #3409, #5662 ) ;
#3905 = DIRECTION ( 'NONE',  ( -0.000000000000000000, 0.000000000000000000, 1.000000000000000000 ) ) ;
#3906 = CARTESIAN_POINT ( 'NONE',  ( 0.1471391560048289637, 0.7086574459680585747, -6.000000000000000888 ) ) ;
#3907 = LINE ( 'NONE', #5086, #5548 ) ;
#3908 = CIRCLE ( 'NONE', #3178, 0.02174999999999998115 ) ;
#3909 = CYLINDRICAL_SURFACE ( 'NONE', #1220, 0.02174999999999998115 ) ;
#3910 = CARTESIAN_POINT ( 'NONE',  ( -0.2499400794764282396, -1.000000000000000000, -6.000000000000000888 ) ) ;
#3911 = ADVANCED_FACE ( 'NONE', ( #390 ), #3909, .F. ) ;
#3912 = DIRECTION ( 'NONE',  ( -0.000000000000000000, 0.000000000000000000, 1.000000000000000000 ) ) ;
#3913 = AXIS2_PLACEMENT_3D ( 'NONE', #2350, #251, #5091 ) ;
#3914 = VERTEX_POINT ( 'NONE', #3362 ) ;
#3915 = LINE ( 'NONE', #5667, #1039 ) ;
#3916 = ORIENTED_EDGE ( 'NONE', *, *, #2698, .F. ) ;
#3917 = EDGE_LOOP ( 'NONE', ( #3314, #1530, #1547, #3148 ) ) ;
#3918 = DIRECTION ( 'NONE',  ( -1.000000000000000000, 0.000000000000000000, 0.000000000000000000 ) ) ;
#3919 = EDGE_CURVE ( 'NONE', #2552, #4953, #1038, .T. ) ;
#3920 = ADVANCED_FACE ( 'NONE', ( #5604 ), #2963, .F. ) ;
#3921 = FACE_OUTER_BOUND ( 'NONE', #3026, .T. ) ;
#3922 = EDGE_CURVE ( 'NONE', #2332, #2457, #765, .T. ) ;
#3923 = AXIS2_PLACEMENT_3D ( 'NONE', #5210, #802, #4784 ) ;
#3924 = VERTEX_POINT ( 'NONE', #3821 ) ;
#3925 = VECTOR ( 'NONE', #404, 39.37007874015748143 ) ;
#3926 = CYLINDRICAL_SURFACE ( 'NONE', #573, 0.08760000000000003895 ) ;
#3927 = VERTEX_POINT ( 'NONE', #734 ) ;
#3928 = DIRECTION ( 'NONE',  ( -1.000000000000000000, 0.000000000000000000, 0.000000000000000000 ) ) ;
#3929 = EDGE_CURVE ( 'NONE', #434, #3422, #2075, .T. ) ;
#3930 = ORIENTED_EDGE ( 'NONE', *, *, #528, .T. ) ;
#3931 = CARTESIAN_POINT ( 'NONE',  ( -0.3411992244580428491, 0.2203190655051865676, 6.000000000000000888 ) ) ;
#3932 = VERTEX_POINT ( 'NONE', #3413 ) ;
#3933 = CARTESIAN_POINT ( 'NONE',  ( 0.4499749999999999028, 0.3350250000000000727, -6.000000000000000888 ) ) ;
#3934 = DIRECTION ( 'NONE',  ( -0.000000000000000000, -0.000000000000000000, -1.000000000000000000 ) ) ;
#3935 = DIRECTION ( 'NONE',  ( -1.000000000000000000, -5.853698660590359132E-16, 0.000000000000000000 ) ) ;
#3936 = LINE ( 'NONE', #1315, #4626 ) ;
#3937 = CARTESIAN_POINT ( 'NONE',  ( -0.1649749999999999550, -1.000000000000000000, 6.000000000000000888 ) ) ;
#3938 = DIRECTION ( 'NONE',  ( 1.000000000000000000, 0.000000000000000000, 0.000000000000000000 ) ) ;
#3939 = VECTOR ( 'NONE', #2964, 39.37007874015748143 ) ;
#3940 = CARTESIAN_POINT ( 'NONE',  ( 0.1280000000000000027, 0.9630250000000000199, 6.000000000000000888 ) ) ;
#3941 = VERTEX_POINT ( 'NONE', #856 ) ;
#3942 = VECTOR ( 'NONE', #5267, 39.37007874015748143 ) ;
#3943 = ORIENTED_EDGE ( 'NONE', *, *, #3416, .T. ) ;
#3944 = DIRECTION ( 'NONE',  ( 1.000000000000000000, 0.000000000000000000, 0.000000000000000000 ) ) ;
#3945 = ORIENTED_EDGE ( 'NONE', *, *, #3358, .T. ) ;
#3946 = ORIENTED_EDGE ( 'NONE', *, *, #1307, .T. ) ;
#3947 = FACE_OUTER_BOUND ( 'NONE', #2403, .T. ) ;
#3948 = VECTOR ( 'NONE', #2615, 39.37007874015748143 ) ;
#3949 = CIRCLE ( 'NONE', #1466, 0.02174999999999998115 ) ;
#3950 = DIRECTION ( 'NONE',  ( 1.000000000000000000, 0.000000000000000000, 0.000000000000000000 ) ) ;
#3951 = ORIENTED_EDGE ( 'NONE', *, *, #3351, .T. ) ;
#3952 = ADVANCED_FACE ( 'NONE', ( #2162 ), #3050, .T. ) ;
#3953 = EDGE_CURVE ( 'NONE', #3367, #3956, #4250, .T. ) ;
#3954 = CIRCLE ( 'NONE', #451, 0.08760000000000003895 ) ;
#3955 = DIRECTION ( 'NONE',  ( -0.000000000000000000, 0.000000000000000000, 1.000000000000000000 ) ) ;
#3956 = VERTEX_POINT ( 'NONE', #3789 ) ;
#3957 = DIRECTION ( 'NONE',  ( 1.000000000000000000, 0.000000000000000000, 0.000000000000000000 ) ) ;
#3958 = ORIENTED_EDGE ( 'NONE', *, *, #736, .T. ) ;
#3959 = EDGE_CURVE ( 'NONE', #3722, #2664, #4905, .T. ) ;
#3960 = CARTESIAN_POINT ( 'NONE',  ( 0.5000000000000001110, -0.3350250000000000727, -6.000000000000000888 ) ) ;
#3961 = EDGE_LOOP ( 'NONE', ( #3593, #1392, #663, #2915 ) ) ;
#3962 = DIRECTION ( 'NONE',  ( 0.000000000000000000, 0.000000000000000000, -1.000000000000000000 ) ) ;
#3963 = CARTESIAN_POINT ( 'NONE',  ( -0.5000000000000000000, -0.2718099205235717242, 6.000000000000000888 ) ) ;
#3964 = LINE ( 'NONE', #3588, #2207 ) ;
#3965 = CYLINDRICAL_SURFACE ( 'NONE', #1581, 0.1016812500000000424 ) ;
#3966 = EDGE_CURVE ( 'NONE', #1539, #1093, #4715, .T. ) ;
#3967 = CARTESIAN_POINT ( 'NONE',  ( 0.4630250000000000199, 0.3719999999999999973, 6.000000000000000888 ) ) ;
#3968 = CARTESIAN_POINT ( 'NONE',  ( 0.4129999999999999227, -0.3350250000000000727, -6.000000000000000888 ) ) ;
#3969 = DIRECTION ( 'NONE',  ( 0.000000000000000000, -0.000000000000000000, 1.000000000000000000 ) ) ;
#3970 = DIRECTION ( 'NONE',  ( -1.000000000000000000, 0.000000000000000000, 0.000000000000000000 ) ) ;
#3971 = ORIENTED_EDGE ( 'NONE', *, *, #785, .T. ) ;
#3972 = VERTEX_POINT ( 'NONE', #2562 ) ;
#3973 = FACE_OUTER_BOUND ( 'NONE', #658, .T. ) ;
#3974 = ORIENTED_EDGE ( 'NONE', *, *, #3496, .F. ) ;
#3975 = ORIENTED_EDGE ( 'NONE', *, *, #190, .T. ) ;
#3976 = FACE_OUTER_BOUND ( 'NONE', #1331, .T. ) ;
#3977 = CIRCLE ( 'NONE', #4705, 0.02174999999999998115 ) ;
#3978 = DIRECTION ( 'NONE',  ( 1.000000000000000000, 0.000000000000000000, 0.000000000000000000 ) ) ;
#3979 = ORIENTED_EDGE ( 'NONE', *, *, #2776, .F. ) ;
#3980 = CIRCLE ( 'NONE', #4989, 0.02174999999999998115 ) ;
#3981 = ORIENTED_EDGE ( 'NONE', *, *, #3959, .T. ) ;
#3982 = EDGE_LOOP ( 'NONE', ( #5619, #3799, #492, #1534 ) ) ;
#3983 = CARTESIAN_POINT ( 'NONE',  ( 0.5000000000000000000, -0.07052743494484452202, 6.000000000000000888 ) ) ;
#3984 = AXIS2_PLACEMENT_3D ( 'NONE', #1486, #1054, #3758 ) ;
#3985 = EDGE_CURVE ( 'NONE', #422, #4154, #361, .T. ) ;
#3986 = VERTEX_POINT ( 'NONE', #1259 ) ;
#3987 = AXIS2_PLACEMENT_3D ( 'NONE', #4216, #4738, #1254 ) ;
#3988 = VECTOR ( 'NONE', #3078, 39.37007874015748143 ) ;
#3989 = CYLINDRICAL_SURFACE ( 'NONE', #4802, 0.02174999999999998115 ) ;
#3990 = EDGE_LOOP ( 'NONE', ( #898, #4862, #5422, #774 ) ) ;
#3991 = CARTESIAN_POINT ( 'NONE',  ( -0.4630250000000000199, 0.6280000000000000027, 6.000000000000000888 ) ) ;
#3992 = FACE_OUTER_BOUND ( 'NONE', #1336, .T. ) ;
#3993 =( NAMED_UNIT ( * ) PLANE_ANGLE_UNIT ( ) SI_UNIT ( $, .RADIAN. ) );
#3994 = AXIS2_PLACEMENT_3D ( 'NONE', #4545, #701, #2368 ) ;
#3995 = CARTESIAN_POINT ( 'NONE',  ( -0.4499749999999999028, -0.6280000000000000027, -6.000000000000000888 ) ) ;
#3996 = AXIS2_PLACEMENT_3D ( 'NONE', #4459, #44, #3194 ) ;
#3997 = EDGE_CURVE ( 'NONE', #2195, #1947, #10, .T. ) ;
#3998 = CARTESIAN_POINT ( 'NONE',  ( -0.4129999999999999227, 0.7499400794764283784, 6.000000000000000888 ) ) ;
#3999 = CYLINDRICAL_SURFACE ( 'NONE', #3161, 0.08760000000000003895 ) ;
#4000 = DIRECTION ( 'NONE',  ( 0.000000000000000000, -0.000000000000000000, -1.000000000000000000 ) ) ;
#4001 = FACE_OUTER_BOUND ( 'NONE', #4582, .T. ) ;
#4002 = EDGE_CURVE ( 'NONE', #4718, #1621, #4540, .T. ) ;
#4003 = VERTEX_POINT ( 'NONE', #1841 ) ;
#4004 = DIRECTION ( 'NONE',  ( -0.000000000000000000, -0.000000000000000000, -1.000000000000000000 ) ) ;
#4005 = ORIENTED_EDGE ( 'NONE', *, *, #2093, .T. ) ;
#4006 = CARTESIAN_POINT ( 'NONE',  ( -0.5000000000000000000, -0.7281900794764283313, 6.000000000000000888 ) ) ;
#4007 = EDGE_LOOP ( 'NONE', ( #1332, #413, #3646, #3431 ) ) ;
#4008 = CARTESIAN_POINT ( 'NONE',  ( -0.4499749999999999028, 0.6280000000000000027, -6.000000000000000888 ) ) ;
#4009 = CARTESIAN_POINT ( 'NONE',  ( 0.4129999999999999227, 0.7499400794764283784, 6.000000000000000888 ) ) ;
#4010 = AXIS2_PLACEMENT_3D ( 'NONE', #4956, #3146, #3978 ) ;
#4011 = ORIENTED_EDGE ( 'NONE', *, *, #1463, .T. ) ;
#4012 = EDGE_LOOP ( 'NONE', ( #5666, #5245, #452, #3094 ) ) ;
#4013 = ORIENTED_EDGE ( 'NONE', *, *, #529, .F. ) ;
#4014 = AXIS2_PLACEMENT_3D ( 'NONE', #4233, #285, #5096 ) ;
#4015 = FACE_OUTER_BOUND ( 'NONE', #1567, .T. ) ;
#4016 = ORIENTED_EDGE ( 'NONE', *, *, #1555, .T. ) ;
#4017 = DIRECTION ( 'NONE',  ( -0.000000000000000000, -0.000000000000000000, -1.000000000000000000 ) ) ;
#4018 = ORIENTED_EDGE ( 'NONE', *, *, #2657, .F. ) ;
#4019 = CYLINDRICAL_SURFACE ( 'NONE', #3578, 0.08760000000000003895 ) ;
#4020 = DIRECTION ( 'NONE',  ( 0.000000000000000000, 1.000000000000000000, 0.000000000000000000 ) ) ;
#4021 = LINE ( 'NONE', #4883, #4771 ) ;
#4022 = ADVANCED_FACE ( 'NONE', ( #3621 ), #1400, .T. ) ;
#4023 = CARTESIAN_POINT ( 'NONE',  ( 0.1471391560048289637, -0.7086574459680585747, 6.000000000000000888 ) ) ;
#4024 = LINE ( 'NONE', #4855, #5632 ) ;
#4025 = PLANE ( 'NONE',  #4127 ) ;
#4026 = CARTESIAN_POINT ( 'NONE',  ( 0.2086574459680583804, -0.3528608439951709252, 6.000000000000000888 ) ) ;
#4027 = ORIENTED_EDGE ( 'NONE', *, *, #4208, .T. ) ;
#4028 = FACE_OUTER_BOUND ( 'NONE', #2546, .T. ) ;
#4029 = ADVANCED_FACE ( 'NONE', ( #5691 ), #1751, .T. ) ;
#4030 = AXIS2_PLACEMENT_3D ( 'NONE', #5664, #1198, #1607 ) ;
#4031 = ORIENTED_EDGE ( 'NONE', *, *, #575, .F. ) ;
#4032 = PLANE ( 'NONE',  #1769 ) ;
#4033 = DIRECTION ( 'NONE',  ( -0.000000000000000000, -0.000000000000000000, -1.000000000000000000 ) ) ;
#4034 = CARTESIAN_POINT ( 'NONE',  ( -0.1471391560048289637, 0.7086574459680585747, 6.000000000000000888 ) ) ;
#4035 = CARTESIAN_POINT ( 'NONE',  ( -0.2499400794764282951, -0.9130000000000000338, 6.000000000000000888 ) ) ;
#4036 = AXIS2_PLACEMENT_3D ( 'NONE', #457, #1328, #427 ) ;
#4037 = AXIS2_PLACEMENT_3D ( 'NONE', #2927, #5624, #2070 ) ;
#4038 = ORIENTED_EDGE ( 'NONE', *, *, #2870, .F. ) ;
#4039 = EDGE_CURVE ( 'NONE', #1093, #2257, #4024, .T. ) ;
#4040 = SECURITY_CLASSIFICATION ( '', '', #4566 ) ;
#4041 = ORIENTED_EDGE ( 'NONE', *, *, #1064, .F. ) ;
#4042 = VECTOR ( 'NONE', #3130, 39.37007874015748143 ) ;
#4043 = VERTEX_POINT ( 'NONE', #4426 ) ;
#4044 = CARTESIAN_POINT ( 'NONE',  ( -0.5000000000000000000, 0.8859725650551555365, 6.000000000000000888 ) ) ;
#4045 = VERTEX_POINT ( 'NONE', #5377 ) ;
#4046 = AXIS2_PLACEMENT_3D ( 'NONE', #410, #955, #5651 ) ;
#4047 = DIRECTION ( 'NONE',  ( -0.000000000000000000, 0.000000000000000000, 1.000000000000000000 ) ) ;
#4048 = ORIENTED_EDGE ( 'NONE', *, *, #2553, .T. ) ;
#4049 = CARTESIAN_POINT ( 'NONE',  ( -0.1649749999999999550, -0.9129999999999999227, 6.000000000000000888 ) ) ;
#4050 = VECTOR ( 'NONE', #742, 39.37007874015748143 ) ;
#4051 = DIRECTION ( 'NONE',  ( 0.000000000000000000, -0.000000000000000000, 1.000000000000000000 ) ) ;
#4052 = DIRECTION ( 'NONE',  ( -1.000000000000000000, -5.853698660590358146E-16, 0.000000000000000000 ) ) ;
#4053 = LINE ( 'NONE', #1485, #3707 ) ;
#4054 = DIRECTION ( 'NONE',  ( -5.853698660590359132E-16, 1.000000000000000000, 0.000000000000000000 ) ) ;
#4055 = LINE ( 'NONE', #2309, #4210 ) ;
#4056 = CARTESIAN_POINT ( 'NONE',  ( -0.1649749999999999550, -0.9630250000000000199, 6.000000000000000888 ) ) ;
#4057 = ADVANCED_FACE ( 'NONE', ( #448 ), #5287, .F. ) ;
#4058 = EDGE_CURVE ( 'NONE', #2074, #3636, #967, .T. ) ;
#4059 = ORIENTED_EDGE ( 'NONE', *, *, #3464, .T. ) ;
#4060 = CYLINDRICAL_SURFACE ( 'NONE', #2152, 0.1024999999999999939 ) ;
#4061 = ORIENTED_EDGE ( 'NONE', *, *, #1502, .F. ) ;
#4062 = DIRECTION ( 'NONE',  ( 0.000000000000000000, 0.000000000000000000, -1.000000000000000000 ) ) ;
#4063 = ORIENTED_EDGE ( 'NONE', *, *, #5431, .F. ) ;
#4064 = FACE_OUTER_BOUND ( 'NONE', #842, .T. ) ;
#4065 = CARTESIAN_POINT ( 'NONE',  ( -0.4499749999999999028, -0.3719999999999999973, 6.000000000000000888 ) ) ;
#4066 = ADVANCED_FACE ( 'NONE', ( #67 ), #418, .T. ) ;
#4067 = VERTEX_POINT ( 'NONE', #476 ) ;
#4068 = ORIENTED_EDGE ( 'NONE', *, *, #4985, .F. ) ;
#4069 = ORIENTED_EDGE ( 'NONE', *, *, #4308, .T. ) ;
#4070 = CARTESIAN_POINT ( 'NONE',  ( 0.4499749999999999028, 0.6280000000000000027, 6.000000000000000888 ) ) ;
#4071 = ADVANCED_FACE ( 'NONE', ( #3192 ), #2189, .F. ) ;
#4072 = CIRCLE ( 'NONE', #214, 0.02174999999999998115 ) ;
#4073 = CIRCLE ( 'NONE', #5537, 0.03697499999999995235 ) ;
#4074 = ORIENTED_EDGE ( 'NONE', *, *, #2314, .F. ) ;
#4075 = LINE ( 'NONE', #1948, #1228 ) ;
#4076 = ORIENTED_EDGE ( 'NONE', *, *, #2322, .F. ) ;
#4077 = CARTESIAN_POINT ( 'NONE',  ( -0.5000000000000000000, -0.1140274349448444774, -6.000000000000000888 ) ) ;
#4078 = AXIS2_PLACEMENT_3D ( 'NONE', #3305, #678, #1113 ) ;
#4079 = CARTESIAN_POINT ( 'NONE',  ( -0.1280000000000000027, -0.9630250000000000199, 6.000000000000000888 ) ) ;
#4080 = DATE_AND_TIME ( #154, #169 ) ;
#4081 = ORIENTED_EDGE ( 'NONE', *, *, #4732, .F. ) ;
#4082 = AXIS2_PLACEMENT_3D ( 'NONE', #417, #5314, #2307 ) ;
#4083 = LINE ( 'NONE', #647, #1971 ) ;
#4084 = FACE_OUTER_BOUND ( 'NONE', #1669, .T. ) ;
#4085 = VECTOR ( 'NONE', #3879, 39.37007874015748143 ) ;
#4086 = CARTESIAN_POINT ( 'NONE',  ( 0.2499400794764282674, 0.8709400794764280418, 6.000000000000000888 ) ) ;
#4087 = CIRCLE ( 'NONE', #5536, 0.03697499999999995235 ) ;
#4088 = DIRECTION ( 'NONE',  ( 0.000000000000000000, -0.000000000000000000, -1.000000000000000000 ) ) ;
#4089 = ORIENTED_EDGE ( 'NONE', *, *, #5303, .F. ) ;
#4090 = CARTESIAN_POINT ( 'NONE',  ( 2.731847993664263218E-16, -0.3169999999999999485, -6.000000000000000888 ) ) ;
#4091 = VERTEX_POINT ( 'NONE', #3968 ) ;
#4092 = DIRECTION ( 'NONE',  ( 1.000000000000000000, 0.000000000000000000, 0.000000000000000000 ) ) ;
#4093 = EDGE_CURVE ( 'NONE', #5617, #1499, #2735, .T. ) ;
#4094 = ORIENTED_EDGE ( 'NONE', *, *, #1147, .T. ) ;
#4095 = CARTESIAN_POINT ( 'NONE',  ( -0.1829999999999999682, 0.5000000000000000000, 6.000000000000000888 ) ) ;
#4096 = CARTESIAN_POINT ( 'NONE',  ( 0.4952754672079547893, 0.9289532336714965144, -2.185478394931410575E-15 ) ) ;
#4097 = ORIENTED_EDGE ( 'NONE', *, *, #640, .F. ) ;
#4098 = EDGE_CURVE ( 'NONE', #3629, #2633, #2707, .T. ) ;
#4099 = EDGE_LOOP ( 'NONE', ( #2979, #1390, #4403, #5272 ) ) ;
#4100 = EDGE_CURVE ( 'NONE', #1999, #4696, #532, .T. ) ;
#4101 = ADVANCED_FACE ( 'NONE', ( #2251 ), #3999, .F. ) ;
#4102 = ORIENTED_EDGE ( 'NONE', *, *, #1452, .T. ) ;
#4103 = LINE ( 'NONE', #4988, #4413 ) ;
#4104 = ORIENTED_EDGE ( 'NONE', *, *, #5501, .T. ) ;
#4105 = VECTOR ( 'NONE', #2215, 39.37007874015748143 ) ;
#4106 = CARTESIAN_POINT ( 'NONE',  ( 0.3709400794764278753, 0.7499400794764283784, 6.000000000000000888 ) ) ;
#4107 = EDGE_CURVE ( 'NONE', #1829, #2780, #96, .T. ) ;
#4108 = ADVANCED_FACE ( 'NONE', ( #3561 ), #4830, .T. ) ;
#4109 = ORIENTED_EDGE ( 'NONE', *, *, #4331, .T. ) ;
#4110 = DIRECTION ( 'NONE',  ( -0.000000000000000000, -0.000000000000000000, -1.000000000000000000 ) ) ;
#4111 = ORIENTED_EDGE ( 'NONE', *, *, #2204, .F. ) ;
#4112 = DIRECTION ( 'NONE',  ( 0.000000000000000000, -0.000000000000000000, -1.000000000000000000 ) ) ;
#4113 = PLANE ( 'NONE',  #1506 ) ;
#4114 = DIRECTION ( 'NONE',  ( 0.000000000000000000, -0.000000000000000000, -1.000000000000000000 ) ) ;
#4115 = DIRECTION ( 'NONE',  ( 1.000000000000000000, 0.000000000000000000, 0.000000000000000000 ) ) ;
#4116 = VERTEX_POINT ( 'NONE', #3300 ) ;
#4117 = DIRECTION ( 'NONE',  ( -0.000000000000000000, 0.000000000000000000, -1.000000000000000000 ) ) ;
#4118 = VERTEX_POINT ( 'NONE', #131 ) ;
#4119 = DIRECTION ( 'NONE',  ( 1.000000000000000000, 0.000000000000000000, 0.000000000000000000 ) ) ;
#4120 = DIRECTION ( 'NONE',  ( 1.000000000000000000, 0.000000000000000000, 0.000000000000000000 ) ) ;
#4121 = FACE_BOUND ( 'NONE', #1185, .T. ) ;
#4122 = CARTESIAN_POINT ( 'NONE',  ( 0.3411992244580428491, 0.7796809344948134601, 6.000000000000000888 ) ) ;
#4123 = VERTEX_POINT ( 'NONE', #2445 ) ;
#4124 = ORIENTED_EDGE ( 'NONE', *, *, #3076, .F. ) ;
#4125 = ORIENTED_EDGE ( 'NONE', *, *, #4791, .F. ) ;
#4126 = DIRECTION ( 'NONE',  ( 0.000000000000000000, 0.000000000000000000, -1.000000000000000000 ) ) ;
#4127 = AXIS2_PLACEMENT_3D ( 'NONE', #3622, #5378, #3537 ) ;
#4128 = ADVANCED_FACE ( 'NONE', ( #4511 ), #3676, .F. ) ;
#4129 = ORIENTED_EDGE ( 'NONE', *, *, #2256, .T. ) ;
#4130 = EDGE_CURVE ( 'NONE', #1894, #768, #5485, .T. ) ;
#4131 = AXIS2_PLACEMENT_3D ( 'NONE', #2586, #3383, #3815 ) ;
#4132 = DIRECTION ( 'NONE',  ( -0.000000000000000000, 0.000000000000000000, -1.000000000000000000 ) ) ;
#4133 = VERTEX_POINT ( 'NONE', #2872 ) ;
#4134 = CARTESIAN_POINT ( 'NONE',  ( 0.4077225650551554170, 1.000000000000000000, -6.000000000000000888 ) ) ;
#4135 = APPROVAL_STATUS ( 'not_yet_approved' ) ;
#4136 = AXIS2_PLACEMENT_3D ( 'NONE', #3211, #1923, #5618 ) ;
#4137 = EDGE_LOOP ( 'NONE', ( #2225, #1476, #4469, #1564, #3406, #5669, #5361, #4270, #3389, #4761, #5211, #3916, #4471, #2973, #3424, #1067, #202, #4160, #570, #1794, #4935, #2363, #1578, #4921, #5309, #5012, #954, #3232, #568, #493, #2598, #5067, #1761, #4059, #369, #4016, #2293, #5704, #4902, #5380, #2120, #3097, #981, #4516, #5034, #3951, #4109, #876, #1795, #3755, #679, #1210, #481, #4401, #4320, #5390, #1219, #1754, #3259, #748, #3154, #3512, #4237, #1983, #4681, #971, #1482, #4150, #5695, #254, #5587, #2359, #1574, #3946, #3092, #1204, #4260, #5207, #2748, #3661, #4129, #4499, #497, #1762, #2841, #5707, #2387, #932, #5554, #599, #401, #5435, #311, #2407, #1096, #576, #3089, #27, #3265, #3084, #1902, #2920, #2651, #2024, #4431, #5591, #1002, #5191, #4997, #5295, #4789, #3667, #3129, #2712, #2834, #690, #1299, #152, #3394, #5261, #262, #4097, #1449, #257, #3888, #2550, #1755, #1095, #4583, #2222, #4782, #31, #143, #3277, #1997, #1651, #1847, #3306, #1005, #3660, #2487, #2823, #5677, #1188 ) ) ;
#4138 = EDGE_CURVE ( 'NONE', #4750, #468, #583, .T. ) ;
#4139 = CARTESIAN_POINT ( 'NONE',  ( -0.5000000000000001110, -0.3350250000000000727, 6.000000000000000888 ) ) ;
#4140 = LINE ( 'NONE', #1110, #2709 ) ;
#4141 = CYLINDRICAL_SURFACE ( 'NONE', #4572, 0.04205992052357206135 ) ;
#4142 = CARTESIAN_POINT ( 'NONE',  ( 0.5000000000000001110, 0.3350250000000000727, 6.000000000000000888 ) ) ;
#4143 = EDGE_CURVE ( 'NONE', #1196, #2654, #3218, .T. ) ;
#4144 = DIRECTION ( 'NONE',  ( -0.000000000000000000, 0.000000000000000000, -1.000000000000000000 ) ) ;
#4145 = EDGE_LOOP ( 'NONE', ( #312, #5410, #1704, #3687 ) ) ;
#4146 = DIRECTION ( 'NONE',  ( 1.000000000000000000, 0.000000000000000000, 0.000000000000000000 ) ) ;
#4147 = LINE ( 'NONE', #1524, #1456 ) ;
#4148 = FACE_BOUND ( 'NONE', #4872, .T. ) ;
#4149 = CARTESIAN_POINT ( 'NONE',  ( 0.08519660197288733694, 0.6830000000000000515, 6.000000000000000888 ) ) ;
#4150 = ORIENTED_EDGE ( 'NONE', *, *, #3536, .F. ) ;
#4151 = ORIENTED_EDGE ( 'NONE', *, *, #2348, .F. ) ;
#4152 = ORIENTED_EDGE ( 'NONE', *, *, #1623, .F. ) ;
#4153 = CARTESIAN_POINT ( 'NONE',  ( 0.4129999999999999227, -0.2500599205235715661, -6.000000000000000888 ) ) ;
#4154 = VERTEX_POINT ( 'NONE', #5001 ) ;
#4155 = DIRECTION ( 'NONE',  ( -0.000000000000000000, -0.000000000000000000, -1.000000000000000000 ) ) ;
#4156 = ORIENTED_EDGE ( 'NONE', *, *, #4509, .T. ) ;
#4157 = DIRECTION ( 'NONE',  ( 1.000000000000000000, 0.000000000000000000, 0.000000000000000000 ) ) ;
#4158 = EDGE_CURVE ( 'NONE', #4546, #4211, #186, .T. ) ;
#4159 = PERSON_AND_ORGANIZATION ( #693, #3576 ) ;
#4160 = ORIENTED_EDGE ( 'NONE', *, *, #4274, .T. ) ;
#4161 = VECTOR ( 'NONE', #3655, 39.37007874015748143 ) ;
#4162 = VECTOR ( 'NONE', #4977, 39.37007874015748143 ) ;
#4163 = DIRECTION ( 'NONE',  ( 0.000000000000000000, 0.000000000000000000, 1.000000000000000000 ) ) ;
#4164 = DIRECTION ( 'NONE',  ( -0.000000000000000000, -0.000000000000000000, -1.000000000000000000 ) ) ;
#4165 = ADVANCED_FACE ( 'NONE', ( #674 ), #218, .F. ) ;
#4166 = CARTESIAN_POINT ( 'NONE',  ( 0.2705999999999998962, 0.4148033980271126353, 6.000000000000000888 ) ) ;
#4167 = CARTESIAN_POINT ( 'NONE',  ( -0.5000000000000000000, -0.07052743494484452202, 6.000000000000000888 ) ) ;
#4168 = AXIS2_PLACEMENT_3D ( 'NONE', #1469, #1910, #4146 ) ;
#4169 = AXIS2_PLACEMENT_3D ( 'NONE', #1373, #5253, #2188 ) ;
#4170 = LINE ( 'NONE', #222, #4906 ) ;
#4171 = ORIENTED_EDGE ( 'NONE', *, *, #1389, .T. ) ;
#4172 = DIRECTION ( 'NONE',  ( 2.926849330295178087E-16, 1.000000000000000000, -0.000000000000000000 ) ) ;
#4173 = AXIS2_PLACEMENT_3D ( 'NONE', #958, #3209, #587 ) ;
#4174 = ADVANCED_FACE ( 'NONE', ( #1955 ), #4597, .F. ) ;
#4175 = CARTESIAN_POINT ( 'NONE',  ( -0.2705999999999998962, 0.5851966019728873647, 6.000000000000000888 ) ) ;
#4176 = CARTESIAN_POINT ( 'NONE',  ( 0.5000000000000000000, -0.07052743494484452202, 6.000000000000000888 ) ) ;
#4177 = VERTEX_POINT ( 'NONE', #4973 ) ;
#4178 = ORIENTED_EDGE ( 'NONE', *, *, #1816, .T. ) ;
#4179 = ORIENTED_EDGE ( 'NONE', *, *, #3350, .F. ) ;
#4180 = CARTESIAN_POINT ( 'NONE',  ( -0.4630250000000000199, 0.3719999999999999973, 6.000000000000000888 ) ) ;
#4181 = DIRECTION ( 'NONE',  ( -0.000000000000000000, -0.000000000000000000, -1.000000000000000000 ) ) ;
#4182 = ORIENTED_EDGE ( 'NONE', *, *, #2057, .F. ) ;
#4183 = CIRCLE ( 'NONE', #2447, 0.04205992052357206135 ) ;
#4184 = CARTESIAN_POINT ( 'NONE',  ( -0.5000000000000000000, 0.09227743494484449971, -6.000000000000000888 ) ) ;
#4185 = EDGE_LOOP ( 'NONE', ( #1708, #5643, #4011, #4124 ) ) ;
#4186 = DIRECTION ( 'NONE',  ( 1.000000000000000000, 0.000000000000000000, 0.000000000000000000 ) ) ;
#4187 = VECTOR ( 'NONE', #1170, 39.37007874015748143 ) ;
#4188 = ORIENTED_EDGE ( 'NONE', *, *, #4762, .T. ) ;
#4189 = CARTESIAN_POINT ( 'NONE',  ( -0.3411992244580428491, -0.7796809344948134601, 6.000000000000000888 ) ) ;
#4190 = DIRECTION ( 'NONE',  ( 0.000000000000000000, 1.000000000000000000, 0.000000000000000000 ) ) ;
#4191 = CARTESIAN_POINT ( 'NONE',  ( -0.1649749999999999550, 1.000000000000000000, 6.000000000000000888 ) ) ;
#4192 = VECTOR ( 'NONE', #3500, 39.37007874015748143 ) ;
#4193 = DIRECTION ( 'NONE',  ( 1.000000000000000000, 0.000000000000000000, 0.000000000000000000 ) ) ;
#4194 = EDGE_CURVE ( 'NONE', #174, #2778, #4543, .T. ) ;
#4195 = EDGE_CURVE ( 'NONE', #2301, #929, #5454, .T. ) ;
#4196 = DIRECTION ( 'NONE',  ( 1.000000000000000000, 5.853698660590358146E-16, 0.000000000000000000 ) ) ;
#4197 = VERTEX_POINT ( 'NONE', #3326 ) ;
#4198 = LINE ( 'NONE', #629, #940 ) ;
#4199 = CARTESIAN_POINT ( 'NONE',  ( 0.5000000000000001110, 0.6649749999999998717, -6.000000000000000888 ) ) ;
#4200 = CARTESIAN_POINT ( 'NONE',  ( 0.5000000000000001110, -0.6649749999999998717, 6.000000000000000888 ) ) ;
#4201 = ORIENTED_EDGE ( 'NONE', *, *, #7, .T. ) ;
#4202 = EDGE_CURVE ( 'NONE', #1018, #4662, #3524, .T. ) ;
#4203 = ORIENTED_EDGE ( 'NONE', *, *, #34, .T. ) ;
#4204 = ORIENTED_EDGE ( 'NONE', *, *, #1588, .T. ) ;
#4205 = DIRECTION ( 'NONE',  ( 0.000000000000000000, -0.000000000000000000, -1.000000000000000000 ) ) ;
#4206 = DIRECTION ( 'NONE',  ( 0.000000000000000000, 0.000000000000000000, 1.000000000000000000 ) ) ;
#4207 = ORIENTED_EDGE ( 'NONE', *, *, #5052, .T. ) ;
#4208 = EDGE_CURVE ( 'NONE', #2438, #1587, #5430, .T. ) ;
#4209 = CARTESIAN_POINT ( 'NONE',  ( 0.3859725650551554255, 1.000000000000000222, -6.000000000000000888 ) ) ;
#4210 = VECTOR ( 'NONE', #4000, 39.37007874015748143 ) ;
#4211 = VERTEX_POINT ( 'NONE', #2847 ) ;
#4212 = CARTESIAN_POINT ( 'NONE',  ( -0.1649749999999999550, 1.000000000000000000, 6.000000000000000888 ) ) ;
#4213 = AXIS2_PLACEMENT_3D ( 'NONE', #661, #5121, #2084 ) ;
#4214 = EDGE_LOOP ( 'NONE', ( #4476, #5464, #3440, #1763 ) ) ;
#4215 = LINE ( 'NONE', #1136, #398 ) ;
#4216 = CARTESIAN_POINT ( 'NONE',  ( 0.3709400794764278753, -0.7499400794764283784, -6.000000000000000888 ) ) ;
#4217 = AXIS2_PLACEMENT_3D ( 'NONE', #2557, #3905, #1688 ) ;
#4218 = AXIS2_PLACEMENT_3D ( 'NONE', #1283, #877, #4451 ) ;
#4219 = DIRECTION ( 'NONE',  ( -2.926849330295178580E-16, 1.000000000000000000, 0.000000000000000000 ) ) ;
#4220 = CARTESIAN_POINT ( 'NONE',  ( -0.1471391560048289637, 0.7086574459680585747, 6.000000000000000888 ) ) ;
#4221 = AXIS2_PLACEMENT_3D ( 'NONE', #553, #5392, #3638 ) ;
#4222 = CARTESIAN_POINT ( 'NONE',  ( 0.1829999999999999682, -0.5000000000000000000, 6.000000000000000888 ) ) ;
#4223 = ORIENTED_EDGE ( 'NONE', *, *, #1076, .F. ) ;
#4224 = DIRECTION ( 'NONE',  ( -1.000000000000000000, 0.000000000000000000, 0.000000000000000000 ) ) ;
#4225 = DIRECTION ( 'NONE',  ( 1.000000000000000000, 0.000000000000000000, 0.000000000000000000 ) ) ;
#4226 = EDGE_CURVE ( 'NONE', #113, #3788, #4998, .T. ) ;
#4227 = LINE ( 'NONE', #1608, #5474 ) ;
#4228 = ORIENTED_EDGE ( 'NONE', *, *, #2130, .T. ) ;
#4229 = LINE ( 'NONE', #279, #2054 ) ;
#4230 = ORIENTED_EDGE ( 'NONE', *, *, #615, .F. ) ;
#4231 = ORIENTED_EDGE ( 'NONE', *, *, #5401, .F. ) ;
#4232 = CARTESIAN_POINT ( 'NONE',  ( 0.5000000000000000000, -0.9077225650551554725, -6.000000000000000888 ) ) ;
#4233 = CARTESIAN_POINT ( 'NONE',  ( 0.3983187499999999992, -0.8983187500000000547, -6.000000000000000888 ) ) ;
#4234 = EDGE_CURVE ( 'NONE', #5617, #552, #2415, .T. ) ;
#4235 = VERTEX_POINT ( 'NONE', #2365 ) ;
#4236 = DIRECTION ( 'NONE',  ( -0.000000000000000000, -0.000000000000000000, -1.000000000000000000 ) ) ;
#4237 = ORIENTED_EDGE ( 'NONE', *, *, #1889, .F. ) ;
#4238 = LINE ( 'NONE', #5563, #2856 ) ;
#4239 = ADVANCED_FACE ( 'NONE', ( #4084 ), #4113, .F. ) ;
#4240 = VERTEX_POINT ( 'NONE', #158 ) ;
#4241 = CYLINDRICAL_SURFACE ( 'NONE', #1119, 0.02174999999999998115 ) ;
#4242 = LINE ( 'NONE', #380, #3252 ) ;
#4243 = DIRECTION ( 'NONE',  ( -0.000000000000000000, -0.000000000000000000, 1.000000000000000000 ) ) ;
#4244 = CYLINDRICAL_SURFACE ( 'NONE', #3485, 0.03697499999999995235 ) ;
#4245 = CARTESIAN_POINT ( 'NONE',  ( -0.1829999999999998572, 0.4148033980271126353, 6.000000000000000888 ) ) ;
#4246 = VECTOR ( 'NONE', #2578, 39.37007874015748143 ) ;
#4247 = CIRCLE ( 'NONE', #2967, 0.08760000000000003895 ) ;
#4248 = LINE ( 'NONE', #2040, #1782 ) ;
#4249 = EDGE_LOOP ( 'NONE', ( #2094, #1696, #1529, #4725 ) ) ;
#4250 = LINE ( 'NONE', #4313, #3429 ) ;
#4251 = DIRECTION ( 'NONE',  ( 0.000000000000000000, 0.000000000000000000, 1.000000000000000000 ) ) ;
#4252 = AXIS2_PLACEMENT_3D ( 'NONE', #3164, #3105, #2219 ) ;
#4253 = AXIS2_PLACEMENT_3D ( 'NONE', #3680, #1545, #2796 ) ;
#4254 = LINE ( 'NONE', #1695, #3625 ) ;
#4255 = VERTEX_POINT ( 'NONE', #622 ) ;
#4256 = VERTEX_POINT ( 'NONE', #2391 ) ;
#4257 = AXIS2_PLACEMENT_3D ( 'NONE', #2156, #4333, #5656 ) ;
#4258 = VECTOR ( 'NONE', #1718, 39.37007874015748143 ) ;
#4259 = DIRECTION ( 'NONE',  ( 1.000000000000000000, 0.000000000000000000, 0.000000000000000000 ) ) ;
#4260 = ORIENTED_EDGE ( 'NONE', *, *, #4625, .T. ) ;
#4261 = ORIENTED_EDGE ( 'NONE', *, *, #5351, .T. ) ;
#4262 = DIRECTION ( 'NONE',  ( -1.000000000000000000, 0.000000000000000000, 0.000000000000000000 ) ) ;
#4263 = CARTESIAN_POINT ( 'NONE',  ( 0.2064400794764282010, -1.000000000000000000, 6.000000000000000888 ) ) ;
#4264 = AXIS2_PLACEMENT_3D ( 'NONE', #4513, #3651, #1906 ) ;
#4265 = ORIENTED_EDGE ( 'NONE', *, *, #1887, .F. ) ;
#4266 = EDGE_CURVE ( 'NONE', #3854, #3577, #4140, .T. ) ;
#4267 = APPROVAL ( #1077, 'UNSPECIFIED' ) ;
#4268 = FACE_OUTER_BOUND ( 'NONE', #1909, .T. ) ;
#4269 = LINE ( 'NONE', #2437, #3516 ) ;
#4270 = ORIENTED_EDGE ( 'NONE', *, *, #828, .T. ) ;
#4271 = CARTESIAN_POINT ( 'NONE',  ( 0.4129999999999999227, -0.3350250000000000727, 6.000000000000000888 ) ) ;
#4272 = ORIENTED_EDGE ( 'NONE', *, *, #3396, .T. ) ;
#4273 = EDGE_CURVE ( 'NONE', #2700, #1856, #1223, .T. ) ;
#4274 = EDGE_CURVE ( 'NONE', #2780, #781, #2797, .T. ) ;
#4275 = DIRECTION ( 'NONE',  ( 0.000000000000000000, -0.000000000000000000, -1.000000000000000000 ) ) ;
#4276 = DIRECTION ( 'NONE',  ( 1.000000000000000000, -5.853698660590358146E-16, 0.000000000000000000 ) ) ;
#4277 = CYLINDRICAL_SURFACE ( 'NONE', #4836, 0.02174999999999998115 ) ;
#4278 = LINE ( 'NONE', #3872, #1181 ) ;
#4279 = VECTOR ( 'NONE', #1793, 39.37007874015748143 ) ;
#4280 = CARTESIAN_POINT ( 'NONE',  ( 0.1280000000000000027, -0.9630250000000000199, 6.000000000000000888 ) ) ;
#4281 = EDGE_CURVE ( 'NONE', #896, #3941, #1043, .T. ) ;
#4282 = CARTESIAN_POINT ( 'NONE',  ( 0.2086574459680583804, 0.6471391560048290748, -6.000000000000000888 ) ) ;
#4283 = CIRCLE ( 'NONE', #5478, 0.03697499999999995235 ) ;
#4284 = CARTESIAN_POINT ( 'NONE',  ( 2.731847993664263218E-16, -0.6830000000000000515, -6.000000000000000888 ) ) ;
#4285 = DIRECTION ( 'NONE',  ( 0.000000000000000000, -0.000000000000000000, -1.000000000000000000 ) ) ;
#4286 = PLANE ( 'NONE',  #1231 ) ;
#4287 = EDGE_LOOP ( 'NONE', ( #1860, #2922, #513, #456 ) ) ;
#4288 = CARTESIAN_POINT ( 'NONE',  ( 0.1649749999999999550, -0.9129999999999999227, 6.000000000000000888 ) ) ;
#4289 = VERTEX_POINT ( 'NONE', #3015 ) ;
#4290 = ORIENTED_EDGE ( 'NONE', *, *, #2829, .F. ) ;
#4291 = CARTESIAN_POINT ( 'NONE',  ( 0.3709400794764278753, -0.7499400794764283784, 6.000000000000000888 ) ) ;
#4292 = CARTESIAN_POINT ( 'NONE',  ( 0.4129999999999999227, -0.2500599205235715661, 6.000000000000000888 ) ) ;
#4293 = ORIENTED_EDGE ( 'NONE', *, *, #3020, .T. ) ;
#4294 = CARTESIAN_POINT ( 'NONE',  ( 0.2705999999999998962, 0.5851966019728873647, 6.000000000000000888 ) ) ;
#4295 = CYLINDRICAL_SURFACE ( 'NONE', #751, 0.03697499999999995235 ) ;
#4296 = VERTEX_POINT ( 'NONE', #325 ) ;
#4297 = CARTESIAN_POINT ( 'NONE',  ( 0.08519660197288733694, -0.6830000000000000515, 6.000000000000000888 ) ) ;
#4298 = EDGE_CURVE ( 'NONE', #768, #4429, #2253, .T. ) ;
#4299 = EDGE_CURVE ( 'NONE', #422, #5214, #4242, .T. ) ;
#4300 = ORIENTED_EDGE ( 'NONE', *, *, #4194, .T. ) ;
#4301 = VECTOR ( 'NONE', #2873, 39.37007874015748143 ) ;
#4302 = LINE ( 'NONE', #2956, #379 ) ;
#4303 = DIRECTION ( 'NONE',  ( 0.000000000000000000, 0.000000000000000000, -1.000000000000000000 ) ) ;
#4304 = DIRECTION ( 'NONE',  ( -0.000000000000000000, 0.000000000000000000, -1.000000000000000000 ) ) ;
#4305 = CARTESIAN_POINT ( 'NONE',  ( 0.08519660197288733694, 0.3169999999999999485, -6.000000000000000888 ) ) ;
#4306 = VECTOR ( 'NONE', #5064, 39.37007874015748143 ) ;
#4307 = FACE_OUTER_BOUND ( 'NONE', #3170, .T. ) ;
#4308 = EDGE_CURVE ( 'NONE', #4322, #1321, #3903, .T. ) ;
#4309 = AXIS2_PLACEMENT_3D ( 'NONE', #1162, #1687, #4766 ) ;
#4310 = APPROVAL_PERSON_ORGANIZATION ( #64, #436, #1513 ) ;
#4311 = AXIS2_PLACEMENT_3D ( 'NONE', #3269, #2867, #4564 ) ;
#4312 = FACE_OUTER_BOUND ( 'NONE', #4012, .T. ) ;
#4313 = CARTESIAN_POINT ( 'NONE',  ( 0.5000000000000000000, -0.1140274349448444774, -6.000000000000000888 ) ) ;
#4314 = LINE ( 'NONE', #2134, #903 ) ;
#4315 = DIRECTION ( 'NONE',  ( -1.046685055043767026E-14, -1.000000000000000000, 0.000000000000000000 ) ) ;
#4316 = EDGE_CURVE ( 'NONE', #4640, #5271, #4447, .T. ) ;
#4317 = AXIS2_PLACEMENT_3D ( 'NONE', #115, #582, #2380 ) ;
#4318 = ORIENTED_EDGE ( 'NONE', *, *, #3053, .F. ) ;
#4319 = DIRECTION ( 'NONE',  ( -0.000000000000000000, -0.000000000000000000, -1.000000000000000000 ) ) ;
#4320 = ORIENTED_EDGE ( 'NONE', *, *, #5336, .F. ) ;
#4321 = AXIS2_PLACEMENT_3D ( 'NONE', #4329, #5215, #3580 ) ;
#4322 = VERTEX_POINT ( 'NONE', #2903 ) ;
#4323 = CARTESIAN_POINT ( 'NONE',  ( 0.5000000000000000000, 0.8859725650551555365, -6.000000000000000888 ) ) ;
#4324 = CARTESIAN_POINT ( 'NONE',  ( -0.4129999999999999227, -0.01647256505515531932, -6.000000000000000888 ) ) ;
#4325 = VERTEX_POINT ( 'NONE', #3813 ) ;
#4326 = CARTESIAN_POINT ( 'NONE',  ( 0.08519660197288735082, 0.2293999999999998818, 6.000000000000000888 ) ) ;
#4327 = FACE_OUTER_BOUND ( 'NONE', #1447, .T. ) ;
#4328 = ORIENTED_EDGE ( 'NONE', *, *, #3575, .F. ) ;
#4329 = CARTESIAN_POINT ( 'NONE',  ( 0.4499749999999999028, 0.6649749999999998717, 6.000000000000000888 ) ) ;
#4330 = EDGE_LOOP ( 'NONE', ( #5334, #5389, #2413, #4785 ) ) ;
#4331 = EDGE_CURVE ( 'NONE', #3717, #1953, #270, .T. ) ;
#4332 = FACE_OUTER_BOUND ( 'NONE', #4249, .T. ) ;
#4333 = DIRECTION ( 'NONE',  ( -0.000000000000000000, -0.000000000000000000, -1.000000000000000000 ) ) ;
#4334 = FACE_OUTER_BOUND ( 'NONE', #718, .T. ) ;
#4335 = CYLINDRICAL_SURFACE ( 'NONE', #1091, 0.02174999999999998115 ) ;
#4336 = CARTESIAN_POINT ( 'NONE',  ( 0.4499749999999999028, 0.6280000000000000027, -6.000000000000000888 ) ) ;
#4337 = EDGE_CURVE ( 'NONE', #5453, #22, #4498, .T. ) ;
#4338 = DIRECTION ( 'NONE',  ( -4.008152805398325894E-16, -1.000000000000000000, 0.000000000000000000 ) ) ;
#4339 = EDGE_CURVE ( 'NONE', #896, #1911, #297, .T. ) ;
#4340 = DIRECTION ( 'NONE',  ( 1.000000000000000000, 0.000000000000000000, 0.000000000000000000 ) ) ;
#4341 = LINE ( 'NONE', #5231, #5590 ) ;
#4342 = LINE ( 'NONE', #737, #4085 ) ;
#4343 = VECTOR ( 'NONE', #5079, 39.37007874015748143 ) ;
#4344 = AXIS2_PLACEMENT_3D ( 'NONE', #2203, #3955, #3036 ) ;
#4345 = ORIENTED_EDGE ( 'NONE', *, *, #2904, .T. ) ;
#4346 = ORIENTED_EDGE ( 'NONE', *, *, #2805, .T. ) ;
#4347 = CARTESIAN_POINT ( 'NONE',  ( 0.3709400794764278753, -0.2500599205235715661, 6.000000000000000888 ) ) ;
#4348 = EDGE_CURVE ( 'NONE', #770, #1420, #2037, .T. ) ;
#4349 = VERTEX_POINT ( 'NONE', #2555 ) ;
#4350 = AXIS2_PLACEMENT_3D ( 'NONE', #424, #2627, #5323 ) ;
#4351 = VERTEX_POINT ( 'NONE', #5544 ) ;
#4352 = CARTESIAN_POINT ( 'NONE',  ( -0.4289532336714965144, 0.9952754672079547893, -2.185478394931410575E-15 ) ) ;
#4353 = FACE_OUTER_BOUND ( 'NONE', #3369, .T. ) ;
#4354 = AXIS2_PLACEMENT_3D ( 'NONE', #883, #2647, #5315 ) ;
#4355 = VECTOR ( 'NONE', #1604, 39.37007874015748143 ) ;
#4356 = ORIENTED_EDGE ( 'NONE', *, *, #2583, .T. ) ;
#4357 = DIRECTION ( 'NONE',  ( -1.000000000000000000, -4.008152805398325894E-16, 0.000000000000000000 ) ) ;
#4358 = ORIENTED_EDGE ( 'NONE', *, *, #4331, .F. ) ;
#4359 = FACE_OUTER_BOUND ( 'NONE', #1107, .T. ) ;
#4360 = VECTOR ( 'NONE', #1741, 39.37007874015748143 ) ;
#4361 = ORIENTED_EDGE ( 'NONE', *, *, #4348, .T. ) ;
#4362 = VECTOR ( 'NONE', #333, 39.37007874015748143 ) ;
#4363 = DIRECTION ( 'NONE',  ( 1.000000000000000000, 0.000000000000000000, 0.000000000000000000 ) ) ;
#4364 = ORIENTED_EDGE ( 'NONE', *, *, #1200, .F. ) ;
#4365 = PLANE ( 'NONE',  #4218 ) ;
#4366 = CARTESIAN_POINT ( 'NONE',  ( -0.08519660197288733694, 0.6830000000000000515, 6.000000000000000888 ) ) ;
#4367 = DIRECTION ( 'NONE',  ( 0.7071067811865472397, -0.7071067811865479058, 0.000000000000000000 ) ) ;
#4368 = PLANE ( 'NONE',  #2603 ) ;
#4369 = DIRECTION ( 'NONE',  ( 0.000000000000000000, 0.000000000000000000, 1.000000000000000000 ) ) ;
#4370 = CARTESIAN_POINT ( 'NONE',  ( 0.4630250000000000199, 0.6649749999999998717, 6.000000000000000888 ) ) ;
#4371 = LINE ( 'NONE', #5202, #3750 ) ;
#4372 = DIRECTION ( 'NONE',  ( -0.000000000000000000, -0.000000000000000000, -1.000000000000000000 ) ) ;
#4373 = EDGE_CURVE ( 'NONE', #4587, #3401, #5596, .T. ) ;
#4374 = ADVANCED_FACE ( 'NONE', ( #2069 ), #728, .F. ) ;
#4375 = ORIENTED_EDGE ( 'NONE', *, *, #3250, .T. ) ;
#4376 = ORIENTED_EDGE ( 'NONE', *, *, #1484, .T. ) ;
#4377 = CARTESIAN_POINT ( 'NONE',  ( 0.4066295724908073339, 0.03185213754596270125, 6.000000000000000888 ) ) ;
#4378 = ORIENTED_EDGE ( 'NONE', *, *, #4373, .T. ) ;
#4379 = VERTEX_POINT ( 'NONE', #1624 ) ;
#4380 = DIRECTION ( 'NONE',  ( -0.000000000000000000, -0.000000000000000000, -1.000000000000000000 ) ) ;
#4381 = DIRECTION ( 'NONE',  ( -1.000000000000000000, 0.000000000000000000, 0.000000000000000000 ) ) ;
#4382 = CIRCLE ( 'NONE', #3360, 0.02174999999999998115 ) ;
#4383 = EDGE_CURVE ( 'NONE', #1175, #3751, #2096, .T. ) ;
#4384 = EDGE_LOOP ( 'NONE', ( #5304, #1410, #1214, #1711 ) ) ;
#4385 = LINE ( 'NONE', #2604, #1398 ) ;
#4386 = ORIENTED_EDGE ( 'NONE', *, *, #1247, .F. ) ;
#4387 = CARTESIAN_POINT ( 'NONE',  ( -0.3411992244580428491, 0.7796809344948134601, 6.000000000000000888 ) ) ;
#4388 = EDGE_CURVE ( 'NONE', #1072, #4953, #5132, .T. ) ;
#4389 = VERTEX_POINT ( 'NONE', #4704 ) ;
#4390 = DIRECTION ( 'NONE',  ( 0.000000000000000000, -0.000000000000000000, 1.000000000000000000 ) ) ;
#4391 = ORIENTED_EDGE ( 'NONE', *, *, #3953, .T. ) ;
#4392 = DIRECTION ( 'NONE',  ( -1.000000000000000000, 0.000000000000000000, 0.000000000000000000 ) ) ;
#4393 = CARTESIAN_POINT ( 'NONE',  ( 0.4499749999999999028, 0.3350250000000000727, 6.000000000000000888 ) ) ;
#4394 = DIRECTION ( 'NONE',  ( -0.000000000000000000, -0.000000000000000000, -1.000000000000000000 ) ) ;
#4395 = LINE ( 'NONE', #3995, #474 ) ;
#4396 = DIRECTION ( 'NONE',  ( -2.926849330295178087E-16, 1.000000000000000000, 0.000000000000000000 ) ) ;
#4397 = DIRECTION ( 'NONE',  ( 1.000000000000000000, 0.000000000000000000, 0.000000000000000000 ) ) ;
#4398 = DIRECTION ( 'NONE',  ( 1.000000000000000000, 0.000000000000000000, 0.000000000000000000 ) ) ;
#4399 = CIRCLE ( 'NONE', #163, 0.02174999999999998115 ) ;
#4400 = CARTESIAN_POINT ( 'NONE',  ( 0.1649749999999999550, -0.9129999999999999227, 6.000000000000000888 ) ) ;
#4401 = ORIENTED_EDGE ( 'NONE', *, *, #3020, .F. ) ;
#4402 = VECTOR ( 'NONE', #105, 39.37007874015748143 ) ;
#4403 = ORIENTED_EDGE ( 'NONE', *, *, #4899, .F. ) ;
#4404 = PLANE ( 'NONE',  #21 ) ;
#4405 = EDGE_LOOP ( 'NONE', ( #3262, #4960, #4532, #1158 ) ) ;
#4406 = EDGE_CURVE ( 'NONE', #2260, #17, #757, .T. ) ;
#4407 = EDGE_LOOP ( 'NONE', ( #3564, #4179, #3487, #5037 ) ) ;
#4408 = LINE ( 'NONE', #867, #4957 ) ;
#4409 = AXIS2_PLACEMENT_3D ( 'NONE', #5164, #3843, #1658 ) ;
#4410 = VECTOR ( 'NONE', #1161, 39.37007874015748143 ) ;
#4411 = FACE_OUTER_BOUND ( 'NONE', #2968, .T. ) ;
#4412 = VERTEX_POINT ( 'NONE', #1656 ) ;
#4413 = VECTOR ( 'NONE', #148, 39.37007874015748143 ) ;
#4414 = VERTEX_POINT ( 'NONE', #3408 ) ;
#4415 = EDGE_CURVE ( 'NONE', #4696, #2257, #5161, .T. ) ;
#4416 = ORIENTED_EDGE ( 'NONE', *, *, #3985, .F. ) ;
#4417 = CYLINDRICAL_SURFACE ( 'NONE', #3489, 0.08760000000000003895 ) ;
#4418 = VERTEX_POINT ( 'NONE', #4049 ) ;
#4419 = CARTESIAN_POINT ( 'NONE',  ( -0.5000000000000000000, -0.07052743494484452202, -6.000000000000000888 ) ) ;
#4420 = EDGE_CURVE ( 'NONE', #4501, #891, #3949, .T. ) ;
#4421 = ORIENTED_EDGE ( 'NONE', *, *, #1918, .F. ) ;
#4422 = FACE_OUTER_BOUND ( 'NONE', #4145, .T. ) ;
#4423 = CARTESIAN_POINT ( 'NONE',  ( 0.4129999999999999227, -0.7499400794764283784, 6.000000000000000888 ) ) ;
#4424 = DIRECTION ( 'NONE',  ( 0.000000000000000000, 0.000000000000000000, -1.000000000000000000 ) ) ;
#4425 = LINE ( 'NONE', #5690, #211 ) ;
#4426 = CARTESIAN_POINT ( 'NONE',  ( -0.2499400794764282396, 1.000000000000000000, 6.000000000000000888 ) ) ;
#4427 = FACE_OUTER_BOUND ( 'NONE', #4007, .T. ) ;
#4428 = CYLINDRICAL_SURFACE ( 'NONE', #3996, 0.08760000000000003895 ) ;
#4429 = VERTEX_POINT ( 'NONE', #35 ) ;
#4430 = CYLINDRICAL_SURFACE ( 'NONE', #3522, 0.02175000000000001238 ) ;
#4431 = ORIENTED_EDGE ( 'NONE', *, *, #2412, .F. ) ;
#4432 = CARTESIAN_POINT ( 'NONE',  ( 0.2796809344948132936, 0.8411992244580429601, -6.000000000000000888 ) ) ;
#4433 = ORIENTED_EDGE ( 'NONE', *, *, #437, .T. ) ;
#4434 = DIRECTION ( 'NONE',  ( -0.000000000000000000, -0.000000000000000000, -1.000000000000000000 ) ) ;
#4435 = CIRCLE ( 'NONE', #107, 0.08760000000000003895 ) ;
#4436 = CARTESIAN_POINT ( 'NONE',  ( -0.5000000000000000000, 0.7281900794764283313, 6.000000000000000888 ) ) ;
#4437 = EDGE_LOOP ( 'NONE', ( #3157, #5566, #3688, #4927 ) ) ;
#4438 = AXIS2_PLACEMENT_3D ( 'NONE', #3597, #2771, #3896 ) ;
#4439 = AXIS2_PLACEMENT_3D ( 'NONE', #400, #3028, #5581 ) ;
#4440 = ORIENTED_EDGE ( 'NONE', *, *, #2738, .T. ) ;
#4441 = ORIENTED_EDGE ( 'NONE', *, *, #5668, .T. ) ;
#4442 = CARTESIAN_POINT ( 'NONE',  ( -0.3912499999999999312, -0.01647256505515531932, -6.000000000000000888 ) ) ;
#4443 = AXIS2_PLACEMENT_3D ( 'NONE', #672, #2335, #95 ) ;
#4444 = ADVANCED_FACE ( 'NONE', ( #441 ), #1834, .F. ) ;
#4445 = ORIENTED_EDGE ( 'NONE', *, *, #2511, .F. ) ;
#4446 = CC_DESIGN_PERSON_AND_ORGANIZATION_ASSIGNMENT ( #212, #3238, ( #2491 ) ) ;
#4447 = CIRCLE ( 'NONE', #1975, 0.02174999999999998115 ) ;
#4448 = VECTOR ( 'NONE', #4155, 39.37007874015748143 ) ;
#4449 = CARTESIAN_POINT ( 'NONE',  ( 0.5000000000000000000, 0.09227743494484449971, -6.000000000000000888 ) ) ;
#4450 = ORIENTED_EDGE ( 'NONE', *, *, #1023, .F. ) ;
#4451 = DIRECTION ( 'NONE',  ( 0.000000000000000000, 0.000000000000000000, -1.000000000000000000 ) ) ;
#4452 = DIRECTION ( 'NONE',  ( -1.000000000000000000, 0.000000000000000000, 0.000000000000000000 ) ) ;
#4453 = AXIS2_PLACEMENT_3D ( 'NONE', #3823, #5578, #3052 ) ;
#4454 = EDGE_CURVE ( 'NONE', #1202, #4118, #3585, .T. ) ;
#4455 = EDGE_CURVE ( 'NONE', #137, #2760, #2117, .T. ) ;
#4456 = DIRECTION ( 'NONE',  ( -0.000000000000000000, 0.000000000000000000, 1.000000000000000000 ) ) ;
#4457 = DIRECTION ( 'NONE',  ( -0.000000000000000000, -0.000000000000000000, -1.000000000000000000 ) ) ;
#4458 = DIRECTION ( 'NONE',  ( -1.000000000000000000, 0.000000000000000000, 0.000000000000000000 ) ) ;
#4459 = CARTESIAN_POINT ( 'NONE',  ( -0.08519660197288735082, 0.2293999999999998818, 6.000000000000000888 ) ) ;
#4460 = EDGE_CURVE ( 'NONE', #3455, #3482, #3393, .T. ) ;
#4461 = VERTEX_POINT ( 'NONE', #4880 ) ;
#4462 = CARTESIAN_POINT ( 'NONE',  ( -0.2499400794764282674, -0.8709400794764280418, 6.000000000000000888 ) ) ;
#4463 = ORIENTED_EDGE ( 'NONE', *, *, #3350, .T. ) ;
#4464 = CARTESIAN_POINT ( 'NONE',  ( 0.5000000000000001110, 0.6649749999999998717, 6.000000000000000888 ) ) ;
#4465 = CARTESIAN_POINT ( 'NONE',  ( -0.4129999999999999227, -0.01647256505515531932, -6.000000000000000888 ) ) ;
#4466 = CARTESIAN_POINT ( 'NONE',  ( 0.1649749999999999550, -0.9630250000000000199, -6.000000000000000888 ) ) ;
#4467 = CARTESIAN_POINT ( 'NONE',  ( -0.5000000000000000000, -0.2718099205235717242, -6.000000000000000888 ) ) ;
#4468 = VECTOR ( 'NONE', #1065, 39.37007874015748143 ) ;
#4469 = ORIENTED_EDGE ( 'NONE', *, *, #3781, .T. ) ;
#4470 = ORIENTED_EDGE ( 'NONE', *, *, #5173, .F. ) ;
#4471 = ORIENTED_EDGE ( 'NONE', *, *, #5282, .T. ) ;
#4472 = CIRCLE ( 'NONE', #5391, 0.04205992052357206135 ) ;
#4473 = CARTESIAN_POINT ( 'NONE',  ( 0.2281900794764282203, -1.000000000000000000, -6.000000000000000888 ) ) ;
#4474 = ORIENTED_EDGE ( 'NONE', *, *, #2659, .F. ) ;
#4475 = DIRECTION ( 'NONE',  ( 1.000000000000000000, 0.000000000000000000, 0.000000000000000000 ) ) ;
#4476 = ORIENTED_EDGE ( 'NONE', *, *, #5635, .T. ) ;
#4477 = EDGE_CURVE ( 'NONE', #1118, #865, #5278, .T. ) ;
#4478 = CARTESIAN_POINT ( 'NONE',  ( -0.4499749999999999028, 0.6649749999999998717, 6.000000000000000888 ) ) ;
#4479 = EDGE_CURVE ( 'NONE', #4296, #4718, #5221, .T. ) ;
#4480 = LINE ( 'NONE', #2303, #4105 ) ;
#4481 = CARTESIAN_POINT ( 'NONE',  ( 0.1280000000000000027, -0.9499750000000000139, 6.000000000000000888 ) ) ;
#4482 = CARTESIAN_POINT ( 'NONE',  ( 2.731847993664263218E-16, 0.6830000000000000515, -6.000000000000000888 ) ) ;
#4483 = ADVANCED_FACE ( 'NONE', ( #5340 ), #4365, .F. ) ;
#4484 = CARTESIAN_POINT ( 'NONE',  ( -0.4499749999999999028, -0.3719999999999999973, -6.000000000000000888 ) ) ;
#4485 = CARTESIAN_POINT ( 'NONE',  ( 0.2064400794764282288, -1.000000000000000000, -6.000000000000000888 ) ) ;
#4486 = ORIENTED_EDGE ( 'NONE', *, *, #126, .F. ) ;
#4487 = LINE ( 'NONE', #3169, #755 ) ;
#4488 = AXIS2_PLACEMENT_3D ( 'NONE', #4856, #2190, #449 ) ;
#4489 = VERTEX_POINT ( 'NONE', #1393 ) ;
#4490 = DIRECTION ( 'NONE',  ( 1.000000000000000000, 0.000000000000000000, 0.000000000000000000 ) ) ;
#4491 = ADVANCED_FACE ( 'NONE', ( #4792 ), #3159, .T. ) ;
#4492 = CARTESIAN_POINT ( 'NONE',  ( 0.2064400794764282010, -1.000000000000000000, -6.000000000000000888 ) ) ;
#4493 = CARTESIAN_POINT ( 'NONE',  ( 0.1471391560048289637, 0.2913425540319414808, -6.000000000000000888 ) ) ;
#4494 = CARTESIAN_POINT ( 'NONE',  ( 0.1649749999999999550, -1.000000000000000000, 6.000000000000000888 ) ) ;
#4495 = VECTOR ( 'NONE', #2290, 39.37007874015748143 ) ;
#4496 = ORIENTED_EDGE ( 'NONE', *, *, #1732, .F. ) ;
#4497 = ORIENTED_EDGE ( 'NONE', *, *, #1174, .F. ) ;
#4498 = CIRCLE ( 'NONE', #3301, 0.02175000000000001238 ) ;
#4499 = ORIENTED_EDGE ( 'NONE', *, *, #1277, .F. ) ;
#4500 = LINE ( 'NONE', #3662, #4777 ) ;
#4501 = VERTEX_POINT ( 'NONE', #2642 ) ;
#4502 = AXIS2_PLACEMENT_3D ( 'NONE', #4212, #3377, #5128 ) ;
#4503 = CARTESIAN_POINT ( 'NONE',  ( 0.2086574459680583804, 0.3528608439951709252, 6.000000000000000888 ) ) ;
#4504 = ORIENTED_EDGE ( 'NONE', *, *, #2377, .F. ) ;
#4505 = DIRECTION ( 'NONE',  ( 0.000000000000000000, -0.000000000000000000, -1.000000000000000000 ) ) ;
#4506 = DIRECTION ( 'NONE',  ( 0.000000000000000000, -0.000000000000000000, -1.000000000000000000 ) ) ;
#4507 = PERSON_AND_ORGANIZATION ( #693, #3576 ) ;
#4508 = ORIENTED_EDGE ( 'NONE', *, *, #5190, .F. ) ;
#4509 = EDGE_CURVE ( 'NONE', #5400, #3378, #3582, .T. ) ;
#4510 = DIRECTION ( 'NONE',  ( 0.000000000000000000, 1.000000000000000000, 0.000000000000000000 ) ) ;
#4511 = FACE_OUTER_BOUND ( 'NONE', #5680, .T. ) ;
#4512 = DIRECTION ( 'NONE',  ( 1.000000000000000000, 1.046685055043767026E-14, 0.000000000000000000 ) ) ;
#4513 = CARTESIAN_POINT ( 'NONE',  ( -0.4129999999999999227, 0.2500599205235715661, 6.000000000000000888 ) ) ;
#4514 = ADVANCED_FACE ( 'NONE', ( #4422 ), #2729, .F. ) ;
#4515 = EDGE_CURVE ( 'NONE', #5472, #5214, #539, .T. ) ;
#4516 = ORIENTED_EDGE ( 'NONE', *, *, #3701, .T. ) ;
#4517 = EDGE_CURVE ( 'NONE', #4489, #5363, #351, .T. ) ;
#4518 = EDGE_CURVE ( 'NONE', #3147, #1120, #2213, .T. ) ;
#4519 = CARTESIAN_POINT ( 'NONE',  ( -0.4066295724908073339, 0.03185213754596270125, 6.000000000000000888 ) ) ;
#4520 = ORIENTED_EDGE ( 'NONE', *, *, #719, .F. ) ;
#4521 = FACE_OUTER_BOUND ( 'NONE', #5159, .T. ) ;
#4522 = ORIENTED_EDGE ( 'NONE', *, *, #5218, .T. ) ;
#4523 = CYLINDRICAL_SURFACE ( 'NONE', #444, 0.03697499999999995235 ) ;
#4524 = CARTESIAN_POINT ( 'NONE',  ( 0.4129999999999999227, -0.6649749999999998717, 6.000000000000000888 ) ) ;
#4525 = ORIENTED_EDGE ( 'NONE', *, *, #920, .T. ) ;
#4526 = ADVANCED_FACE ( 'NONE', ( #1337 ), #4019, .F. ) ;
#4527 = ORIENTED_EDGE ( 'NONE', *, *, #5184, .F. ) ;
#4528 = EDGE_LOOP ( 'NONE', ( #1531, #538, #2376, #3627 ) ) ;
#4529 = DIRECTION ( 'NONE',  ( -0.000000000000000000, 1.000000000000000000, -0.000000000000000000 ) ) ;
#4530 = AXIS2_PLACEMENT_3D ( 'NONE', #4863, #5350, #3199 ) ;
#4531 = AXIS2_PLACEMENT_3D ( 'NONE', #1245, #1300, #3008 ) ;
#4532 = ORIENTED_EDGE ( 'NONE', *, *, #4791, .T. ) ;
#4533 = FACE_OUTER_BOUND ( 'NONE', #5428, .T. ) ;
#4534 = ORIENTED_EDGE ( 'NONE', *, *, #296, .T. ) ;
#4535 = AXIS2_PLACEMENT_3D ( 'NONE', #4698, #1650, #2921 ) ;
#4536 = LINE ( 'NONE', #5426, #5505 ) ;
#4537 = AXIS2_PLACEMENT_3D ( 'NONE', #3223, #1027, #5463 ) ;
#4538 = DIRECTION ( 'NONE',  ( 1.000000000000000000, 0.000000000000000000, 0.000000000000000000 ) ) ;
#4539 = VERTEX_POINT ( 'NONE', #3529 ) ;
#4540 = CIRCLE ( 'NONE', #944, 0.08760000000000003895 ) ;
#4541 = VECTOR ( 'NONE', #4112, 39.37007874015748143 ) ;
#4542 = FACE_OUTER_BOUND ( 'NONE', #5699, .T. ) ;
#4543 = LINE ( 'NONE', #1541, #1781 ) ;
#4544 = CARTESIAN_POINT ( 'NONE',  ( -0.4499749999999999028, 0.3719999999999999973, 6.000000000000000888 ) ) ;
#4545 = CARTESIAN_POINT ( 'NONE',  ( -0.1649749999999999550, -0.9499750000000000139, -6.000000000000000888 ) ) ;
#4546 = VERTEX_POINT ( 'NONE', #3100 ) ;
#4547 = DIRECTION ( 'NONE',  ( 1.000000000000000000, -1.046685055043766868E-14, 0.000000000000000000 ) ) ;
#4548 = VERTEX_POINT ( 'NONE', #4850 ) ;
#4549 = CARTESIAN_POINT ( 'NONE',  ( 0.5000000000000000000, -0.09227743494484449971, -6.000000000000000888 ) ) ;
#4550 = DIRECTION ( 'NONE',  ( -1.000000000000000000, 1.607629870117495189E-15, -0.000000000000000000 ) ) ;
#4551 = FACE_OUTER_BOUND ( 'NONE', #4137, .T. ) ;
#4552 = EDGE_CURVE ( 'NONE', #4696, #2223, #2022, .T. ) ;
#4553 = ADVANCED_FACE ( 'NONE', ( #1105 ), #3643, .T. ) ;
#4554 = CYLINDRICAL_SURFACE ( 'NONE', #2185, 0.02174999999999998115 ) ;
#4555 = ORIENTED_EDGE ( 'NONE', *, *, #550, .T. ) ;
#4556 = ORIENTED_EDGE ( 'NONE', *, *, #1845, .T. ) ;
#4557 = ORIENTED_EDGE ( 'NONE', *, *, #3324, .F. ) ;
#4558 = CARTESIAN_POINT ( 'NONE',  ( -0.3859725650551554255, -1.000000000000000222, 6.000000000000000888 ) ) ;
#4559 = EDGE_CURVE ( 'NONE', #4043, #4548, #1450, .T. ) ;
#4560 = ORIENTED_EDGE ( 'NONE', *, *, #4754, .T. ) ;
#4561 = AXIS2_PLACEMENT_3D ( 'NONE', #3213, #2919, #234 ) ;
#4562 = DIRECTION ( 'NONE',  ( 0.000000000000000000, 0.000000000000000000, 1.000000000000000000 ) ) ;
#4563 = ORIENTED_EDGE ( 'NONE', *, *, #1272, .F. ) ;
#4564 = DIRECTION ( 'NONE',  ( -1.000000000000000000, -1.046685055043767026E-14, 0.000000000000000000 ) ) ;
#4565 = EDGE_CURVE ( 'NONE', #4964, #3147, #4772, .T. ) ;
#4566 = SECURITY_CLASSIFICATION_LEVEL ( 'unclassified' ) ;
#4567 = ORIENTED_EDGE ( 'NONE', *, *, #852, .F. ) ;
#4568 = CARTESIAN_POINT ( 'NONE',  ( -0.4077225650551554170, 1.000000000000000000, -6.000000000000000888 ) ) ;
#4569 = DIRECTION ( 'NONE',  ( 1.000000000000000000, 0.000000000000000000, 0.000000000000000000 ) ) ;
#4570 = CARTESIAN_POINT ( 'NONE',  ( -0.3411992244580428491, -0.7796809344948134601, 6.000000000000000888 ) ) ;
#4571 = CARTESIAN_POINT ( 'NONE',  ( 0.4499749999999999028, 0.3719999999999999973, 6.000000000000000888 ) ) ;
#4572 = AXIS2_PLACEMENT_3D ( 'NONE', #132, #1111, #1905 ) ;
#4573 = CARTESIAN_POINT ( 'NONE',  ( 0.4499749999999999028, 0.6280000000000000027, -6.000000000000000888 ) ) ;
#4574 = ORIENTED_EDGE ( 'NONE', *, *, #3805, .T. ) ;
#4575 = LINE ( 'NONE', #4630, #4161 ) ;
#4576 = DIRECTION ( 'NONE',  ( -0.000000000000000000, 0.000000000000000000, 1.000000000000000000 ) ) ;
#4577 = DIRECTION ( 'NONE',  ( -1.000000000000000000, 0.000000000000000000, 0.000000000000000000 ) ) ;
#4578 = LINE ( 'NONE', #2402, #4187 ) ;
#4579 = ORIENTED_EDGE ( 'NONE', *, *, #2246, .F. ) ;
#4580 = AXIS2_PLACEMENT_3D ( 'NONE', #1345, #997, #5692 ) ;
#4581 = EDGE_CURVE ( 'NONE', #645, #5550, #2360, .T. ) ;
#4582 = EDGE_LOOP ( 'NONE', ( #4563, #342, #1377, #1052 ) ) ;
#4583 = ORIENTED_EDGE ( 'NONE', *, *, #3859, .F. ) ;
#4584 = CARTESIAN_POINT ( 'NONE',  ( -0.5000000000000001110, 0.6649749999999998717, 6.000000000000000888 ) ) ;
#4585 = AXIS2_PLACEMENT_3D ( 'NONE', #258, #2890, #4262 ) ;
#4586 = CIRCLE ( 'NONE', #2109, 0.04205992052357206135 ) ;
#4587 = VERTEX_POINT ( 'NONE', #3293 ) ;
#4588 = ADVANCED_FACE ( 'NONE', ( #5046 ), #4967, .F. ) ;
#4589 = CARTESIAN_POINT ( 'NONE',  ( -0.5000000000000001110, -0.2935599205235716602, -6.000000000000000888 ) ) ;
#4590 = ORIENTED_EDGE ( 'NONE', *, *, #3249, .F. ) ;
#4591 = DIRECTION ( 'NONE',  ( 1.000000000000000000, 0.000000000000000000, 0.000000000000000000 ) ) ;
#4592 = VECTOR ( 'NONE', #354, 39.37007874015748143 ) ;
#4593 = ORIENTED_EDGE ( 'NONE', *, *, #3565, .F. ) ;
#4594 = ADVANCED_FACE ( 'NONE', ( #1424 ), #1981, .F. ) ;
#4595 = AXIS2_PLACEMENT_3D ( 'NONE', #4930, #3287, #5039 ) ;
#4596 = CARTESIAN_POINT ( 'NONE',  ( -0.4066295724908073339, -0.03185213754596270125, -6.000000000000000888 ) ) ;
#4597 = CYLINDRICAL_SURFACE ( 'NONE', #2983, 0.02175000000000001238 ) ;
#4598 = CARTESIAN_POINT ( 'NONE',  ( 0.1649749999999999550, 1.000000000000000000, 6.000000000000000888 ) ) ;
#4599 = DIRECTION ( 'NONE',  ( 0.000000000000000000, 0.000000000000000000, -1.000000000000000000 ) ) ;
#4600 = DIRECTION ( 'NONE',  ( -0.000000000000000000, -0.000000000000000000, -1.000000000000000000 ) ) ;
#4601 = ORIENTED_EDGE ( 'NONE', *, *, #1416, .F. ) ;
#4602 = CARTESIAN_POINT ( 'NONE',  ( 0.5000000000000001110, -0.6649749999999998717, -6.000000000000000888 ) ) ;
#4603 = FACE_OUTER_BOUND ( 'NONE', #1475, .T. ) ;
#4604 = LINE ( 'NONE', #4659, #1430 ) ;
#4605 = VERTEX_POINT ( 'NONE', #2439 ) ;
#4606 = EDGE_LOOP ( 'NONE', ( #161, #3893, #2955, #4849 ) ) ;
#4607 = EDGE_LOOP ( 'NONE', ( #319, #1738, #4497, #4156 ) ) ;
#4608 = CARTESIAN_POINT ( 'NONE',  ( -0.1471391560048289637, -0.2913425540319414808, -6.000000000000000888 ) ) ;
#4609 = ORIENTED_EDGE ( 'NONE', *, *, #5431, .T. ) ;
#4610 = DIRECTION ( 'NONE',  ( 0.000000000000000000, 0.000000000000000000, -1.000000000000000000 ) ) ;
#4611 = VERTEX_POINT ( 'NONE', #5372 ) ;
#4612 = CARTESIAN_POINT ( 'NONE',  ( -0.08519660197288733694, -0.3169999999999999485, 6.000000000000000888 ) ) ;
#4613 = APPROVAL_DATE_TIME ( #5047, #3418 ) ;
#4614 = AXIS2_PLACEMENT_3D ( 'NONE', #2182, #2238, #4878 ) ;
#4615 = EDGE_CURVE ( 'NONE', #4349, #5416, #2783, .T. ) ;
#4616 = AXIS2_PLACEMENT_3D ( 'NONE', #220, #1056, #2448 ) ;
#4617 = EDGE_CURVE ( 'NONE', #2357, #1829, #4536, .T. ) ;
#4618 = ORIENTED_EDGE ( 'NONE', *, *, #1951, .T. ) ;
#4619 = CIRCLE ( 'NONE', #1970, 0.1024999999999999939 ) ;
#4620 = AXIS2_PLACEMENT_3D ( 'NONE', #4462, #973, #4837 ) ;
#4621 = CARTESIAN_POINT ( 'NONE',  ( 0.1649749999999999550, 0.9630250000000000199, 6.000000000000000888 ) ) ;
#4622 = DIRECTION ( 'NONE',  ( 1.000000000000000000, 0.000000000000000000, 0.000000000000000000 ) ) ;
#4623 = DIRECTION ( 'NONE',  ( -1.000000000000000000, 0.000000000000000000, 0.000000000000000000 ) ) ;
#4624 = CARTESIAN_POINT ( 'NONE',  ( -0.5000000000000001110, -0.7064400794764282843, -6.000000000000000888 ) ) ;
#4625 = EDGE_CURVE ( 'NONE', #2515, #5696, #3668, .T. ) ;
#4626 = VECTOR ( 'NONE', #4854, 39.37007874015748143 ) ;
#4627 = VECTOR ( 'NONE', #1572, 39.37007874015748143 ) ;
#4628 = DIRECTION ( 'NONE',  ( -2.926849330295178087E-16, 1.000000000000000000, 0.000000000000000000 ) ) ;
#4629 = VERTEX_POINT ( 'NONE', #2755 ) ;
#4630 = CARTESIAN_POINT ( 'NONE',  ( 0.4066295724908073339, 0.03185213754596270125, -6.000000000000000888 ) ) ;
#4631 = AXIS2_PLACEMENT_3D ( 'NONE', #1391, #3155, #1335 ) ;
#4632 = CARTESIAN_POINT ( 'NONE',  ( 0.5000000000000001110, 0.2500599205235717326, -6.000000000000000888 ) ) ;
#4633 = FACE_OUTER_BOUND ( 'NONE', #1817, .T. ) ;
#4634 = ADVANCED_FACE ( 'NONE', ( #2386 ), #210, .F. ) ;
#4635 = ORIENTED_EDGE ( 'NONE', *, *, #2066, .T. ) ;
#4636 = EDGE_LOOP ( 'NONE', ( #610, #4928, #3635, #1590 ) ) ;
#4637 = ORIENTED_EDGE ( 'NONE', *, *, #2473, .T. ) ;
#4638 = FACE_OUTER_BOUND ( 'NONE', #146, .T. ) ;
#4639 = FACE_OUTER_BOUND ( 'NONE', #170, .T. ) ;
#4640 = VERTEX_POINT ( 'NONE', #3237 ) ;
#4641 = CARTESIAN_POINT ( 'NONE',  ( -0.5000000000000000000, 0.07052743494484452202, 6.000000000000000888 ) ) ;
#4642 = ORIENTED_EDGE ( 'NONE', *, *, #4737, .F. ) ;
#4643 = DIRECTION ( 'NONE',  ( 1.000000000000000000, 1.046685055043766868E-14, 0.000000000000000000 ) ) ;
#4644 = VECTOR ( 'NONE', #709, 39.37007874015748143 ) ;
#4645 = ORIENTED_EDGE ( 'NONE', *, *, #75, .F. ) ;
#4646 = EDGE_CURVE ( 'NONE', #1127, #3788, #153, .T. ) ;
#4647 = EDGE_CURVE ( 'NONE', #1508, #3515, #2574, .T. ) ;
#4648 = CARTESIAN_POINT ( 'NONE',  ( -0.4630250000000000199, -0.3350250000000000727, -6.000000000000000888 ) ) ;
#4649 = DIRECTION ( 'NONE',  ( -1.000000000000000000, 0.000000000000000000, 0.000000000000000000 ) ) ;
#4650 = CARTESIAN_POINT ( 'NONE',  ( 0.4066295724908073339, -0.03185213754596270125, -6.000000000000000888 ) ) ;
#4651 = VECTOR ( 'NONE', #3045, 39.37007874015748143 ) ;
#4652 = DIRECTION ( 'NONE',  ( 2.926849330295178580E-16, 1.000000000000000000, 0.000000000000000000 ) ) ;
#4653 = VECTOR ( 'NONE', #3202, 39.37007874015748143 ) ;
#4654 = LINE ( 'NONE', #2503, #2985 ) ;
#4655 = EDGE_CURVE ( 'NONE', #5111, #123, #644, .T. ) ;
#4656 = EDGE_LOOP ( 'NONE', ( #3971, #2460, #1180, #1366 ) ) ;
#4657 = DIRECTION ( 'NONE',  ( -0.000000000000000000, -0.000000000000000000, -1.000000000000000000 ) ) ;
#4658 = CYLINDRICAL_SURFACE ( 'NONE', #3385, 0.08760000000000003895 ) ;
#4659 = CARTESIAN_POINT ( 'NONE',  ( -0.5000000000000001110, -0.7499400794764282674, -6.000000000000000888 ) ) ;
#4660 = ORIENTED_EDGE ( 'NONE', *, *, #3456, .F. ) ;
#4661 = EDGE_CURVE ( 'NONE', #694, #2313, #3032, .T. ) ;
#4662 = VERTEX_POINT ( 'NONE', #667 ) ;
#4663 = VERTEX_POINT ( 'NONE', #1863 ) ;
#4664 = CYLINDRICAL_SURFACE ( 'NONE', #2107, 0.03697499999999995235 ) ;
#4665 = DIRECTION ( 'NONE',  ( -0.000000000000000000, -0.000000000000000000, -1.000000000000000000 ) ) ;
#4666 = VERTEX_POINT ( 'NONE', #4077 ) ;
#4667 = CARTESIAN_POINT ( 'NONE',  ( 0.1829999999999998572, -0.4148033980271126353, 6.000000000000000888 ) ) ;
#4668 = CIRCLE ( 'NONE', #255, 0.1024999999999999939 ) ;
#4669 = ORIENTED_EDGE ( 'NONE', *, *, #296, .F. ) ;
#4670 = LINE ( 'NONE', #4271, #2483 ) ;
#4671 = CIRCLE ( 'NONE', #1459, 0.02174999999999998115 ) ;
#4672 = ORIENTED_EDGE ( 'NONE', *, *, #4899, .T. ) ;
#4673 = DIRECTION ( 'NONE',  ( -0.7071067811865479058, 0.7071067811865472397, 0.000000000000000000 ) ) ;
#4674 = DIRECTION ( 'NONE',  ( -0.000000000000000000, 0.000000000000000000, 1.000000000000000000 ) ) ;
#4675 = CIRCLE ( 'NONE', #2758, 0.03697500000000002174 ) ;
#4676 = VECTOR ( 'NONE', #5105, 39.37007874015748143 ) ;
#4677 = CARTESIAN_POINT ( 'NONE',  ( 0.3709400794764278753, 0.2500599205235715661, 6.000000000000000888 ) ) ;
#4678 = DIRECTION ( 'NONE',  ( -1.000000000000000000, 0.000000000000000000, 0.000000000000000000 ) ) ;
#4679 = CARTESIAN_POINT ( 'NONE',  ( 0.1649749999999999550, -1.000000000000000000, 6.000000000000000888 ) ) ;
#4680 = DIRECTION ( 'NONE',  ( -0.000000000000000000, 0.000000000000000000, -1.000000000000000000 ) ) ;
#4681 = ORIENTED_EDGE ( 'NONE', *, *, #5292, .F. ) ;
#4682 = DIRECTION ( 'NONE',  ( -1.000000000000000000, 0.000000000000000000, 0.000000000000000000 ) ) ;
#4683 = DIRECTION ( 'NONE',  ( 0.7071067811865479058, -0.7071067811865472397, 0.000000000000000000 ) ) ;
#4684 = CARTESIAN_POINT ( 'NONE',  ( -0.5000000000000000000, 0.09227743494484449971, -6.000000000000000888 ) ) ;
#4685 = ADVANCED_FACE ( 'NONE', ( #124 ), #1898, .F. ) ;
#4686 = EDGE_CURVE ( 'NONE', #1202, #5529, #267, .T. ) ;
#4687 = EDGE_CURVE ( 'NONE', #2223, #4091, #4670, .T. ) ;
#4688 = ORIENTED_EDGE ( 'NONE', *, *, #3068, .F. ) ;
#4689 = DIRECTION ( 'NONE',  ( 1.000000000000000000, 0.000000000000000000, 0.000000000000000000 ) ) ;
#4690 = EDGE_LOOP ( 'NONE', ( #3203, #2571, #1478, #3206 ) ) ;
#4691 = ORIENTED_EDGE ( 'NONE', *, *, #2667, .T. ) ;
#4692 = LINE ( 'NONE', #5498, #4050 ) ;
#4693 = CARTESIAN_POINT ( 'NONE',  ( -0.2796809344948132936, -0.8411992244580429601, -6.000000000000000888 ) ) ;
#4694 = EDGE_CURVE ( 'NONE', #1205, #4418, #4700, .T. ) ;
#4695 = EDGE_CURVE ( 'NONE', #3147, #3455, #3834, .T. ) ;
#4696 = VERTEX_POINT ( 'NONE', #4734 ) ;
#4697 = LINE ( 'NONE', #5213, #3609 ) ;
#4698 = CARTESIAN_POINT ( 'NONE',  ( -0.5000000000000000000, -0.9077225650551554725, -6.000000000000000888 ) ) ;
#4699 = ORIENTED_EDGE ( 'NONE', *, *, #4559, .F. ) ;
#4700 = LINE ( 'NONE', #695, #1648 ) ;
#4701 = ADVANCED_FACE ( 'NONE', ( #5592 ), #3867, .F. ) ;
#4702 = VERTEX_POINT ( 'NONE', #782 ) ;
#4703 = LINE ( 'NONE', #2468, #1413 ) ;
#4704 = CARTESIAN_POINT ( 'NONE',  ( 0.1829999999999998572, 0.5851966019728873647, -6.000000000000000888 ) ) ;
#4705 = AXIS2_PLACEMENT_3D ( 'NONE', #5588, #1734, #870 ) ;
#4706 = FACE_OUTER_BOUND ( 'NONE', #1327, .T. ) ;
#4707 = PLANE ( 'NONE',  #1464 ) ;
#4708 = LINE ( 'NONE', #5137, #1771 ) ;
#4709 = CIRCLE ( 'NONE', #3698, 0.03697500000000002174 ) ;
#4710 = VECTOR ( 'NONE', #4547, 39.37007874015748143 ) ;
#4711 = CARTESIAN_POINT ( 'NONE',  ( 0.1471391560048289637, 0.7086574459680585747, 6.000000000000000888 ) ) ;
#4712 = ORIENTED_EDGE ( 'NONE', *, *, #3180, .T. ) ;
#4713 = CARTESIAN_POINT ( 'NONE',  ( 0.2499400794764282396, 1.000000000000000000, -6.000000000000000888 ) ) ;
#4714 = DIRECTION ( 'NONE',  ( 1.000000000000000000, 1.046685055043767026E-14, 0.000000000000000000 ) ) ;
#4715 = CIRCLE ( 'NONE', #2886, 0.03697499999999995235 ) ;
#4716 = AXIS2_PLACEMENT_3D ( 'NONE', #5262, #4890, #943 ) ;
#4717 = CARTESIAN_POINT ( 'NONE',  ( 0.1471391560048289637, -0.2913425540319414808, 6.000000000000000888 ) ) ;
#4718 = VERTEX_POINT ( 'NONE', #1128 ) ;
#4719 = VECTOR ( 'NONE', #1714, 39.37007874015748143 ) ;
#4720 = CIRCLE ( 'NONE', #2254, 0.04205992052357206135 ) ;
#4721 = FACE_OUTER_BOUND ( 'NONE', #2629, .T. ) ;
#4722 = ADVANCED_FACE ( 'NONE', ( #3011 ), #5508, .F. ) ;
#4723 = ORIENTED_EDGE ( 'NONE', *, *, #926, .T. ) ;
#4724 = ADVANCED_FACE ( 'NONE', ( #2551 ), #1652, .F. ) ;
#4725 = ORIENTED_EDGE ( 'NONE', *, *, #5004, .T. ) ;
#4726 = DIRECTION ( 'NONE',  ( -1.000000000000000000, 0.000000000000000000, 0.000000000000000000 ) ) ;
#4727 = CARTESIAN_POINT ( 'NONE',  ( 0.3859725650551554255, 1.000000000000000222, 6.000000000000000888 ) ) ;
#4728 = CIRCLE ( 'NONE', #1595, 0.03697499999999995235 ) ;
#4729 = ORIENTED_EDGE ( 'NONE', *, *, #4737, .T. ) ;
#4730 = CARTESIAN_POINT ( 'NONE',  ( -0.08519660197288735082, -0.2293999999999998818, 6.000000000000000888 ) ) ;
#4731 = CARTESIAN_POINT ( 'NONE',  ( -0.4499749999999999028, -0.6280000000000000027, 6.000000000000000888 ) ) ;
#4732 = EDGE_CURVE ( 'NONE', #925, #2457, #3436, .T. ) ;
#4733 = EDGE_LOOP ( 'NONE', ( #1643, #278, #3574, #4178 ) ) ;
#4734 = CARTESIAN_POINT ( 'NONE',  ( 0.4499749999999999028, -0.3719999999999999973, 6.000000000000000888 ) ) ;
#4735 = ORIENTED_EDGE ( 'NONE', *, *, #5066, .T. ) ;
#4736 = CARTESIAN_POINT ( 'NONE',  ( -0.5000000000000001110, 0.7064400794764282843, -6.000000000000000888 ) ) ;
#4737 = EDGE_CURVE ( 'NONE', #2060, #3897, #348, .T. ) ;
#4738 = DIRECTION ( 'NONE',  ( -0.000000000000000000, -0.000000000000000000, -1.000000000000000000 ) ) ;
#4739 = PLANE ( 'NONE',  #3732 ) ;
#4740 = DIRECTION ( 'NONE',  ( 0.7071067811865479058, -0.7071067811865472397, 0.000000000000000000 ) ) ;
#4741 = LINE ( 'NONE', #1164, #5443 ) ;
#4742 = DIRECTION ( 'NONE',  ( 1.000000000000000000, 0.000000000000000000, 0.000000000000000000 ) ) ;
#4743 = AXIS2_PLACEMENT_3D ( 'NONE', #5685, #1745, #1772 ) ;
#4744 = CARTESIAN_POINT ( 'NONE',  ( -0.08519660197288735082, -0.7706000000000000627, 6.000000000000000888 ) ) ;
#4745 = DIRECTION ( 'NONE',  ( -0.7071067811865472397, 0.7071067811865479058, 0.000000000000000000 ) ) ;
#4746 = DIRECTION ( 'NONE',  ( -1.000000000000000000, 0.000000000000000000, 0.000000000000000000 ) ) ;
#4747 = ORIENTED_EDGE ( 'NONE', *, *, #1563, .T. ) ;
#4748 = CARTESIAN_POINT ( 'NONE',  ( -0.4499749999999999028, -0.3350250000000000727, 6.000000000000000888 ) ) ;
#4749 = ORIENTED_EDGE ( 'NONE', *, *, #2004, .T. ) ;
#4750 = VERTEX_POINT ( 'NONE', #5100 ) ;
#4751 = DIRECTION ( 'NONE',  ( -1.000000000000000000, 0.000000000000000000, 0.000000000000000000 ) ) ;
#4752 = CARTESIAN_POINT ( 'NONE',  ( 2.731847993664263218E-16, 0.3169999999999999485, 6.000000000000000888 ) ) ;
#4753 = VERTEX_POINT ( 'NONE', #2923 ) ;
#4754 = EDGE_CURVE ( 'NONE', #1947, #3577, #3322, .T. ) ;
#4755 = CARTESIAN_POINT ( 'NONE',  ( -0.4499749999999999028, -0.6280000000000000027, -6.000000000000000888 ) ) ;
#4756 = CARTESIAN_POINT ( 'NONE',  ( -0.1829999999999999682, 0.5000000000000000000, 6.000000000000000888 ) ) ;
#4757 = EDGE_LOOP ( 'NONE', ( #4261, #5130, #1153, #3452 ) ) ;
#4758 = DIRECTION ( 'NONE',  ( 0.7071067811865472397, -0.7071067811865479058, 0.000000000000000000 ) ) ;
#4759 = VECTOR ( 'NONE', #4550, 39.37007874015748143 ) ;
#4760 = ADVANCED_FACE ( 'NONE', ( #2007 ), #3808, .F. ) ;
#4761 = ORIENTED_EDGE ( 'NONE', *, *, #5101, .F. ) ;
#4762 = EDGE_CURVE ( 'NONE', #3139, #3720, #5140, .T. ) ;
#4763 = AXIS2_PLACEMENT_3D ( 'NONE', #3137, #3969, #4398 ) ;
#4764 = DIRECTION ( 'NONE',  ( 1.000000000000000000, 0.000000000000000000, 0.000000000000000000 ) ) ;
#4765 = CARTESIAN_POINT ( 'NONE',  ( 0.2499400794764282951, -0.9130000000000000338, 6.000000000000000888 ) ) ;
#4766 = DIRECTION ( 'NONE',  ( 1.000000000000000000, 0.000000000000000000, 0.000000000000000000 ) ) ;
#4767 = CARTESIAN_POINT ( 'NONE',  ( 0.1279999999999999472, 0.9499750000000000139, 6.000000000000000888 ) ) ;
#4768 = CYLINDRICAL_SURFACE ( 'NONE', #4990, 0.04205992052357206135 ) ;
#4769 = CIRCLE ( 'NONE', #3756, 0.04205992052357206135 ) ;
#4770 = EDGE_CURVE ( 'NONE', #3370, #1353, #1941, .T. ) ;
#4771 = VECTOR ( 'NONE', #2677, 39.37007874015748143 ) ;
#4772 = CIRCLE ( 'NONE', #5134, 0.03697499999999995235 ) ;
#4773 = LINE ( 'NONE', #2561, #5452 ) ;
#4774 = FACE_OUTER_BOUND ( 'NONE', #520, .T. ) ;
#4775 = PLANE ( 'NONE',  #2388 ) ;
#4776 = LINE ( 'NONE', #1234, #3901 ) ;
#4777 = VECTOR ( 'NONE', #3721, 39.37007874015748143 ) ;
#4778 = ORIENTED_EDGE ( 'NONE', *, *, #2705, .T. ) ;
#4779 = FACE_OUTER_BOUND ( 'NONE', #2149, .T. ) ;
#4780 = ORIENTED_EDGE ( 'NONE', *, *, #1822, .T. ) ;
#4781 = VECTOR ( 'NONE', #1852, 39.37007874015748143 ) ;
#4782 = ORIENTED_EDGE ( 'NONE', *, *, #3109, .F. ) ;
#4783 = CARTESIAN_POINT ( 'NONE',  ( -0.3983187499999999992, -0.8983187500000000547, -6.000000000000000888 ) ) ;
#4784 = DIRECTION ( 'NONE',  ( 1.000000000000000000, 0.000000000000000000, 0.000000000000000000 ) ) ;
#4785 = ORIENTED_EDGE ( 'NONE', *, *, #282, .T. ) ;
#4786 = CARTESIAN_POINT ( 'NONE',  ( -1.708498649160620184E-17, 0.5000000000000000000, 6.000000000000000888 ) ) ;
#4787 = ORIENTED_EDGE ( 'NONE', *, *, #3634, .T. ) ;
#4788 = FACE_OUTER_BOUND ( 'NONE', #2405, .T. ) ;
#4789 = ORIENTED_EDGE ( 'NONE', *, *, #3226, .T. ) ;
#4790 = CARTESIAN_POINT ( 'NONE',  ( -0.1649749999999999550, -0.9129999999999999227, -6.000000000000000888 ) ) ;
#4791 = EDGE_CURVE ( 'NONE', #929, #3549, #4238, .T. ) ;
#4792 = FACE_OUTER_BOUND ( 'NONE', #2628, .T. ) ;
#4793 = ADVANCED_FACE ( 'NONE', ( #5158 ), #1620, .F. ) ;
#4794 = CARTESIAN_POINT ( 'NONE',  ( -0.2796809344948132936, 0.8411992244580429601, -6.000000000000000888 ) ) ;
#4795 = PLANE ( 'NONE',  #2668 ) ;
#4796 = LINE ( 'NONE', #2992, #2146 ) ;
#4797 = CARTESIAN_POINT ( 'NONE',  ( -0.4129999999999999227, -0.3350250000000000727, 6.000000000000000888 ) ) ;
#4798 = DIRECTION ( 'NONE',  ( -0.000000000000000000, -0.000000000000000000, -1.000000000000000000 ) ) ;
#4799 = ADVANCED_FACE ( 'NONE', ( #1186 ), #2954, .T. ) ;
#4800 = CYLINDRICAL_SURFACE ( 'NONE', #992, 0.04205992052357206135 ) ;
#4801 = CARTESIAN_POINT ( 'NONE',  ( -0.5000000000000000000, -0.09227743494484449971, -6.000000000000000888 ) ) ;
#4802 = AXIS2_PLACEMENT_3D ( 'NONE', #1, #4821, #498 ) ;
#4803 = VERTEX_POINT ( 'NONE', #3466 ) ;
#4804 = VECTOR ( 'NONE', #1022, 39.37007874015748143 ) ;
#4805 = CARTESIAN_POINT ( 'NONE',  ( -1.708498649160620184E-17, -0.5000000000000000000, 6.000000000000000888 ) ) ;
#4806 = VECTOR ( 'NONE', #2059, 39.37007874015748143 ) ;
#4807 = ORIENTED_EDGE ( 'NONE', *, *, #786, .F. ) ;
#4808 = CIRCLE ( 'NONE', #5541, 0.08760000000000003895 ) ;
#4809 = EDGE_CURVE ( 'NONE', #411, #2087, #2674, .T. ) ;
#4810 = ORIENTED_EDGE ( 'NONE', *, *, #1527, .F. ) ;
#4811 = CARTESIAN_POINT ( 'NONE',  ( 0.1829999999999999682, 0.5000000000000000000, -6.000000000000000888 ) ) ;
#4812 = CARTESIAN_POINT ( 'NONE',  ( -0.5000000000000001110, -0.6649749999999998717, 6.000000000000000888 ) ) ;
#4813 = VECTOR ( 'NONE', #1316, 39.37007874015748143 ) ;
#4814 = AXIS2_PLACEMENT_3D ( 'NONE', #217, #4163, #2788 ) ;
#4815 = ORIENTED_EDGE ( 'NONE', *, *, #3454, .F. ) ;
#4816 = DIRECTION ( 'NONE',  ( 1.000000000000000000, -2.926849330295178580E-16, 0.000000000000000000 ) ) ;
#4817 = EDGE_LOOP ( 'NONE', ( #5331, #2153, #2941, #745 ) ) ;
#4818 = CYLINDRICAL_SURFACE ( 'NONE', #5694, 0.02174999999999998115 ) ;
#4819 = VECTOR ( 'NONE', #787, 39.37007874015748143 ) ;
#4820 = ORIENTED_EDGE ( 'NONE', *, *, #2986, .T. ) ;
#4821 = DIRECTION ( 'NONE',  ( 0.000000000000000000, 0.000000000000000000, 1.000000000000000000 ) ) ;
#4822 = ORIENTED_EDGE ( 'NONE', *, *, #4339, .T. ) ;
#4823 = DIRECTION ( 'NONE',  ( -0.000000000000000000, 0.000000000000000000, 1.000000000000000000 ) ) ;
#4824 = DIRECTION ( 'NONE',  ( -0.000000000000000000, -0.000000000000000000, -1.000000000000000000 ) ) ;
#4825 = APPLICATION_PROTOCOL_DEFINITION ( 'international standard', 'config_control_design', 1994, #1924 ) ;
#4826 = PLANE ( 'NONE',  #4895 ) ;
#4827 = ADVANCED_FACE ( 'NONE', ( #872 ), #3096, .F. ) ;
#4828 = PLANE ( 'NONE',  #4082 ) ;
#4829 = VECTOR ( 'NONE', #5268, 39.37007874015748143 ) ;
#4830 = CYLINDRICAL_SURFACE ( 'NONE', #4354, 0.1016812500000000424 ) ;
#4831 = DIRECTION ( 'NONE',  ( 1.000000000000000000, 0.000000000000000000, 0.000000000000000000 ) ) ;
#4832 = DIRECTION ( 'NONE',  ( 5.853698660590359132E-16, -1.000000000000000000, 0.000000000000000000 ) ) ;
#4833 = ORIENTED_EDGE ( 'NONE', *, *, #4339, .F. ) ;
#4834 = VERTEX_POINT ( 'NONE', #1827 ) ;
#4835 = ADVANCED_FACE ( 'NONE', ( #4359 ), #4874, .F. ) ;
#4836 = AXIS2_PLACEMENT_3D ( 'NONE', #2470, #5598, #5570 ) ;
#4837 = DIRECTION ( 'NONE',  ( -1.000000000000000000, 0.000000000000000000, 0.000000000000000000 ) ) ;
#4838 = ORIENTED_EDGE ( 'NONE', *, *, #473, .F. ) ;
#4839 = VERTEX_POINT ( 'NONE', #4387 ) ;
#4840 = DIRECTION ( 'NONE',  ( 0.000000000000000000, 1.000000000000000000, 0.000000000000000000 ) ) ;
#4841 = CARTESIAN_POINT ( 'NONE',  ( 0.3411992244580428491, -0.2203190655051865676, -6.000000000000000888 ) ) ;
#4842 = ORIENTED_EDGE ( 'NONE', *, *, #2810, .T. ) ;
#4843 = EDGE_CURVE ( 'NONE', #645, #3610, #641, .T. ) ;
#4844 = ORIENTED_EDGE ( 'NONE', *, *, #5646, .T. ) ;
#4845 = ORIENTED_EDGE ( 'NONE', *, *, #681, .T. ) ;
#4846 = DIRECTION ( 'NONE',  ( 0.000000000000000000, 0.000000000000000000, -1.000000000000000000 ) ) ;
#4847 = VERTEX_POINT ( 'NONE', #495 ) ;
#4848 = CARTESIAN_POINT ( 'NONE',  ( 0.2705999999999998962, 0.4148033980271126353, 6.000000000000000888 ) ) ;
#4849 = ORIENTED_EDGE ( 'NONE', *, *, #1808, .T. ) ;
#4850 = CARTESIAN_POINT ( 'NONE',  ( -0.3859725650551554255, 1.000000000000000222, 6.000000000000000888 ) ) ;
#4851 = LINE ( 'NONE', #5311, #4192 ) ;
#4852 = DIRECTION ( 'NONE',  ( 0.000000000000000000, 1.000000000000000000, 0.000000000000000000 ) ) ;
#4853 = DIRECTION ( 'NONE',  ( -1.000000000000000000, 0.000000000000000000, 0.000000000000000000 ) ) ;
#4854 = DIRECTION ( 'NONE',  ( -0.000000000000000000, -0.000000000000000000, -1.000000000000000000 ) ) ;
#4855 = CARTESIAN_POINT ( 'NONE',  ( 0.4499749999999999028, -0.3719999999999999973, -6.000000000000000888 ) ) ;
#4856 = CARTESIAN_POINT ( 'NONE',  ( 0.3709400794764278753, 0.2500599205235715661, 6.000000000000000888 ) ) ;
#4857 = AXIS2_PLACEMENT_3D ( 'NONE', #3544, #1693, #2591 ) ;
#4858 = CARTESIAN_POINT ( 'NONE',  ( -0.1025000000000000216, 0.5000000000000000000, 6.000000000000000888 ) ) ;
#4859 = VECTOR ( 'NONE', #5032, 39.37007874015748143 ) ;
#4860 = EDGE_LOOP ( 'NONE', ( #5442, #2205, #1455, #1925 ) ) ;
#4861 = DIRECTION ( 'NONE',  ( -1.000000000000000000, 5.853698660590359132E-16, 0.000000000000000000 ) ) ;
#4862 = ORIENTED_EDGE ( 'NONE', *, *, #931, .F. ) ;
#4863 = CARTESIAN_POINT ( 'NONE',  ( 0.4630250000000000199, -0.6649749999999998717, 6.000000000000000888 ) ) ;
#4864 = ORIENTED_EDGE ( 'NONE', *, *, #3850, .F. ) ;
#4865 = CARTESIAN_POINT ( 'NONE',  ( -0.5000000000000000000, 0.7281900794764283313, -6.000000000000000888 ) ) ;
#4866 = EDGE_CURVE ( 'NONE', #4255, #5575, #3586, .T. ) ;
#4867 = VECTOR ( 'NONE', #3962, 39.37007874015748143 ) ;
#4868 = CARTESIAN_POINT ( 'NONE',  ( 0.1649749999999999550, -1.000000000000000000, -6.000000000000000888 ) ) ;
#4869 = CC_DESIGN_DATE_AND_TIME_ASSIGNMENT ( #4080, #3726, ( #4040 ) ) ;
#4870 = ORIENTED_EDGE ( 'NONE', *, *, #3488, .T. ) ;
#4871 = VECTOR ( 'NONE', #2461, 39.37007874015748143 ) ;
#4872 = EDGE_LOOP ( 'NONE', ( #902, #4048, #2817, #4747, #2193, #4723, #1613, #4986, #3037, #2638, #3457, #5236, #2432, #3835, #5120, #5593 ) ) ;
#4873 = ORIENTED_EDGE ( 'NONE', *, *, #5401, .T. ) ;
#4874 = CYLINDRICAL_SURFACE ( 'NONE', #4046, 0.02174999999999998115 ) ;
#4875 = EDGE_CURVE ( 'NONE', #3494, #1999, #818, .T. ) ;
#4876 = ADVANCED_FACE ( 'NONE', ( #4015 ), #5335, .T. ) ;
#4877 = ORIENTED_EDGE ( 'NONE', *, *, #4195, .T. ) ;
#4878 = DIRECTION ( 'NONE',  ( 1.000000000000000000, 0.000000000000000000, 0.000000000000000000 ) ) ;
#4879 = ORIENTED_EDGE ( 'NONE', *, *, #4661, .T. ) ;
#4880 = CARTESIAN_POINT ( 'NONE',  ( -0.2064400794764282010, 1.000000000000000000, 6.000000000000000888 ) ) ;
#4881 = DIRECTION ( 'NONE',  ( -0.000000000000000000, -0.000000000000000000, -1.000000000000000000 ) ) ;
#4882 = ADVANCED_FACE ( 'NONE', ( #4788 ), #4417, .F. ) ;
#4883 = CARTESIAN_POINT ( 'NONE',  ( -0.1829999999999999682, -0.5000000000000000000, 6.000000000000000888 ) ) ;
#4884 = DIRECTION ( 'NONE',  ( 0.000000000000000000, 0.000000000000000000, -1.000000000000000000 ) ) ;
#4885 = DIRECTION ( 'NONE',  ( 0.000000000000000000, -0.000000000000000000, -1.000000000000000000 ) ) ;
#4886 = CARTESIAN_POINT ( 'NONE',  ( 0.1280000000000000027, 0.9499750000000000139, 6.000000000000000888 ) ) ;
#4887 = DIRECTION ( 'NONE',  ( 0.000000000000000000, 0.000000000000000000, -1.000000000000000000 ) ) ;
#4888 = FACE_OUTER_BOUND ( 'NONE', #3990, .T. ) ;
#4889 = ORIENTED_EDGE ( 'NONE', *, *, #2211, .T. ) ;
#4890 = DIRECTION ( 'NONE',  ( 0.7071067811865479058, 0.7071067811865472397, 0.000000000000000000 ) ) ;
#4891 = EDGE_LOOP ( 'NONE', ( #2169, #3605, #524, #3373 ) ) ;
#4892 = DIRECTION ( 'NONE',  ( 0.000000000000000000, -1.000000000000000000, -0.000000000000000000 ) ) ;
#4893 = ORIENTED_EDGE ( 'NONE', *, *, #5301, .F. ) ;
#4894 = CARTESIAN_POINT ( 'NONE',  ( -0.1649749999999999550, -0.9129999999999999227, -6.000000000000000888 ) ) ;
#4895 = AXIS2_PLACEMENT_3D ( 'NONE', #880, #935, #3935 ) ;
#4896 = CARTESIAN_POINT ( 'NONE',  ( -0.3411992244580428491, -0.7796809344948134601, 6.000000000000000888 ) ) ;
#4897 = ORIENTED_EDGE ( 'NONE', *, *, #2312, .F. ) ;
#4898 = CIRCLE ( 'NONE', #2424, 0.08760000000000003895 ) ;
#4899 = EDGE_CURVE ( 'NONE', #5560, #4629, #5601, .T. ) ;
#4900 = AXIS2_PLACEMENT_3D ( 'NONE', #1086, #2768, #136 ) ;
#4901 = EDGE_CURVE ( 'NONE', #4964, #832, #464, .T. ) ;
#4902 = ORIENTED_EDGE ( 'NONE', *, *, #3040, .T. ) ;
#4903 = ORIENTED_EDGE ( 'NONE', *, *, #282, .F. ) ;
#4904 = DIRECTION ( 'NONE',  ( 1.000000000000000000, 0.000000000000000000, 0.000000000000000000 ) ) ;
#4905 = CIRCLE ( 'NONE', #2792, 0.08760000000000003895 ) ;
#4906 = VECTOR ( 'NONE', #4680, 39.37007874015748143 ) ;
#4907 = VERTEX_POINT ( 'NONE', #928 ) ;
#4908 = EDGE_CURVE ( 'NONE', #129, #4548, #546, .T. ) ;
#4909 = CARTESIAN_POINT ( 'NONE',  ( -0.3709400794764278753, 0.2500599205235715661, -6.000000000000000888 ) ) ;
#4910 = VERTEX_POINT ( 'NONE', #2232 ) ;
#4911 = DIRECTION ( 'NONE',  ( 1.000000000000000000, 0.000000000000000000, 0.000000000000000000 ) ) ;
#4912 = DIRECTION ( 'NONE',  ( -0.7071067811865472397, -0.7071067811865479058, 0.000000000000000000 ) ) ;
#4913 = CARTESIAN_POINT ( 'NONE',  ( -0.5000000000000000000, -0.8859725650551555365, 6.000000000000000888 ) ) ;
#4914 = ADVANCED_FACE ( 'NONE', ( #1276 ), #3038, .F. ) ;
#4915 = LINE ( 'NONE', #936, #3988 ) ;
#4916 = CARTESIAN_POINT ( 'NONE',  ( 0.2796809344948132936, -0.8411992244580429601, 6.000000000000000888 ) ) ;
#4917 = CARTESIAN_POINT ( 'NONE',  ( 0.5000000000000001110, 0.6649749999999998717, 6.000000000000000888 ) ) ;
#4918 = CARTESIAN_POINT ( 'NONE',  ( -1.708498649160620184E-17, -0.5000000000000000000, 6.000000000000000888 ) ) ;
#4919 = ORIENTED_EDGE ( 'NONE', *, *, #1452, .F. ) ;
#4920 = FACE_OUTER_BOUND ( 'NONE', #5204, .T. ) ;
#4921 = ORIENTED_EDGE ( 'NONE', *, *, #75, .T. ) ;
#4922 = DIRECTION ( 'NONE',  ( -1.000000000000000000, 1.046685055043767026E-14, 0.000000000000000000 ) ) ;
#4923 = ORIENTED_EDGE ( 'NONE', *, *, #5068, .F. ) ;
#4924 = FACE_OUTER_BOUND ( 'NONE', #440, .T. ) ;
#4925 = DIRECTION ( 'NONE',  ( 1.000000000000000000, -5.853698660590358146E-16, 0.000000000000000000 ) ) ;
#4926 = VECTOR ( 'NONE', #2774, 39.37007874015748143 ) ;
#4927 = ORIENTED_EDGE ( 'NONE', *, *, #3607, .T. ) ;
#4928 = ORIENTED_EDGE ( 'NONE', *, *, #2838, .F. ) ;
#4929 = ORIENTED_EDGE ( 'NONE', *, *, #4687, .F. ) ;
#4930 = CARTESIAN_POINT ( 'NONE',  ( -0.3709400794764278753, 0.7499400794764283784, 6.000000000000000888 ) ) ;
#4931 = ADVANCED_FACE ( 'NONE', ( #30 ), #4818, .F. ) ;
#4932 = AXIS2_PLACEMENT_3D ( 'NONE', #4752, #371, #1646 ) ;
#4933 = ORIENTED_EDGE ( 'NONE', *, *, #5227, .F. ) ;
#4934 = LINE ( 'NONE', #4992, #1597 ) ;
#4935 = ORIENTED_EDGE ( 'NONE', *, *, #3709, .T. ) ;
#4936 = DIRECTION ( 'NONE',  ( 0.000000000000000000, 0.000000000000000000, -1.000000000000000000 ) ) ;
#4937 = CARTESIAN_POINT ( 'NONE',  ( 0.4129999999999999227, -0.01647256505515531932, -6.000000000000000888 ) ) ;
#4938 = CARTESIAN_POINT ( 'NONE',  ( 0.1649749999999999550, 0.9129999999999999227, -6.000000000000000888 ) ) ;
#4939 = ADVANCED_FACE ( 'NONE', ( #5243 ), #5705, .T. ) ;
#4940 = ADVANCED_FACE ( 'NONE', ( #1070 ), #521, .F. ) ;
#4941 = ADVANCED_FACE ( 'NONE', ( #2325 ), #2406, .F. ) ;
#4942 = ORIENTED_EDGE ( 'NONE', *, *, #2559, .T. ) ;
#4943 = DIRECTION ( 'NONE',  ( 1.000000000000000000, -2.926849330295178580E-16, 0.000000000000000000 ) ) ;
#4944 = CARTESIAN_POINT ( 'NONE',  ( 0.1280000000000000027, -0.9499750000000000139, 6.000000000000000888 ) ) ;
#4945 = CARTESIAN_POINT ( 'NONE',  ( -1.708498649160620184E-17, -0.5000000000000000000, 6.000000000000000888 ) ) ;
#4946 = CYLINDRICAL_SURFACE ( 'NONE', #1138, 0.04205992052357206135 ) ;
#4947 = EDGE_CURVE ( 'NONE', #3748, #2328, #1445, .T. ) ;
#4948 = ORIENTED_EDGE ( 'NONE', *, *, #1502, .T. ) ;
#4949 = CARTESIAN_POINT ( 'NONE',  ( -0.5000000000000000000, -0.07052743494484452202, 6.000000000000000888 ) ) ;
#4950 = CIRCLE ( 'NONE', #712, 0.03697500000000002174 ) ;
#4951 = ORIENTED_EDGE ( 'NONE', *, *, #5294, .F. ) ;
#4952 = CYLINDRICAL_SURFACE ( 'NONE', #1216, 0.03697499999999995235 ) ;
#4953 = VERTEX_POINT ( 'NONE', #3179 ) ;
#4954 = DESIGN_CONTEXT ( 'detailed design', #1924, 'design' ) ;
#4955 = FACE_OUTER_BOUND ( 'NONE', #3982, .T. ) ;
#4956 = CARTESIAN_POINT ( 'NONE',  ( 0.1649749999999999550, 0.9630250000000000199, 6.000000000000000888 ) ) ;
#4957 = VECTOR ( 'NONE', #5672, 39.37007874015748143 ) ;
#4958 = ORIENTED_EDGE ( 'NONE', *, *, #3190, .F. ) ;
#4959 = VECTOR ( 'NONE', #3102, 39.37007874015748143 ) ;
#4960 = ORIENTED_EDGE ( 'NONE', *, *, #428, .F. ) ;
#4961 = VECTOR ( 'NONE', #5481, 39.37007874015748143 ) ;
#4962 = VERTEX_POINT ( 'NONE', #4558 ) ;
#4963 = FACE_OUTER_BOUND ( 'NONE', #918, .T. ) ;
#4964 = VERTEX_POINT ( 'NONE', #4584 ) ;
#4965 = CYLINDRICAL_SURFACE ( 'NONE', #1495, 0.04205992052357206135 ) ;
#4966 = ORIENTED_EDGE ( 'NONE', *, *, #1533, .F. ) ;
#4967 = PLANE ( 'NONE',  #4311 ) ;
#4968 = CARTESIAN_POINT ( 'NONE',  ( 0.4077225650551554170, -1.000000000000000000, 6.000000000000000888 ) ) ;
#4969 = ORIENTED_EDGE ( 'NONE', *, *, #744, .F. ) ;
#4970 = EDGE_CURVE ( 'NONE', #4091, #423, #637, .T. ) ;
#4971 = EDGE_CURVE ( 'NONE', #4605, #3141, #4500, .T. ) ;
#4972 = CARTESIAN_POINT ( 'NONE',  ( -0.08519660197288733694, -0.6830000000000000515, 6.000000000000000888 ) ) ;
#4973 = CARTESIAN_POINT ( 'NONE',  ( 0.4129999999999999227, -0.01647256505515531932, 6.000000000000000888 ) ) ;
#4974 = CARTESIAN_POINT ( 'NONE',  ( 0.4499749999999999028, -0.3719999999999999973, 6.000000000000000888 ) ) ;
#4975 = DIRECTION ( 'NONE',  ( 0.000000000000000000, 0.000000000000000000, -1.000000000000000000 ) ) ;
#4976 = EDGE_LOOP ( 'NONE', ( #1819, #4958, #4877, #119 ) ) ;
#4977 = DIRECTION ( 'NONE',  ( -2.926849330295178087E-16, -1.000000000000000000, 0.000000000000000000 ) ) ;
#4978 = EDGE_CURVE ( 'NONE', #3900, #2778, #611, .T. ) ;
#4979 = ORIENTED_EDGE ( 'NONE', *, *, #181, .T. ) ;
#4980 = CARTESIAN_POINT ( 'NONE',  ( 0.5000000000000000000, 0.9077225650551554725, -6.000000000000000888 ) ) ;
#4981 = LINE ( 'NONE', #1089, #4759 ) ;
#4982 = PLANE ( 'NONE',  #5687 ) ;
#4983 = LINE ( 'NONE', #4096, #4926 ) ;
#4984 = EDGE_LOOP ( 'NONE', ( #5642, #4903, #2900, #89 ) ) ;
#4985 = EDGE_CURVE ( 'NONE', #5234, #896, #3690, .T. ) ;
#4986 = ORIENTED_EDGE ( 'NONE', *, *, #5471, .F. ) ;
#4987 = ORIENTED_EDGE ( 'NONE', *, *, #1703, .F. ) ;
#4988 = CARTESIAN_POINT ( 'NONE',  ( -0.1829999999999998572, -0.4148033980271126353, 6.000000000000000888 ) ) ;
#4989 = AXIS2_PLACEMENT_3D ( 'NONE', #78, #3114, #2686 ) ;
#4990 = AXIS2_PLACEMENT_3D ( 'NONE', #3411, #5546, #5572 ) ;
#4991 = ORIENTED_EDGE ( 'NONE', *, *, #1063, .F. ) ;
#4992 = CARTESIAN_POINT ( 'NONE',  ( -0.5000000000000000000, 0.8859725650551555365, -6.000000000000000888 ) ) ;
#4993 = ORIENTED_EDGE ( 'NONE', *, *, #252, .F. ) ;
#4994 = DIRECTION ( 'NONE',  ( 0.000000000000000000, 0.000000000000000000, -1.000000000000000000 ) ) ;
#4995 = AXIS2_PLACEMENT_3D ( 'NONE', #2943, #4319, #310 ) ;
#4996 = COORDINATED_UNIVERSAL_TIME_OFFSET ( 6, 0, .BEHIND. ) ;
#4997 = ORIENTED_EDGE ( 'NONE', *, *, #4143, .F. ) ;
#4998 = CIRCLE ( 'NONE', #490, 0.08760000000000003895 ) ;
#4999 = AXIS2_PLACEMENT_3D ( 'NONE', #244, #1987, #2791 ) ;
#5000 = CARTESIAN_POINT ( 'NONE',  ( 0.3411992244580428491, -0.2203190655051865676, 6.000000000000000888 ) ) ;
#5001 = CARTESIAN_POINT ( 'NONE',  ( 0.4129999999999999227, 0.2500599205235715661, 6.000000000000000888 ) ) ;
#5002 = CARTESIAN_POINT ( 'NONE',  ( 0.1279999999999999472, 0.9499750000000000139, -6.000000000000000888 ) ) ;
#5003 = CYLINDRICAL_SURFACE ( 'NONE', #4616, 0.02174999999999998115 ) ;
#5004 = EDGE_CURVE ( 'NONE', #3482, #4240, #203, .T. ) ;
#5005 = LINE ( 'NONE', #2852, #4162 ) ;
#5006 = VERTEX_POINT ( 'NONE', #4044 ) ;
#5007 = DIRECTION ( 'NONE',  ( 1.000000000000000000, 0.000000000000000000, 0.000000000000000000 ) ) ;
#5008 = PLANE ( 'NONE',  #3108 ) ;
#5009 = DIRECTION ( 'NONE',  ( -2.926849330295178580E-16, 1.000000000000000000, 0.000000000000000000 ) ) ;
#5010 = LINE ( 'NONE', #2884, #4468 ) ;
#5011 = EDGE_CURVE ( 'NONE', #2332, #1992, #3954, .T. ) ;
#5012 = ORIENTED_EDGE ( 'NONE', *, *, #5320, .F. ) ;
#5013 = ORIENTED_EDGE ( 'NONE', *, *, #1428, .T. ) ;
#5014 = ORIENTED_EDGE ( 'NONE', *, *, #3182, .F. ) ;
#5015 = CIRCLE ( 'NONE', #778, 0.08760000000000003895 ) ;
#5016 = CARTESIAN_POINT ( 'NONE',  ( 0.1471391560048289637, 0.2913425540319414808, 6.000000000000000888 ) ) ;
#5017 = ADVANCED_FACE ( 'NONE', ( #4963 ), #1532, .F. ) ;
#5018 = ORIENTED_EDGE ( 'NONE', *, *, #2092, .T. ) ;
#5019 = CIRCLE ( 'NONE', #2456, 0.02174999999999998115 ) ;
#5020 = PLANE ( 'NONE',  #1690 ) ;
#5021 = VERTEX_POINT ( 'NONE', #5364 ) ;
#5022 = DIRECTION ( 'NONE',  ( -0.000000000000000000, -0.000000000000000000, -1.000000000000000000 ) ) ;
#5023 = ORIENTED_EDGE ( 'NONE', *, *, #4565, .F. ) ;
#5024 = CARTESIAN_POINT ( 'NONE',  ( -0.1279999999999999472, 0.9499750000000000139, 6.000000000000000888 ) ) ;
#5025 = DIRECTION ( 'NONE',  ( -1.000000000000000000, 0.000000000000000000, 0.000000000000000000 ) ) ;
#5026 = FACE_OUTER_BOUND ( 'NONE', #2523, .T. ) ;
#5027 = DIRECTION ( 'NONE',  ( 0.000000000000000000, -0.000000000000000000, 1.000000000000000000 ) ) ;
#5028 = CARTESIAN_POINT ( 'NONE',  ( -0.4630250000000000199, 0.3350250000000000727, -6.000000000000000888 ) ) ;
#5029 = ORIENTED_EDGE ( 'NONE', *, *, #3019, .T. ) ;
#5030 = DIRECTION ( 'NONE',  ( -0.000000000000000000, -0.000000000000000000, -1.000000000000000000 ) ) ;
#5031 = DIRECTION ( 'NONE',  ( 0.7071067811865472397, -0.7071067811865479058, 0.000000000000000000 ) ) ;
#5032 = DIRECTION ( 'NONE',  ( -0.000000000000000000, -0.000000000000000000, -1.000000000000000000 ) ) ;
#5033 = CARTESIAN_POINT ( 'NONE',  ( -0.1649749999999999550, -0.9129999999999999227, 6.000000000000000888 ) ) ;
#5034 = ORIENTED_EDGE ( 'NONE', *, *, #3741, .T. ) ;
#5035 = AXIS2_PLACEMENT_3D ( 'NONE', #707, #3279, #2423 ) ;
#5036 = ADVANCED_FACE ( 'NONE', ( #982 ), #1858, .F. ) ;
#5037 = ORIENTED_EDGE ( 'NONE', *, *, #2731, .F. ) ;
#5038 = VERTEX_POINT ( 'NONE', #2355 ) ;
#5039 = DIRECTION ( 'NONE',  ( 1.000000000000000000, 0.000000000000000000, 0.000000000000000000 ) ) ;
#5040 = CIRCLE ( 'NONE', #2639, 0.08760000000000003895 ) ;
#5041 = ORIENTED_EDGE ( 'NONE', *, *, #1785, .T. ) ;
#5042 = AXIS2_PLACEMENT_3D ( 'NONE', #4134, #1050, #4157 ) ;
#5043 = DIRECTION ( 'NONE',  ( 1.000000000000000000, 0.000000000000000000, 0.000000000000000000 ) ) ;
#5044 = EDGE_CURVE ( 'NONE', #1621, #1011, #3233, .T. ) ;
#5045 = ORIENTED_EDGE ( 'NONE', *, *, #3849, .T. ) ;
#5046 = FACE_OUTER_BOUND ( 'NONE', #1358, .T. ) ;
#5047 = DATE_AND_TIME ( #3753, #2573 ) ;
#5048 = AXIS2_PLACEMENT_3D ( 'NONE', #2496, #5071, #2898 ) ;
#5049 = EDGE_LOOP ( 'NONE', ( #3833, #2858, #2378, #3866 ) ) ;
#5050 = VECTOR ( 'NONE', #1177, 39.37007874015748143 ) ;
#5051 = DIRECTION ( 'NONE',  ( -1.000000000000000000, 0.000000000000000000, 0.000000000000000000 ) ) ;
#5052 = EDGE_CURVE ( 'NONE', #3236, #4379, #1505, .T. ) ;
#5053 = CARTESIAN_POINT ( 'NONE',  ( -0.1279999999999999472, -0.9499750000000000139, 6.000000000000000888 ) ) ;
#5054 = FACE_OUTER_BOUND ( 'NONE', #2775, .T. ) ;
#5055 = CARTESIAN_POINT ( 'NONE',  ( -0.5000000000000001110, 0.6649749999999998717, 6.000000000000000888 ) ) ;
#5056 = CARTESIAN_POINT ( 'NONE',  ( 0.1024999999999999800, 0.5000000000000000000, 6.000000000000000888 ) ) ;
#5057 = ORIENTED_EDGE ( 'NONE', *, *, #5493, .F. ) ;
#5058 = DIRECTION ( 'NONE',  ( -0.000000000000000000, -0.000000000000000000, -1.000000000000000000 ) ) ;
#5059 = CARTESIAN_POINT ( 'NONE',  ( 0.2086574459680583804, 0.6471391560048290748, 6.000000000000000888 ) ) ;
#5060 = LINE ( 'NONE', #5494, #3183 ) ;
#5061 = VERTEX_POINT ( 'NONE', #1419 ) ;
#5062 = EDGE_LOOP ( 'NONE', ( #619, #16, #2137, #566 ) ) ;
#5063 = ORIENTED_EDGE ( 'NONE', *, *, #931, .T. ) ;
#5064 = DIRECTION ( 'NONE',  ( -0.000000000000000000, 0.000000000000000000, -1.000000000000000000 ) ) ;
#5065 = FACE_OUTER_BOUND ( 'NONE', #4384, .T. ) ;
#5066 = EDGE_CURVE ( 'NONE', #4418, #2438, #1187, .T. ) ;
#5067 = ORIENTED_EDGE ( 'NONE', *, *, #3087, .F. ) ;
#5068 = EDGE_CURVE ( 'NONE', #4003, #155, #4103, .T. ) ;
#5069 = DIRECTION ( 'NONE',  ( -0.7071067811865472397, -0.7071067811865479058, 0.000000000000000000 ) ) ;
#5070 = ORIENTED_EDGE ( 'NONE', *, *, #4202, .F. ) ;
#5071 = DIRECTION ( 'NONE',  ( -0.000000000000000000, -0.000000000000000000, -1.000000000000000000 ) ) ;
#5072 = PERSON_AND_ORGANIZATION_ROLE ( 'creator' ) ;
#5073 = AXIS2_PLACEMENT_3D ( 'NONE', #439, #2210, #5276 ) ;
#5074 = VECTOR ( 'NONE', #344, 39.37007874015748143 ) ;
#5075 = EDGE_LOOP ( 'NONE', ( #238, #1594, #5149, #4386 ) ) ;
#5076 = ADVANCED_FACE ( 'NONE', ( #1917 ), #5445, .F. ) ;
#5077 = VECTOR ( 'NONE', #5069, 39.37007874015748143 ) ;
#5078 = AXIS2_PLACEMENT_3D ( 'NONE', #4288, #336, #2110 ) ;
#5079 = DIRECTION ( 'NONE',  ( 0.000000000000000000, -1.000000000000000000, 0.000000000000000000 ) ) ;
#5080 = DIRECTION ( 'NONE',  ( 0.7071067811865479058, 0.7071067811865472397, 0.000000000000000000 ) ) ;
#5081 = CARTESIAN_POINT ( 'NONE',  ( -0.4289532336714965144, -0.9952754672079547893, -6.000000000000000888 ) ) ;
#5082 = LINE ( 'NONE', #4571, #3433 ) ;
#5083 = CIRCLE ( 'NONE', #392, 0.03697499999999995235 ) ;
#5084 = VECTOR ( 'NONE', #2279, 39.37007874015748143 ) ;
#5085 = ADVANCED_FACE ( 'NONE', ( #3772 ), #5095, .F. ) ;
#5086 = CARTESIAN_POINT ( 'NONE',  ( -0.1471391560048289637, -0.7086574459680585747, 6.000000000000000888 ) ) ;
#5087 = EDGE_LOOP ( 'NONE', ( #3012, #5322, #1798, #3210 ) ) ;
#5088 = CARTESIAN_POINT ( 'NONE',  ( 0.1829999999999998572, 0.4148033980271126353, -6.000000000000000888 ) ) ;
#5089 = VECTOR ( 'NONE', #3526, 39.37007874015748143 ) ;
#5090 = CARTESIAN_POINT ( 'NONE',  ( 0.2499400794764282951, 0.9130000000000000338, 6.000000000000000888 ) ) ;
#5091 = DIRECTION ( 'NONE',  ( 1.000000000000000000, 0.000000000000000000, 0.000000000000000000 ) ) ;
#5092 = ORIENTED_EDGE ( 'NONE', *, *, #4655, .T. ) ;
#5093 = ORIENTED_EDGE ( 'NONE', *, *, #4581, .T. ) ;
#5094 = ORIENTED_EDGE ( 'NONE', *, *, #530, .F. ) ;
#5095 = CYLINDRICAL_SURFACE ( 'NONE', #3131, 0.04205992052357206135 ) ;
#5096 = DIRECTION ( 'NONE',  ( 1.000000000000000000, 0.000000000000000000, 0.000000000000000000 ) ) ;
#5097 = EDGE_LOOP ( 'NONE', ( #5407, #59, #5070, #2108 ) ) ;
#5098 = CARTESIAN_POINT ( 'NONE',  ( -0.1649749999999999550, 0.9499750000000000139, -6.000000000000000888 ) ) ;
#5099 = VERTEX_POINT ( 'NONE', #5584 ) ;
#5100 = CARTESIAN_POINT ( 'NONE',  ( -0.1280000000000000027, 0.9630250000000000199, 6.000000000000000888 ) ) ;
#5101 = EDGE_CURVE ( 'NONE', #231, #57, #1653, .T. ) ;
#5102 = ORIENTED_EDGE ( 'NONE', *, *, #3319, .F. ) ;
#5103 = CARTESIAN_POINT ( 'NONE',  ( 0.5000000000000000000, 0.7281900794764283313, -6.000000000000000888 ) ) ;
#5104 = EDGE_CURVE ( 'NONE', #3751, #3063, #1671, .T. ) ;
#5105 = DIRECTION ( 'NONE',  ( -0.000000000000000000, 0.000000000000000000, -1.000000000000000000 ) ) ;
#5106 = ADVANCED_FACE ( 'NONE', ( #3828 ), #3343, .F. ) ;
#5107 = CARTESIAN_POINT ( 'NONE',  ( -0.1829999999999998572, 0.4148033980271126353, -6.000000000000000888 ) ) ;
#5108 = AXIS2_PLACEMENT_3D ( 'NONE', #3072, #2186, #4452 ) ;
#5109 = LINE ( 'NONE', #2587, #3881 ) ;
#5110 = PLANE ( 'NONE',  #5366 ) ;
#5111 = VERTEX_POINT ( 'NONE', #2113 ) ;
#5112 = DIRECTION ( 'NONE',  ( -0.000000000000000000, -0.000000000000000000, -1.000000000000000000 ) ) ;
#5113 = ADVANCED_FACE ( 'NONE', ( #2918 ), #4664, .T. ) ;
#5114 = LINE ( 'NONE', #5144, #2660 ) ;
#5115 = UNCERTAINTY_MEASURE_WITH_UNIT (LENGTH_MEASURE( 1.000000000000000082E-05 ), #5374, 'distance_accuracy_value', 'NONE');
#5116 = DIRECTION ( 'NONE',  ( -1.000000000000000000, 0.000000000000000000, 0.000000000000000000 ) ) ;
#5117 = ORIENTED_EDGE ( 'NONE', *, *, #2067, .F. ) ;
#5118 = CARTESIAN_POINT ( 'NONE',  ( 0.3709400794764278753, 0.7499400794764283784, -6.000000000000000888 ) ) ;
#5119 = ORIENTED_EDGE ( 'NONE', *, *, #8, .F. ) ;
#5120 = ORIENTED_EDGE ( 'NONE', *, *, #3312, .F. ) ;
#5121 = DIRECTION ( 'NONE',  ( 0.000000000000000000, 0.000000000000000000, 1.000000000000000000 ) ) ;
#5122 = CARTESIAN_POINT ( 'NONE',  ( -0.2086574459680583804, 0.6471391560048290748, 6.000000000000000888 ) ) ;
#5123 = VERTEX_POINT ( 'NONE', #2489 ) ;
#5124 = DIRECTION ( 'NONE',  ( 0.000000000000000000, 1.000000000000000000, 0.000000000000000000 ) ) ;
#5125 = LINE ( 'NONE', #4641, #2882 ) ;
#5126 = CIRCLE ( 'NONE', #4857, 0.02174999999999998115 ) ;
#5127 = VERTEX_POINT ( 'NONE', #3861 ) ;
#5128 = DIRECTION ( 'NONE',  ( 1.000000000000000000, -5.853698660590359132E-16, 0.000000000000000000 ) ) ;
#5129 = AXIS2_PLACEMENT_3D ( 'NONE', #3545, #3031, #893 ) ;
#5130 = ORIENTED_EDGE ( 'NONE', *, *, #1147, .F. ) ;
#5131 = LINE ( 'NONE', #3757, #4819 ) ;
#5132 = LINE ( 'NONE', #2957, #4592 ) ;
#5133 = LOCAL_TIME ( 11, 38, 20.00000000000000000, #559 ) ;
#5134 = AXIS2_PLACEMENT_3D ( 'NONE', #2410, #617, #1512 ) ;
#5135 = LINE ( 'NONE', #326, #142 ) ;
#5136 = FACE_OUTER_BOUND ( 'NONE', #2889, .T. ) ;
#5137 = CARTESIAN_POINT ( 'NONE',  ( 0.3411992244580428491, 0.7796809344948134601, 6.000000000000000888 ) ) ;
#5138 = ADVANCED_FACE ( 'NONE', ( #4638 ), #1097, .F. ) ;
#5139 = ADVANCED_FACE ( 'NONE', ( #772 ), #3399, .F. ) ;
#5140 = CIRCLE ( 'NONE', #1099, 0.02175000000000001238 ) ;
#5141 = DIRECTION ( 'NONE',  ( -1.000000000000000000, 1.607629870117495978E-15, 0.000000000000000000 ) ) ;
#5142 = ORIENTED_EDGE ( 'NONE', *, *, #4970, .F. ) ;
#5143 = DIRECTION ( 'NONE',  ( -0.000000000000000000, 0.000000000000000000, 1.000000000000000000 ) ) ;
#5144 = CARTESIAN_POINT ( 'NONE',  ( -0.1471391560048289637, -0.2913425540319414808, 6.000000000000000888 ) ) ;
#5145 = DIRECTION ( 'NONE',  ( -0.000000000000000000, 0.000000000000000000, -1.000000000000000000 ) ) ;
#5146 = ORIENTED_EDGE ( 'NONE', *, *, #1988, .F. ) ;
#5147 = EDGE_CURVE ( 'NONE', #1143, #4116, #5612, .T. ) ;
#5148 = CARTESIAN_POINT ( 'NONE',  ( -0.08519660197288733694, -0.6830000000000000515, -6.000000000000000888 ) ) ;
#5149 = ORIENTED_EDGE ( 'NONE', *, *, #1775, .T. ) ;
#5150 = ORIENTED_EDGE ( 'NONE', *, *, #2942, .F. ) ;
#5151 = CARTESIAN_POINT ( 'NONE',  ( -0.4499749999999999028, 0.3719999999999999973, -6.000000000000000888 ) ) ;
#5152 = FACE_OUTER_BOUND ( 'NONE', #2032, .T. ) ;
#5153 = ORIENTED_EDGE ( 'NONE', *, *, #1889, .T. ) ;
#5154 = ADVANCED_FACE ( 'NONE', ( #2974 ), #688, .F. ) ;
#5155 = DIRECTION ( 'NONE',  ( -1.000000000000000000, 0.000000000000000000, 0.000000000000000000 ) ) ;
#5156 = PLANE ( 'NONE',  #1585 ) ;
#5157 = ORIENTED_EDGE ( 'NONE', *, *, #1625, .F. ) ;
#5158 = FACE_OUTER_BOUND ( 'NONE', #1171, .T. ) ;
#5159 = EDGE_LOOP ( 'NONE', ( #3736, #1148, #4864, #2720 ) ) ;
#5160 = DIRECTION ( 'NONE',  ( 0.000000000000000000, -1.000000000000000000, 0.000000000000000000 ) ) ;
#5161 = LINE ( 'NONE', #2126, #5597 ) ;
#5162 = VECTOR ( 'NONE', #5660, 39.37007874015748143 ) ;
#5163 = CARTESIAN_POINT ( 'NONE',  ( 0.1471391560048289637, 0.7086574459680585747, -6.000000000000000888 ) ) ;
#5164 = CARTESIAN_POINT ( 'NONE',  ( 0.2281900794764282203, -1.000000000000000000, -6.000000000000000888 ) ) ;
#5165 = CARTESIAN_POINT ( 'NONE',  ( -0.2705999999999998962, 0.5851966019728873647, -6.000000000000000888 ) ) ;
#5166 = CIRCLE ( 'NONE', #3421, 0.02174999999999998115 ) ;
#5167 = CIRCLE ( 'NONE', #2883, 0.02174999999999998115 ) ;
#5168 = LINE ( 'NONE', #2679, #3162 ) ;
#5169 = CARTESIAN_POINT ( 'NONE',  ( -0.4499749999999999028, -0.3719999999999999973, 6.000000000000000888 ) ) ;
#5170 = FACE_OUTER_BOUND ( 'NONE', #86, .T. ) ;
#5171 = VECTOR ( 'NONE', #4340, 39.37007874015748143 ) ;
#5172 = VECTOR ( 'NONE', #130, 39.37007874015748143 ) ;
#5173 = EDGE_CURVE ( 'NONE', #3972, #1539, #2543, .T. ) ;
#5174 = DIRECTION ( 'NONE',  ( -0.000000000000000000, 0.000000000000000000, -1.000000000000000000 ) ) ;
#5175 = ORIENTED_EDGE ( 'NONE', *, *, #1037, .T. ) ;
#5176 = VECTOR ( 'NONE', #5080, 39.37007874015748143 ) ;
#5177 = AXIS2_PLACEMENT_3D ( 'NONE', #4449, #4390, #2640 ) ;
#5178 = FACE_OUTER_BOUND ( 'NONE', #1619, .T. ) ;
#5179 = ORIENTED_EDGE ( 'NONE', *, *, #1623, .T. ) ;
#5180 = ORIENTED_EDGE ( 'NONE', *, *, #1569, .T. ) ;
#5181 = DIRECTION ( 'NONE',  ( -0.000000000000000000, -0.000000000000000000, -1.000000000000000000 ) ) ;
#5182 = CARTESIAN_POINT ( 'NONE',  ( -0.5000000000000001110, -0.7499400794764282674, -6.000000000000000888 ) ) ;
#5183 = VECTOR ( 'NONE', #4088, 39.37007874015748143 ) ;
#5184 = EDGE_CURVE ( 'NONE', #402, #991, #1930, .T. ) ;
#5185 = ORIENTED_EDGE ( 'NONE', *, *, #1395, .F. ) ;
#5186 = FACE_OUTER_BOUND ( 'NONE', #4185, .T. ) ;
#5187 = PLANE ( 'NONE',  #1313 ) ;
#5188 = ORIENTED_EDGE ( 'NONE', *, *, #5670, .F. ) ;
#5189 = DIRECTION ( 'NONE',  ( -0.000000000000000000, -0.000000000000000000, -1.000000000000000000 ) ) ;
#5190 = EDGE_CURVE ( 'NONE', #5123, #2192, #2433, .T. ) ;
#5191 = ORIENTED_EDGE ( 'NONE', *, *, #3212, .T. ) ;
#5192 = VECTOR ( 'NONE', #5356, 39.37007874015748143 ) ;
#5193 = CYLINDRICAL_SURFACE ( 'NONE', #104, 0.02174999999999998115 ) ;
#5194 = CARTESIAN_POINT ( 'NONE',  ( 2.731847993664263218E-16, 0.6830000000000000515, 6.000000000000000888 ) ) ;
#5195 = DIRECTION ( 'NONE',  ( -0.000000000000000000, -0.000000000000000000, -1.000000000000000000 ) ) ;
#5196 = CARTESIAN_POINT ( 'NONE',  ( 0.3411992244580428491, -0.2203190655051865676, 6.000000000000000888 ) ) ;
#5197 = AXIS2_PLACEMENT_3D ( 'NONE', #4200, #5522, #1577 ) ;
#5198 = DIRECTION ( 'NONE',  ( -0.000000000000000000, 0.000000000000000000, 1.000000000000000000 ) ) ;
#5199 = LINE ( 'NONE', #1691, #118 ) ;
#5200 = CIRCLE ( 'NONE', #2733, 0.03697499999999995235 ) ;
#5201 = CARTESIAN_POINT ( 'NONE',  ( -0.4077225650551554170, -1.000000000000000000, 6.000000000000000888 ) ) ;
#5202 = CARTESIAN_POINT ( 'NONE',  ( 0.5000000000000001110, 0.6649749999999998717, 6.000000000000000888 ) ) ;
#5203 = FACE_OUTER_BOUND ( 'NONE', #4528, .T. ) ;
#5204 = EDGE_LOOP ( 'NONE', ( #4810, #228, #715, #2352 ) ) ;
#5205 = ORIENTED_EDGE ( 'NONE', *, *, #1807, .F. ) ;
#5206 = CARTESIAN_POINT ( 'NONE',  ( 0.5000000000000000000, -0.7281900794764283313, 6.000000000000000888 ) ) ;
#5207 = ORIENTED_EDGE ( 'NONE', *, *, #460, .T. ) ;
#5208 = VERTEX_POINT ( 'NONE', #233 ) ;
#5209 = LINE ( 'NONE', #833, #1085 ) ;
#5210 = CARTESIAN_POINT ( 'NONE',  ( 0.4077225650551554170, -1.000000000000000000, -6.000000000000000888 ) ) ;
#5211 = ORIENTED_EDGE ( 'NONE', *, *, #5676, .T. ) ;
#5212 = EDGE_CURVE ( 'NONE', #2192, #4123, #2001, .T. ) ;
#5213 = CARTESIAN_POINT ( 'NONE',  ( 0.5000000000000001110, 0.6649749999999998717, -6.000000000000000888 ) ) ;
#5214 = VERTEX_POINT ( 'NONE', #3745 ) ;
#5215 = DIRECTION ( 'NONE',  ( -0.000000000000000000, 0.000000000000000000, -1.000000000000000000 ) ) ;
#5216 = VECTOR ( 'NONE', #3598, 39.37007874015748143 ) ;
#5217 = ORIENTED_EDGE ( 'NONE', *, *, #1307, .F. ) ;
#5218 = EDGE_CURVE ( 'NONE', #4718, #5550, #4692, .T. ) ;
#5219 = VECTOR ( 'NONE', #1870, 39.37007874015748143 ) ;
#5220 = CARTESIAN_POINT ( 'NONE',  ( -0.1280000000000000027, -0.9630250000000000199, 6.000000000000000888 ) ) ;
#5221 = LINE ( 'NONE', #906, #2940 ) ;
#5222 = DIRECTION ( 'NONE',  ( -0.000000000000000000, 0.000000000000000000, -1.000000000000000000 ) ) ;
#5223 = CARTESIAN_POINT ( 'NONE',  ( -0.4077225650551554170, -1.000000000000000000, -6.000000000000000888 ) ) ;
#5224 = CIRCLE ( 'NONE', #5129, 0.1016812500000000008 ) ;
#5225 = DIRECTION ( 'NONE',  ( 1.000000000000000000, 0.000000000000000000, 0.000000000000000000 ) ) ;
#5226 = EDGE_CURVE ( 'NONE', #5496, #3986, #1558, .T. ) ;
#5227 = EDGE_CURVE ( 'NONE', #4045, #5302, #801, .T. ) ;
#5228 = VECTOR ( 'NONE', #589, 39.37007874015748143 ) ;
#5229 = CARTESIAN_POINT ( 'NONE',  ( 0.1471391560048289637, -0.7086574459680585747, -6.000000000000000888 ) ) ;
#5230 = CYLINDRICAL_SURFACE ( 'NONE', #5365, 0.08760000000000003895 ) ;
#5231 = CARTESIAN_POINT ( 'NONE',  ( -0.4066295724908073339, 0.03185213754596270125, -6.000000000000000888 ) ) ;
#5232 = CARTESIAN_POINT ( 'NONE',  ( -0.5000000000000000000, -0.1140274349448444774, -6.000000000000000888 ) ) ;
#5233 = VECTOR ( 'NONE', #5189, 39.37007874015748143 ) ;
#5234 = VERTEX_POINT ( 'NONE', #3484 ) ;
#5235 = PLANE ( 'NONE',  #1873 ) ;
#5236 = ORIENTED_EDGE ( 'NONE', *, *, #1533, .T. ) ;
#5237 = ORIENTED_EDGE ( 'NONE', *, *, #1484, .F. ) ;
#5238 = DIRECTION ( 'NONE',  ( 1.000000000000000000, -1.046685055043766868E-14, 0.000000000000000000 ) ) ;
#5239 = CARTESIAN_POINT ( 'NONE',  ( 0.5000000000000000000, -0.7281900794764283313, -6.000000000000000888 ) ) ;
#5240 = ORIENTED_EDGE ( 'NONE', *, *, #2986, .F. ) ;
#5241 = LINE ( 'NONE', #3402, #5074 ) ;
#5242 = ORIENTED_EDGE ( 'NONE', *, *, #1383, .F. ) ;
#5243 = FACE_OUTER_BOUND ( 'NONE', #5538, .T. ) ;
#5244 = EDGE_CURVE ( 'NONE', #3664, #2782, #85, .T. ) ;
#5245 = ORIENTED_EDGE ( 'NONE', *, *, #429, .F. ) ;
#5246 = DIRECTION ( 'NONE',  ( 0.000000000000000000, -0.000000000000000000, 1.000000000000000000 ) ) ;
#5247 = ORIENTED_EDGE ( 'NONE', *, *, #3039, .T. ) ;
#5248 = CARTESIAN_POINT ( 'NONE',  ( -0.1471391560048289637, -0.7086574459680585747, 6.000000000000000888 ) ) ;
#5249 = CARTESIAN_POINT ( 'NONE',  ( -0.5000000000000000000, -0.9077225650551554725, 6.000000000000000888 ) ) ;
#5250 = DIRECTION ( 'NONE',  ( 1.000000000000000000, 0.000000000000000000, 0.000000000000000000 ) ) ;
#5251 = DIRECTION ( 'NONE',  ( -1.000000000000000000, 0.000000000000000000, 0.000000000000000000 ) ) ;
#5252 = EDGE_CURVE ( 'NONE', #4389, #3788, #1268, .T. ) ;
#5253 = DIRECTION ( 'NONE',  ( 0.7071067811865479058, -0.7071067811865472397, 0.000000000000000000 ) ) ;
#5254 = CARTESIAN_POINT ( 'NONE',  ( 0.4499749999999999028, -0.3719999999999999973, 6.000000000000000888 ) ) ;
#5255 = DIRECTION ( 'NONE',  ( 0.000000000000000000, 0.000000000000000000, 1.000000000000000000 ) ) ;
#5256 = DIRECTION ( 'NONE',  ( 0.7071067811865472397, 0.7071067811865479058, 0.000000000000000000 ) ) ;
#5257 = EDGE_CURVE ( 'NONE', #1610, #459, #549, .T. ) ;
#5258 = AXIS2_PLACEMENT_3D ( 'NONE', #1707, #2287, #5649 ) ;
#5259 = AXIS2_PLACEMENT_3D ( 'NONE', #4294, #1676, #5615 ) ;
#5260 = ORIENTED_EDGE ( 'NONE', *, *, #4661, .F. ) ;
#5261 = ORIENTED_EDGE ( 'NONE', *, *, #5285, .T. ) ;
#5262 = CARTESIAN_POINT ( 'NONE',  ( 0.1471391560048289637, 0.2913425540319414808, 6.000000000000000888 ) ) ;
#5263 = VECTOR ( 'NONE', #41, 39.37007874015748143 ) ;
#5264 = ORIENTED_EDGE ( 'NONE', *, *, #5004, .F. ) ;
#5265 = AXIS2_PLACEMENT_3D ( 'NONE', #2595, #2509, #3395 ) ;
#5266 = ORIENTED_EDGE ( 'NONE', *, *, #2864, .F. ) ;
#5267 = DIRECTION ( 'NONE',  ( 4.008152805398324415E-16, -1.000000000000000000, 0.000000000000000000 ) ) ;
#5268 = DIRECTION ( 'NONE',  ( -0.000000000000000000, 1.000000000000000000, -0.000000000000000000 ) ) ;
#5269 = AXIS2_PLACEMENT_3D ( 'NONE', #2909, #4657, #5007 ) ;
#5270 = CIRCLE ( 'NONE', #2154, 0.08760000000000003895 ) ;
#5271 = VERTEX_POINT ( 'NONE', #2263 ) ;
#5272 = ORIENTED_EDGE ( 'NONE', *, *, #3565, .T. ) ;
#5273 = ORIENTED_EDGE ( 'NONE', *, *, #108, .F. ) ;
#5274 = DIRECTION ( 'NONE',  ( -0.000000000000000000, 0.000000000000000000, 1.000000000000000000 ) ) ;
#5275 = ORIENTED_EDGE ( 'NONE', *, *, #1208, .F. ) ;
#5276 = DIRECTION ( 'NONE',  ( -1.000000000000000000, 0.000000000000000000, 0.000000000000000000 ) ) ;
#5277 = VERTEX_POINT ( 'NONE', #1241 ) ;
#5278 = LINE ( 'NONE', #933, #815 ) ;
#5279 = CARTESIAN_POINT ( 'NONE',  ( 0.4499749999999999028, -0.6280000000000000027, 6.000000000000000888 ) ) ;
#5280 = DIRECTION ( 'NONE',  ( 0.000000000000000000, 0.000000000000000000, -1.000000000000000000 ) ) ;
#5281 = DIRECTION ( 'NONE',  ( 0.000000000000000000, -0.000000000000000000, 1.000000000000000000 ) ) ;
#5282 = EDGE_CURVE ( 'NONE', #542, #1068, #2752, .T. ) ;
#5283 = EDGE_CURVE ( 'NONE', #129, #3511, #5224, .T. ) ;
#5284 = CARTESIAN_POINT ( 'NONE',  ( -0.5000000000000001110, -0.2500599205235717326, -6.000000000000000888 ) ) ;
#5285 = EDGE_CURVE ( 'NONE', #5038, #4197, #343, .T. ) ;
#5286 = AXIS2_PLACEMENT_3D ( 'NONE', #3033, #3426, #834 ) ;
#5287 = PLANE ( 'NONE',  #858 ) ;
#5288 = FACE_OUTER_BOUND ( 'NONE', #5290, .T. ) ;
#5289 = DIRECTION ( 'NONE',  ( -0.000000000000000000, -0.000000000000000000, 1.000000000000000000 ) ) ;
#5290 = EDGE_LOOP ( 'NONE', ( #554, #665, #2504, #2170 ) ) ;
#5291 = VECTOR ( 'NONE', #4881, 39.37007874015748143 ) ;
#5292 = EDGE_CURVE ( 'NONE', #5363, #22, #2572, .T. ) ;
#5293 = DIRECTION ( 'NONE',  ( -1.000000000000000000, 0.000000000000000000, 0.000000000000000000 ) ) ;
#5294 = EDGE_CURVE ( 'NONE', #980, #3824, #4671, .T. ) ;
#5295 = ORIENTED_EDGE ( 'NONE', *, *, #3740, .F. ) ;
#5296 = CARTESIAN_POINT ( 'NONE',  ( -0.5000000000000001110, 0.3350250000000000727, 6.000000000000000888 ) ) ;
#5297 = EDGE_LOOP ( 'NONE', ( #653, #3144, #3807, #1474 ) ) ;
#5298 = DIRECTION ( 'NONE',  ( 0.000000000000000000, -0.000000000000000000, 1.000000000000000000 ) ) ;
#5299 = CARTESIAN_POINT ( 'NONE',  ( 0.5000000000000000000, 0.1140274349448444774, -6.000000000000000888 ) ) ;
#5300 = VERTEX_POINT ( 'NONE', #2655 ) ;
#5301 = EDGE_CURVE ( 'NONE', #3860, #164, #5209, .T. ) ;
#5302 = VERTEX_POINT ( 'NONE', #4323 ) ;
#5303 = EDGE_CURVE ( 'NONE', #129, #4834, #3058, .T. ) ;
#5304 = ORIENTED_EDGE ( 'NONE', *, *, #3966, .F. ) ;
#5305 = DIRECTION ( 'NONE',  ( -1.000000000000000000, 0.000000000000000000, 0.000000000000000000 ) ) ;
#5306 = ORIENTED_EDGE ( 'NONE', *, *, #4552, .F. ) ;
#5307 = CARTESIAN_POINT ( 'NONE',  ( 0.5000000000000001110, -0.3350250000000000727, 6.000000000000000888 ) ) ;
#5308 = CIRCLE ( 'NONE', #2384, 0.02174999999999998115 ) ;
#5309 = ORIENTED_EDGE ( 'NONE', *, *, #3182, .T. ) ;
#5310 = DIRECTION ( 'NONE',  ( -0.7071067811865479058, 0.7071067811865472397, 0.000000000000000000 ) ) ;
#5311 = CARTESIAN_POINT ( 'NONE',  ( 0.4129999999999999227, 0.7499400794764283784, 6.000000000000000888 ) ) ;
#5312 = PERSON_AND_ORGANIZATION ( #693, #3576 ) ;
#5313 = FACE_OUTER_BOUND ( 'NONE', #289, .T. ) ;
#5314 = DIRECTION ( 'NONE',  ( -1.000000000000000000, 0.000000000000000000, 0.000000000000000000 ) ) ;
#5315 = DIRECTION ( 'NONE',  ( -1.000000000000000000, 0.000000000000000000, 0.000000000000000000 ) ) ;
#5316 = AXIS2_PLACEMENT_3D ( 'NONE', #4865, #370, #2171 ) ;
#5317 = CARTESIAN_POINT ( 'NONE',  ( 0.4129999999999999227, -0.2500599205235715661, -6.000000000000000888 ) ) ;
#5318 = VECTOR ( 'NONE', #1460, 39.37007874015748143 ) ;
#5319 = CARTESIAN_POINT ( 'NONE',  ( -0.1649749999999999550, 1.000000000000000000, 6.000000000000000888 ) ) ;
#5320 = EDGE_CURVE ( 'NONE', #206, #155, #3041, .T. ) ;
#5321 = EDGE_CURVE ( 'NONE', #814, #1047, #3479, .T. ) ;
#5322 = ORIENTED_EDGE ( 'NONE', *, *, #2910, .F. ) ;
#5323 = DIRECTION ( 'NONE',  ( 0.7071067811865479058, 0.7071067811865472397, 0.000000000000000000 ) ) ;
#5324 = ORIENTED_EDGE ( 'NONE', *, *, #4479, .T. ) ;
#5325 = LINE ( 'NONE', #5383, #2786 ) ;
#5326 = ORIENTED_EDGE ( 'NONE', *, *, #3747, .F. ) ;
#5327 = LINE ( 'NONE', #1912, #533 ) ;
#5328 = AXIS2_PLACEMENT_3D ( 'NONE', #3499, #500, #3556 ) ;
#5329 = DIRECTION ( 'NONE',  ( 1.000000000000000000, 2.926849330295178580E-16, 0.000000000000000000 ) ) ;
#5330 = EDGE_CURVE ( 'NONE', #5352, #4629, #4408, .T. ) ;
#5331 = ORIENTED_EDGE ( 'NONE', *, *, #3048, .F. ) ;
#5332 = AXIS2_PLACEMENT_3D ( 'NONE', #4473, #1974, #175 ) ;
#5333 = VERTEX_POINT ( 'NONE', #2630 ) ;
#5334 = ORIENTED_EDGE ( 'NONE', *, *, #828, .F. ) ;
#5335 = CYLINDRICAL_SURFACE ( 'NONE', #4321, 0.03697499999999995235 ) ;
#5336 = EDGE_CURVE ( 'NONE', #1120, #2000, #1727, .T. ) ;
#5337 = ORIENTED_EDGE ( 'NONE', *, *, #1078, .T. ) ;
#5338 = DIRECTION ( 'NONE',  ( 0.000000000000000000, 0.000000000000000000, 1.000000000000000000 ) ) ;
#5339 = ORIENTED_EDGE ( 'NONE', *, *, #3575, .T. ) ;
#5340 = FACE_OUTER_BOUND ( 'NONE', #5347, .T. ) ;
#5341 = DIRECTION ( 'NONE',  ( 0.7071067811865479058, -0.7071067811865472397, 0.000000000000000000 ) ) ;
#5342 = CARTESIAN_POINT ( 'NONE',  ( 2.731847993664263218E-16, -0.6830000000000000515, 6.000000000000000888 ) ) ;
#5343 = CARTESIAN_POINT ( 'NONE',  ( 0.4129999999999999227, 0.01647256505515531932, -6.000000000000000888 ) ) ;
#5344 = DIRECTION ( 'NONE',  ( 1.000000000000000000, 0.000000000000000000, 0.000000000000000000 ) ) ;
#5345 = CARTESIAN_POINT ( 'NONE',  ( -0.4630250000000000199, -0.3350250000000000727, 6.000000000000000888 ) ) ;
#5346 = PLANE ( 'NONE',  #1890 ) ;
#5347 = EDGE_LOOP ( 'NONE', ( #1015, #5157, #3224, #2167 ) ) ;
#5348 = PLANE ( 'NONE',  #4716 ) ;
#5349 = VERTEX_POINT ( 'NONE', #1297 ) ;
#5350 = DIRECTION ( 'NONE',  ( 0.000000000000000000, 0.000000000000000000, 1.000000000000000000 ) ) ;
#5351 = EDGE_CURVE ( 'NONE', #2661, #3461, #68, .T. ) ;
#5352 = VERTEX_POINT ( 'NONE', #2198 ) ;
#5353 = AXIS2_PLACEMENT_3D ( 'NONE', #4648, #698, #324 ) ;
#5354 = CARTESIAN_POINT ( 'NONE',  ( -0.1649749999999999550, 1.000000000000000000, -6.000000000000000888 ) ) ;
#5355 = AXIS2_PLACEMENT_3D ( 'NONE', #4786, #317, #779 ) ;
#5356 = DIRECTION ( 'NONE',  ( -0.000000000000000000, 0.000000000000000000, -1.000000000000000000 ) ) ;
#5357 = ORIENTED_EDGE ( 'NONE', *, *, #1710, .T. ) ;
#5358 = AXIS2_PLACEMENT_3D ( 'NONE', #485, #2261, #1818 ) ;
#5359 = CIRCLE ( 'NONE', #4253, 0.08760000000000003895 ) ;
#5360 = ADVANCED_FACE ( 'NONE', ( #3947 ), #3513, .F. ) ;
#5361 = ORIENTED_EDGE ( 'NONE', *, *, #3195, .T. ) ;
#5362 = ADVANCED_FACE ( 'NONE', ( #3976 ), #23, .F. ) ;
#5363 = VERTEX_POINT ( 'NONE', #5354 ) ;
#5364 = CARTESIAN_POINT ( 'NONE',  ( 0.1280000000000000027, 0.9630250000000000199, -6.000000000000000888 ) ) ;
#5365 = AXIS2_PLACEMENT_3D ( 'NONE', #5576, #5630, #2589 ) ;
#5366 = AXIS2_PLACEMENT_3D ( 'NONE', #5574, #1630, #5141 ) ;
#5367 = EDGE_LOOP ( 'NONE', ( #4979, #4290, #1977, #3467 ) ) ;
#5368 = VECTOR ( 'NONE', #4275, 39.37007874015748143 ) ;
#5369 = CARTESIAN_POINT ( 'NONE',  ( -0.4129999999999999227, 0.2500599205235715661, 6.000000000000000888 ) ) ;
#5370 = ADVANCED_FACE ( 'NONE', ( #196 ), #1411, .F. ) ;
#5371 = ORIENTED_EDGE ( 'NONE', *, *, #1253, .T. ) ;
#5372 = CARTESIAN_POINT ( 'NONE',  ( -0.5000000000000001110, -0.2500599205235717326, 6.000000000000000888 ) ) ;
#5373 = CARTESIAN_POINT ( 'NONE',  ( -0.4952754672079547893, 0.9289532336714965144, -6.000000000000000888 ) ) ;
#5374 =( CONVERSION_BASED_UNIT ( 'INCH', #2244 ) LENGTH_UNIT ( ) NAMED_UNIT ( #45 ) );
#5375 = ORIENTED_EDGE ( 'NONE', *, *, #3850, .T. ) ;
#5376 = FACE_BOUND ( 'NONE', #3123, .T. ) ;
#5377 = CARTESIAN_POINT ( 'NONE',  ( 0.5000000000000000000, 0.8859725650551555365, 6.000000000000000888 ) ) ;
#5378 = DIRECTION ( 'NONE',  ( -1.000000000000000000, 2.926849330295178580E-16, 0.000000000000000000 ) ) ;
#5379 = DIRECTION ( 'NONE',  ( -0.000000000000000000, 0.000000000000000000, -1.000000000000000000 ) ) ;
#5380 = ORIENTED_EDGE ( 'NONE', *, *, #2473, .F. ) ;
#5381 = PLANE ( 'NONE',  #3423 ) ;
#5382 = ORIENTED_EDGE ( 'NONE', *, *, #2626, .F. ) ;
#5383 = CARTESIAN_POINT ( 'NONE',  ( -0.2499400794764282119, -1.000000000000000000, -6.000000000000000888 ) ) ;
#5384 = ORIENTED_EDGE ( 'NONE', *, *, #3282, .T. ) ;
#5385 = CARTESIAN_POINT ( 'NONE',  ( 0.4499749999999999028, 0.3719999999999999973, -6.000000000000000888 ) ) ;
#5386 = PLANE ( 'NONE',  #874 ) ;
#5387 = VECTOR ( 'NONE', #5440, 39.37007874015748143 ) ;
#5388 = ORIENTED_EDGE ( 'NONE', *, *, #3379, .T. ) ;
#5389 = ORIENTED_EDGE ( 'NONE', *, *, #986, .F. ) ;
#5390 = ORIENTED_EDGE ( 'NONE', *, *, #3769, .F. ) ;
#5391 = AXIS2_PLACEMENT_3D ( 'NONE', #4677, #356, #2500 ) ;
#5392 = DIRECTION ( 'NONE',  ( 0.000000000000000000, 0.000000000000000000, 1.000000000000000000 ) ) ;
#5393 = ADVANCED_FACE ( 'NONE', ( #4551, #4148, #4121, #1496 ), #4982, .F. ) ;
#5394 = EDGE_LOOP ( 'NONE', ( #2888, #612, #5384, #1059, #2767, #2381, #1943, #952, #2141, #199, #4527, #1641, #2231, #4672, #99, #726, #4579, #2208, #1098, #91, #5339, #2885, #4879, #1730, #4228, #5611, #3719, #2369, #2953, #292, #5306, #3297, #1666, #49, #4376, #4074, #705, #3175, #1605, #484, #4951, #4556, #3181, #2683, #2798, #406, #2230, #1404, #2343, #2754, #3652, #4265, #2269, #4567, #1176, #4068, #2512, #4993, #377, #5441, #916, #3774, #499, #2016, #4691, #3770, #1790, #3863, #46, #1087, #2987, #2944, #605, #1969, #3491, #1670, #4555, #1786, #4104, #5375, #1742, #1434, #5117, #1010, #5674, #208, #247, #4441, #1150, #3681, #3176, #3584, #2785, #2739, #1678, #634, #4820, #3397, #1699, #3057, #1468, #1356, #5119, #4013, #1303, #1922, #2174, #1857, #4844, #783, #4230, #4609, #1049, #2326, #2579, #2879, #4948, #1040, #2201, #1296, #2624, #3093, #3000, #3693, #5583, #639, #4450, #4125, #3198, #4231, #1877, #3115, #797, #1914, #2860, #2863, #4188, #560, #1503, #1149, #3404, #438, #4504, #465 ) ) ;
#5395 = ADVANCED_FACE ( 'NONE', ( #4064 ), #1006, .T. ) ;
#5396 = CYLINDRICAL_SURFACE ( 'NONE', #2876, 0.08760000000000003895 ) ;
#5397 = ORIENTED_EDGE ( 'NONE', *, *, #1253, .F. ) ;
#5398 = CARTESIAN_POINT ( 'NONE',  ( -0.5000000000000001110, -0.3350250000000000727, 6.000000000000000888 ) ) ;
#5399 = CARTESIAN_POINT ( 'NONE',  ( 0.4129999999999999227, 0.2500599205235715661, 6.000000000000000888 ) ) ;
#5400 = VERTEX_POINT ( 'NONE', #1032 ) ;
#5401 = EDGE_CURVE ( 'NONE', #2357, #2301, #2826, .T. ) ;
#5402 = FACE_OUTER_BOUND ( 'NONE', #5394, .T. ) ;
#5403 = DIRECTION ( 'NONE',  ( -0.000000000000000000, 0.000000000000000000, -1.000000000000000000 ) ) ;
#5404 = CARTESIAN_POINT ( 'NONE',  ( 0.2499400794764282119, -1.000000000000000000, -6.000000000000000888 ) ) ;
#5405 = LINE ( 'NONE', #536, #2258 ) ;
#5406 = ADVANCED_FACE ( 'NONE', ( #3173 ), #2374, .F. ) ;
#5407 = ORIENTED_EDGE ( 'NONE', *, *, #3087, .T. ) ;
#5408 = DIRECTION ( 'NONE',  ( 0.000000000000000000, -0.000000000000000000, 1.000000000000000000 ) ) ;
#5409 = CIRCLE ( 'NONE', #1828, 0.1016812500000000008 ) ;
#5410 = ORIENTED_EDGE ( 'NONE', *, *, #646, .F. ) ;
#5411 = DIRECTION ( 'NONE',  ( 0.000000000000000000, 0.000000000000000000, -1.000000000000000000 ) ) ;
#5412 = DIRECTION ( 'NONE',  ( -0.7071067811865479058, -0.7071067811865472397, 0.000000000000000000 ) ) ;
#5413 = DIRECTION ( 'NONE',  ( 0.7071067811865479058, 0.7071067811865472397, 0.000000000000000000 ) ) ;
#5414 = CARTESIAN_POINT ( 'NONE',  ( -0.1829999999999999682, -0.5000000000000000000, 6.000000000000000888 ) ) ;
#5415 = VECTOR ( 'NONE', #1614, 39.37007874015748143 ) ;
#5416 = VERTEX_POINT ( 'NONE', #1940 ) ;
#5417 = AXIS2_PLACEMENT_3D ( 'NONE', #1966, #847, #2158 ) ;
#5418 = ORIENTED_EDGE ( 'NONE', *, *, #496, .F. ) ;
#5419 = VECTOR ( 'NONE', #3782, 39.37007874015748143 ) ;
#5420 = ORIENTED_EDGE ( 'NONE', *, *, #3633, .T. ) ;
#5421 = DIRECTION ( 'NONE',  ( -0.7071067811865479058, -0.7071067811865472397, 0.000000000000000000 ) ) ;
#5422 = ORIENTED_EDGE ( 'NONE', *, *, #2830, .T. ) ;
#5423 = VECTOR ( 'NONE', #4529, 39.37007874015748143 ) ;
#5424 = DIRECTION ( 'NONE',  ( -1.000000000000000000, 0.000000000000000000, 0.000000000000000000 ) ) ;
#5425 = ORIENTED_EDGE ( 'NONE', *, *, #261, .T. ) ;
#5426 = CARTESIAN_POINT ( 'NONE',  ( -0.5000000000000001110, -0.7064400794764282843, -6.000000000000000888 ) ) ;
#5427 = ADVANCED_FACE ( 'NONE', ( #4924 ), #4523, .T. ) ;
#5428 = EDGE_LOOP ( 'NONE', ( #3743, #2743, #4635, #432 ) ) ;
#5429 = CARTESIAN_POINT ( 'NONE',  ( -0.2796809344948132936, -0.8411992244580429601, 6.000000000000000888 ) ) ;
#5430 = LINE ( 'NONE', #5053, #2524 ) ;
#5431 = EDGE_CURVE ( 'NONE', #3659, #4611, #5327, .T. ) ;
#5432 = DIRECTION ( 'NONE',  ( 1.000000000000000000, 0.000000000000000000, 0.000000000000000000 ) ) ;
#5433 = CARTESIAN_POINT ( 'NONE',  ( -0.3912499999999999312, -0.01647256505515531932, 6.000000000000000888 ) ) ;
#5434 = LINE ( 'NONE', #2370, #2608 ) ;
#5435 = ORIENTED_EDGE ( 'NONE', *, *, #2057, .T. ) ;
#5436 = CARTESIAN_POINT ( 'NONE',  ( -0.1471391560048289637, -0.2913425540319414808, -6.000000000000000888 ) ) ;
#5437 = EDGE_CURVE ( 'NONE', #3577, #2260, #3754, .T. ) ;
#5438 = CARTESIAN_POINT ( 'NONE',  ( 0.4077225650551554170, 1.000000000000000000, 6.000000000000000888 ) ) ;
#5439 = DIRECTION ( 'NONE',  ( 0.000000000000000000, -0.000000000000000000, -1.000000000000000000 ) ) ;
#5440 = DIRECTION ( 'NONE',  ( -0.000000000000000000, -0.000000000000000000, -1.000000000000000000 ) ) ;
#5441 = ORIENTED_EDGE ( 'NONE', *, *, #736, .F. ) ;
#5442 = ORIENTED_EDGE ( 'NONE', *, *, #3841, .T. ) ;
#5443 = VECTOR ( 'NONE', #2129, 39.37007874015748143 ) ;
#5444 = ORIENTED_EDGE ( 'NONE', *, *, #4646, .T. ) ;
#5445 = PLANE ( 'NONE',  #915 ) ;
#5446 = VECTOR ( 'NONE', #4132, 39.37007874015748143 ) ;
#5447 = ORIENTED_EDGE ( 'NONE', *, *, #2233, .T. ) ;
#5448 = CARTESIAN_POINT ( 'NONE',  ( 0.4289532336714965144, 0.9952754672079547893, -6.000000000000000888 ) ) ;
#5449 = ORIENTED_EDGE ( 'NONE', *, *, #1625, .T. ) ;
#5450 = CIRCLE ( 'NONE', #5269, 0.03697499999999995235 ) ;
#5451 = DIRECTION ( 'NONE',  ( -1.000000000000000000, 0.000000000000000000, 0.000000000000000000 ) ) ;
#5452 = VECTOR ( 'NONE', #704, 39.37007874015748143 ) ;
#5453 = VERTEX_POINT ( 'NONE', #3228 ) ;
#5454 = CIRCLE ( 'NONE', #301, 0.03697499999999995235 ) ;
#5455 = CIRCLE ( 'NONE', #584, 0.02174999999999998115 ) ;
#5456 = LINE ( 'NONE', #3675, #2978 ) ;
#5457 = DIRECTION ( 'NONE',  ( 0.000000000000000000, -0.000000000000000000, -1.000000000000000000 ) ) ;
#5458 = VECTOR ( 'NONE', #5379, 39.37007874015748143 ) ;
#5459 = PLANE ( 'NONE',  #5502 ) ;
#5460 = LINE ( 'NONE', #4167, #4627 ) ;
#5461 = EDGE_CURVE ( 'NONE', #3927, #1047, #167, .T. ) ;
#5462 = EDGE_CURVE ( 'NONE', #3924, #3284, #1062, .T. ) ;
#5463 = DIRECTION ( 'NONE',  ( -1.000000000000000000, 0.000000000000000000, 0.000000000000000000 ) ) ;
#5464 = ORIENTED_EDGE ( 'NONE', *, *, #920, .F. ) ;
#5465 = CARTESIAN_POINT ( 'NONE',  ( -0.1280000000000000027, 0.9499750000000000139, 6.000000000000000888 ) ) ;
#5466 = CARTESIAN_POINT ( 'NONE',  ( -0.1471391560048289637, 0.2913425540319414808, 6.000000000000000888 ) ) ;
#5467 = CARTESIAN_POINT ( 'NONE',  ( -0.1471391560048289637, -0.2913425540319414808, 6.000000000000000888 ) ) ;
#5468 = DIRECTION ( 'NONE',  ( 0.000000000000000000, 0.000000000000000000, 1.000000000000000000 ) ) ;
#5469 = ORIENTED_EDGE ( 'NONE', *, *, #229, .T. ) ;
#5470 = EDGE_CURVE ( 'NONE', #5099, #3435, #949, .T. ) ;
#5471 = EDGE_CURVE ( 'NONE', #1011, #4539, #2744, .T. ) ;
#5472 = VERTEX_POINT ( 'NONE', #5385 ) ;
#5473 = ORIENTED_EDGE ( 'NONE', *, *, #2976, .T. ) ;
#5474 = VECTOR ( 'NONE', #2426, 39.37007874015748143 ) ;
#5475 = DIRECTION ( 'NONE',  ( -0.000000000000000000, 0.000000000000000000, 1.000000000000000000 ) ) ;
#5476 = ORIENTED_EDGE ( 'NONE', *, *, #1731, .F. ) ;
#5477 = EDGE_CURVE ( 'NONE', #2527, #1638, #2014, .T. ) ;
#5478 = AXIS2_PLACEMENT_3D ( 'NONE', #1311, #3934, #442 ) ;
#5479 = CARTESIAN_POINT ( 'NONE',  ( 0.2705999999999998962, -0.4148033980271126353, 6.000000000000000888 ) ) ;
#5480 = ORIENTED_EDGE ( 'NONE', *, *, #4695, .F. ) ;
#5481 = DIRECTION ( 'NONE',  ( 1.000000000000000000, 0.000000000000000000, 0.000000000000000000 ) ) ;
#5482 = PERSON_AND_ORGANIZATION ( #693, #3576 ) ;
#5483 = ORIENTED_EDGE ( 'NONE', *, *, #3633, .F. ) ;
#5484 = DIRECTION ( 'NONE',  ( 0.000000000000000000, 0.000000000000000000, 1.000000000000000000 ) ) ;
#5485 = LINE ( 'NONE', #242, #3246 ) ;
#5486 = CARTESIAN_POINT ( 'NONE',  ( -0.2086574459680583804, -0.6471391560048290748, 6.000000000000000888 ) ) ;
#5487 = CARTESIAN_POINT ( 'NONE',  ( 0.4499749999999999028, 0.3719999999999999973, 6.000000000000000888 ) ) ;
#5488 = CARTESIAN_POINT ( 'NONE',  ( 0.2064400794764282010, 1.000000000000000000, 6.000000000000000888 ) ) ;
#5489 = ORIENTED_EDGE ( 'NONE', *, *, #5226, .F. ) ;
#5490 = CARTESIAN_POINT ( 'NONE',  ( -0.08519660197288733694, -0.6830000000000000515, 6.000000000000000888 ) ) ;
#5491 = CARTESIAN_POINT ( 'NONE',  ( 0.1829999999999998572, -0.4148033980271126353, 6.000000000000000888 ) ) ;
#5492 = ADVANCED_FACE ( 'NONE', ( #4955 ), #572, .F. ) ;
#5493 = EDGE_CURVE ( 'NONE', #1068, #2760, #4278, .T. ) ;
#5494 = CARTESIAN_POINT ( 'NONE',  ( -0.5000000000000001110, -0.6649749999999998717, 6.000000000000000888 ) ) ;
#5495 = ORIENTED_EDGE ( 'NONE', *, *, #988, .T. ) ;
#5496 = VERTEX_POINT ( 'NONE', #1628 ) ;
#5497 = VERTEX_POINT ( 'NONE', #383 ) ;
#5498 = CARTESIAN_POINT ( 'NONE',  ( 0.08519660197288733694, 0.3169999999999999485, 6.000000000000000888 ) ) ;
#5499 = AXIS2_PLACEMENT_3D ( 'NONE', #545, #631, #5009 ) ;
#5500 = CARTESIAN_POINT ( 'NONE',  ( 0.1279999999999999472, -0.9499750000000000139, 6.000000000000000888 ) ) ;
#5501 = EDGE_CURVE ( 'NONE', #4847, #3054, #4675, .T. ) ;
#5502 = AXIS2_PLACEMENT_3D ( 'NONE', #4974, #219, #4512 ) ;
#5503 = ORIENTED_EDGE ( 'NONE', *, *, #4477, .F. ) ;
#5504 = VECTOR ( 'NONE', #1525, 39.37007874015748143 ) ;
#5505 = VECTOR ( 'NONE', #5022, 39.37007874015748143 ) ;
#5506 = FACE_OUTER_BOUND ( 'NONE', #2321, .T. ) ;
#5507 = ORIENTED_EDGE ( 'NONE', *, *, #4647, .T. ) ;
#5508 = CYLINDRICAL_SURFACE ( 'NONE', #1182, 0.08760000000000003895 ) ;
#5509 = EDGE_CURVE ( 'NONE', #4501, #2782, #3445, .T. ) ;
#5510 = COORDINATED_UNIVERSAL_TIME_OFFSET ( 6, 0, .BEHIND. ) ;
#5511 = AXIS2_PLACEMENT_3D ( 'NONE', #2779, #2723, #88 ) ;
#5512 = EDGE_LOOP ( 'NONE', ( #3742, #426, #643, #866 ) ) ;
#5513 = AXIS2_PLACEMENT_3D ( 'NONE', #602, #2400, #1382 ) ;
#5514 = CARTESIAN_POINT ( 'NONE',  ( -0.5000000000000000000, 0.2718099205235717242, -6.000000000000000888 ) ) ;
#5515 = CARTESIAN_POINT ( 'NONE',  ( -0.2281900794764282203, 1.000000000000000000, -6.000000000000000888 ) ) ;
#5516 = DIRECTION ( 'NONE',  ( -0.000000000000000000, 0.000000000000000000, 1.000000000000000000 ) ) ;
#5517 = DIRECTION ( 'NONE',  ( 0.000000000000000000, -0.000000000000000000, 1.000000000000000000 ) ) ;
#5518 = DIRECTION ( 'NONE',  ( 1.000000000000000000, 0.000000000000000000, 0.000000000000000000 ) ) ;
#5519 = ORIENTED_EDGE ( 'NONE', *, *, #1357, .T. ) ;
#5520 = DIRECTION ( 'NONE',  ( -0.000000000000000000, -0.000000000000000000, -1.000000000000000000 ) ) ;
#5521 = CYLINDRICAL_SURFACE ( 'NONE', #5035, 0.02174999999999998115 ) ;
#5522 = DIRECTION ( 'NONE',  ( -1.000000000000000000, 2.926849330295178580E-16, 0.000000000000000000 ) ) ;
#5523 = ORIENTED_EDGE ( 'NONE', *, *, #3536, .T. ) ;
#5524 = ADVANCED_FACE ( 'NONE', ( #3472 ), #4335, .F. ) ;
#5525 = VERTEX_POINT ( 'NONE', #3046 ) ;
#5526 = EDGE_LOOP ( 'NONE', ( #1972, #1442, #510, #2324 ) ) ;
#5527 = DIRECTION ( 'NONE',  ( -1.000000000000000000, -1.046685055043767026E-14, 0.000000000000000000 ) ) ;
#5528 = DIRECTION ( 'NONE',  ( -0.000000000000000000, -0.000000000000000000, -1.000000000000000000 ) ) ;
#5529 = VERTEX_POINT ( 'NONE', #790 ) ;
#5530 = ADVANCED_FACE ( 'NONE', ( #759 ), #4795, .F. ) ;
#5531 = EDGE_CURVE ( 'NONE', #4379, #1944, #2848, .T. ) ;
#5532 = EDGE_CURVE ( 'NONE', #2808, #3636, #2071, .T. ) ;
#5533 = DIRECTION ( 'NONE',  ( 0.000000000000000000, -0.000000000000000000, -1.000000000000000000 ) ) ;
#5534 = ORIENTED_EDGE ( 'NONE', *, *, #2356, .F. ) ;
#5535 = DIRECTION ( 'NONE',  ( -0.000000000000000000, 0.000000000000000000, -1.000000000000000000 ) ) ;
#5536 = AXIS2_PLACEMENT_3D ( 'NONE', #1800, #5338, #4363 ) ;
#5537 = AXIS2_PLACEMENT_3D ( 'NONE', #2635, #3062, #3490 ) ;
#5538 = EDGE_LOOP ( 'NONE', ( #2292, #3465, #350, #5180 ) ) ;
#5539 = EDGE_CURVE ( 'NONE', #3030, #3711, #813, .T. ) ;
#5540 = CIRCLE ( 'NONE', #2151, 0.03697499999999995235 ) ;
#5541 = AXIS2_PLACEMENT_3D ( 'NONE', #1640, #1203, #2969 ) ;
#5542 = CIRCLE ( 'NONE', #1046, 0.03697499999999995235 ) ;
#5543 = CARTESIAN_POINT ( 'NONE',  ( 0.5000000000000000000, 0.7281900794764283313, -6.000000000000000888 ) ) ;
#5544 = CARTESIAN_POINT ( 'NONE',  ( 0.4630250000000000199, -0.6280000000000000027, -6.000000000000000888 ) ) ;
#5545 = DIRECTION ( 'NONE',  ( -1.000000000000000000, -2.926849330295178580E-16, 0.000000000000000000 ) ) ;
#5546 = DIRECTION ( 'NONE',  ( -0.000000000000000000, 0.000000000000000000, -1.000000000000000000 ) ) ;
#5547 = VECTOR ( 'NONE', #1692, 39.37007874015748143 ) ;
#5548 = VECTOR ( 'NONE', #732, 39.37007874015748143 ) ;
#5549 = LINE ( 'NONE', #2073, #4355 ) ;
#5550 = VERTEX_POINT ( 'NONE', #4305 ) ;
#5551 = DIRECTION ( 'NONE',  ( -0.000000000000000000, 0.000000000000000000, 1.000000000000000000 ) ) ;
#5552 = CARTESIAN_POINT ( 'NONE',  ( -0.2499400794764282674, 0.8709400794764280418, 6.000000000000000888 ) ) ;
#5553 = CARTESIAN_POINT ( 'NONE',  ( -0.2499400794764282119, 1.000000000000000000, -6.000000000000000888 ) ) ;
#5554 = ORIENTED_EDGE ( 'NONE', *, *, #1310, .T. ) ;
#5555 = LINE ( 'NONE', #1611, #294 ) ;
#5556 = ORIENTED_EDGE ( 'NONE', *, *, #5184, .T. ) ;
#5557 = ORIENTED_EDGE ( 'NONE', *, *, #864, .T. ) ;
#5558 = CARTESIAN_POINT ( 'NONE',  ( 0.5000000000000001110, -0.3350250000000000727, -6.000000000000000888 ) ) ;
#5559 = CARTESIAN_POINT ( 'NONE',  ( -0.1649749999999999550, -1.000000000000000000, 6.000000000000000888 ) ) ;
#5560 = VERTEX_POINT ( 'NONE', #3715 ) ;
#5561 = DIRECTION ( 'NONE',  ( 0.000000000000000000, 0.000000000000000000, -1.000000000000000000 ) ) ;
#5562 = EDGE_LOOP ( 'NONE', ( #3332, #2508, #3189, #3290 ) ) ;
#5563 = CARTESIAN_POINT ( 'NONE',  ( -0.4499749999999999028, -0.6280000000000000027, 6.000000000000000888 ) ) ;
#5564 = EDGE_CURVE ( 'NONE', #3042, #2078, #2098, .T. ) ;
#5565 = EDGE_CURVE ( 'NONE', #3361, #3236, #171, .T. ) ;
#5566 = ORIENTED_EDGE ( 'NONE', *, *, #1342, .T. ) ;
#5567 = AXIS2_PLACEMENT_3D ( 'NONE', #1425, #4206, #4538 ) ;
#5568 = CARTESIAN_POINT ( 'NONE',  ( -0.5000000000000001110, -0.6649749999999998717, 6.000000000000000888 ) ) ;
#5569 = CARTESIAN_POINT ( 'NONE',  ( -0.3411992244580428491, 0.2203190655051865676, -6.000000000000000888 ) ) ;
#5570 = DIRECTION ( 'NONE',  ( 1.000000000000000000, 0.000000000000000000, 0.000000000000000000 ) ) ;
#5571 = CARTESIAN_POINT ( 'NONE',  ( 0.5000000000000001110, -0.3350250000000000727, 6.000000000000000888 ) ) ;
#5572 = DIRECTION ( 'NONE',  ( -1.000000000000000000, 0.000000000000000000, 0.000000000000000000 ) ) ;
#5573 = EDGE_CURVE ( 'NONE', #4640, #1514, #3280, .T. ) ;
#5574 = CARTESIAN_POINT ( 'NONE',  ( -0.1649749999999999550, 0.9129999999999999227, 6.000000000000000888 ) ) ;
#5575 = VERTEX_POINT ( 'NONE', #2928 ) ;
#5576 = CARTESIAN_POINT ( 'NONE',  ( -0.2705999999999998962, -0.4148033980271126353, 6.000000000000000888 ) ) ;
#5577 = CARTESIAN_POINT ( 'NONE',  ( 0.1649749999999999550, 0.9129999999999999227, 6.000000000000000888 ) ) ;
#5578 = DIRECTION ( 'NONE',  ( 0.000000000000000000, -0.000000000000000000, 1.000000000000000000 ) ) ;
#5579 = EDGE_CURVE ( 'NONE', #3060, #3494, #730, .T. ) ;
#5580 = ORIENTED_EDGE ( 'NONE', *, *, #2805, .F. ) ;
#5581 = DIRECTION ( 'NONE',  ( 1.000000000000000000, 0.000000000000000000, 0.000000000000000000 ) ) ;
#5582 = ORIENTED_EDGE ( 'NONE', *, *, #5477, .F. ) ;
#5583 = ORIENTED_EDGE ( 'NONE', *, *, #2100, .F. ) ;
#5584 = CARTESIAN_POINT ( 'NONE',  ( -0.1471391560048289637, 0.7086574459680585747, 6.000000000000000888 ) ) ;
#5585 = DIRECTION ( 'NONE',  ( 0.7071067811865479058, 0.7071067811865472397, -0.000000000000000000 ) ) ;
#5586 = VECTOR ( 'NONE', #1470, 39.37007874015748143 ) ;
#5587 = ORIENTED_EDGE ( 'NONE', *, *, #785, .F. ) ;
#5588 = CARTESIAN_POINT ( 'NONE',  ( 0.4077225650551554170, 1.000000000000000000, -6.000000000000000888 ) ) ;
#5589 = CARTESIAN_POINT ( 'NONE',  ( 0.1280000000000000027, -0.9630250000000000199, -6.000000000000000888 ) ) ;
#5590 = VECTOR ( 'NONE', #735, 39.37007874015748143 ) ;
#5591 = ORIENTED_EDGE ( 'NONE', *, *, #2626, .T. ) ;
#5592 = FACE_OUTER_BOUND ( 'NONE', #5297, .T. ) ;
#5593 = ORIENTED_EDGE ( 'NONE', *, *, #5104, .F. ) ;
#5594 = ADVANCED_FACE ( 'NONE', ( #5136 ), #4244, .T. ) ;
#5595 = FACE_OUTER_BOUND ( 'NONE', #586, .T. ) ;
#5596 = LINE ( 'NONE', #3354, #4410 ) ;
#5597 = VECTOR ( 'NONE', #5622, 39.37007874015748143 ) ;
#5598 = DIRECTION ( 'NONE',  ( 0.000000000000000000, 0.000000000000000000, 1.000000000000000000 ) ) ;
#5599 = DIRECTION ( 'NONE',  ( 1.000000000000000000, 0.000000000000000000, 0.000000000000000000 ) ) ;
#5600 = CARTESIAN_POINT ( 'NONE',  ( 0.2705999999999998962, 0.5851966019728873647, 6.000000000000000888 ) ) ;
#5601 = CIRCLE ( 'NONE', #1556, 0.1016812500000000008 ) ;
#5602 = LINE ( 'NONE', #389, #5633 ) ;
#5603 = ADVANCED_FACE ( 'NONE', ( #1256 ), #4707, .F. ) ;
#5604 = FACE_OUTER_BOUND ( 'NONE', #2008, .T. ) ;
#5605 = CARTESIAN_POINT ( 'NONE',  ( -0.1649749999999999550, -1.000000000000000000, -6.000000000000000888 ) ) ;
#5606 = FACE_OUTER_BOUND ( 'NONE', #3088, .T. ) ;
#5607 = EDGE_LOOP ( 'NONE', ( #809, #5580, #3398, #3827 ) ) ;
#5608 = CARTESIAN_POINT ( 'NONE',  ( -0.5000000000000000000, -0.8859725650551555365, -6.000000000000000888 ) ) ;
#5609 = EDGE_CURVE ( 'NONE', #4907, #17, #1737, .T. ) ;
#5610 = ORIENTED_EDGE ( 'NONE', *, *, #1237, .T. ) ;
#5611 = ORIENTED_EDGE ( 'NONE', *, *, #3388, .T. ) ;
#5612 = LINE ( 'NONE', #1122, #1733 ) ;
#5613 = CYLINDRICAL_SURFACE ( 'NONE', #3923, 0.02174999999999998115 ) ;
#5614 = EDGE_LOOP ( 'NONE', ( #3029, #657, #1074, #367 ) ) ;
#5615 = DIRECTION ( 'NONE',  ( -1.000000000000000000, 0.000000000000000000, 0.000000000000000000 ) ) ;
#5616 = CARTESIAN_POINT ( 'NONE',  ( 0.5000000000000001110, -0.3350250000000000727, 6.000000000000000888 ) ) ;
#5617 = VERTEX_POINT ( 'NONE', #4767 ) ;
#5618 = DIRECTION ( 'NONE',  ( 0.000000000000000000, 0.000000000000000000, -1.000000000000000000 ) ) ;
#5619 = ORIENTED_EDGE ( 'NONE', *, *, #12, .T. ) ;
#5620 = FACE_OUTER_BOUND ( 'NONE', #2267, .T. ) ;
#5621 = VECTOR ( 'NONE', #2271, 39.37007874015748143 ) ;
#5622 = DIRECTION ( 'NONE',  ( -0.000000000000000000, 0.000000000000000000, -1.000000000000000000 ) ) ;
#5623 = CIRCLE ( 'NONE', #1867, 0.08760000000000003895 ) ;
#5624 = DIRECTION ( 'NONE',  ( -0.000000000000000000, 0.000000000000000000, 1.000000000000000000 ) ) ;
#5625 = CARTESIAN_POINT ( 'NONE',  ( 0.1471391560048289637, -0.7086574459680585747, -6.000000000000000888 ) ) ;
#5626 = FACE_OUTER_BOUND ( 'NONE', #5650, .T. ) ;
#5627 = AXIS2_PLACEMENT_3D ( 'NONE', #1993, #1060, #1575 ) ;
#5628 = AXIS2_PLACEMENT_3D ( 'NONE', #5118, #1173, #4689 ) ;
#5629 = DIRECTION ( 'NONE',  ( 1.000000000000000000, 0.000000000000000000, 0.000000000000000000 ) ) ;
#5630 = DIRECTION ( 'NONE',  ( 0.000000000000000000, 0.000000000000000000, -1.000000000000000000 ) ) ;
#5631 = CARTESIAN_POINT ( 'NONE',  ( 0.5000000000000000000, -0.9077225650551554725, -6.000000000000000888 ) ) ;
#5632 = VECTOR ( 'NONE', #2621, 39.37007874015748143 ) ;
#5633 = VECTOR ( 'NONE', #793, 39.37007874015748143 ) ;
#5634 = DIRECTION ( 'NONE',  ( -1.000000000000000000, 0.000000000000000000, 0.000000000000000000 ) ) ;
#5635 = EDGE_CURVE ( 'NONE', #3338, #1271, #3410, .T. ) ;
#5636 = EDGE_CURVE ( 'NONE', #3236, #3717, #3964, .T. ) ;
#5637 = ORIENTED_EDGE ( 'NONE', *, *, #329, .F. ) ;
#5638 = ORIENTED_EDGE ( 'NONE', *, *, #2875, .T. ) ;
#5639 = CIRCLE ( 'NONE', #5353, 0.03697499999999995235 ) ;
#5640 = AXIS2_PLACEMENT_3D ( 'NONE', #5433, #3784, #1461 ) ;
#5641 = DIRECTION ( 'NONE',  ( -1.000000000000000000, -1.607629870117495978E-15, 0.000000000000000000 ) ) ;
#5642 = ORIENTED_EDGE ( 'NONE', *, *, #288, .F. ) ;
#5643 = ORIENTED_EDGE ( 'NONE', *, *, #5477, .T. ) ;
#5644 = DIRECTION ( 'NONE',  ( 0.000000000000000000, 0.000000000000000000, -1.000000000000000000 ) ) ;
#5645 = DIRECTION ( 'NONE',  ( 0.000000000000000000, 0.000000000000000000, -1.000000000000000000 ) ) ;
#5646 = EDGE_CURVE ( 'NONE', #4546, #3006, #1645, .T. ) ;
#5647 = ORIENTED_EDGE ( 'NONE', *, *, #2211, .F. ) ;
#5648 = FACE_OUTER_BOUND ( 'NONE', #4976, .T. ) ;
#5649 = DIRECTION ( 'NONE',  ( 0.000000000000000000, 0.000000000000000000, 1.000000000000000000 ) ) ;
#5650 = EDGE_LOOP ( 'NONE', ( #5102, #2371, #61, #3581 ) ) ;
#5651 = DIRECTION ( 'NONE',  ( 1.000000000000000000, 0.000000000000000000, 0.000000000000000000 ) ) ;
#5652 = EDGE_CURVE ( 'NONE', #3482, #4414, #94, .T. ) ;
#5653 = EDGE_CURVE ( 'NONE', #770, #3629, #3501, .T. ) ;
#5654 = ORIENTED_EDGE ( 'NONE', *, *, #3013, .F. ) ;
#5655 = LINE ( 'NONE', #5307, #4360 ) ;
#5656 = DIRECTION ( 'NONE',  ( -1.000000000000000000, 0.000000000000000000, 0.000000000000000000 ) ) ;
#5657 = PLANE ( 'NONE',  #3366 ) ;
#5658 = CARTESIAN_POINT ( 'NONE',  ( -0.1649749999999999550, 0.9499750000000000139, 6.000000000000000888 ) ) ;
#5659 = VECTOR ( 'NONE', #2375, 39.37007874015748143 ) ;
#5660 = DIRECTION ( 'NONE',  ( -0.000000000000000000, 0.000000000000000000, -1.000000000000000000 ) ) ;
#5661 = CARTESIAN_POINT ( 'NONE',  ( -0.4499749999999999028, -0.6280000000000000027, 6.000000000000000888 ) ) ;
#5662 = VECTOR ( 'NONE', #2038, 39.37007874015748143 ) ;
#5663 = FACE_OUTER_BOUND ( 'NONE', #2459, .T. ) ;
#5664 = CARTESIAN_POINT ( 'NONE',  ( -0.4630250000000000199, 0.3350250000000000727, 6.000000000000000888 ) ) ;
#5665 = DIRECTION ( 'NONE',  ( -0.7071067811865472397, -0.7071067811865479058, 0.000000000000000000 ) ) ;
#5666 = ORIENTED_EDGE ( 'NONE', *, *, #2724, .T. ) ;
#5667 = CARTESIAN_POINT ( 'NONE',  ( -0.1471391560048289637, 0.7086574459680585747, 6.000000000000000888 ) ) ;
#5668 = EDGE_CURVE ( 'NONE', #5006, #55, #5, .T. ) ;
#5669 = ORIENTED_EDGE ( 'NONE', *, *, #1824, .T. ) ;
#5670 = EDGE_CURVE ( 'NONE', #3722, #925, #3133, .T. ) ;
#5671 = VERTEX_POINT ( 'NONE', #4913 ) ;
#5672 = DIRECTION ( 'NONE',  ( -0.000000000000000000, -0.000000000000000000, 1.000000000000000000 ) ) ;
#5673 = PLANE ( 'NONE',  #2079 ) ;
#5674 = ORIENTED_EDGE ( 'NONE', *, *, #4908, .F. ) ;
#5675 = CARTESIAN_POINT ( 'NONE',  ( -0.4129999999999999227, -0.3350250000000000727, -6.000000000000000888 ) ) ;
#5676 = EDGE_CURVE ( 'NONE', #231, #3066, #962, .T. ) ;
#5677 = ORIENTED_EDGE ( 'NONE', *, *, #5532, .F. ) ;
#5678 = DIRECTION ( 'NONE',  ( -0.000000000000000000, -0.000000000000000000, -1.000000000000000000 ) ) ;
#5679 = AXIS2_PLACEMENT_3D ( 'NONE', #2289, #4033, #976 ) ;
#5680 = EDGE_LOOP ( 'NONE', ( #803, #5242, #3882, #3930 ) ) ;
#5681 = PLANE ( 'NONE',  #2351 ) ;
#5682 = EDGE_CURVE ( 'NONE', #552, #5021, #1339, .T. ) ;
#5683 = EDGE_LOOP ( 'NONE', ( #3553, #1654, #4557, #5638 ) ) ;
#5684 = DIRECTION ( 'NONE',  ( -1.000000000000000000, 0.000000000000000000, 0.000000000000000000 ) ) ;
#5685 = CARTESIAN_POINT ( 'NONE',  ( 0.1649749999999999550, 0.9129999999999999227, 6.000000000000000888 ) ) ;
#5686 = APPLICATION_PROTOCOL_DEFINITION ( 'international standard', 'config_control_design', 1994, #804 ) ;
#5687 = AXIS2_PLACEMENT_3D ( 'NONE', #4466, #2319, #3256 ) ;
#5688 = DIRECTION ( 'NONE',  ( 1.000000000000000000, 0.000000000000000000, 0.000000000000000000 ) ) ;
#5689 = VECTOR ( 'NONE', #2033, 39.37007874015748143 ) ;
#5690 = CARTESIAN_POINT ( 'NONE',  ( -0.3859725650551554255, -1.000000000000000222, -6.000000000000000888 ) ) ;
#5691 = FACE_OUTER_BOUND ( 'NONE', #192, .T. ) ;
#5692 = DIRECTION ( 'NONE',  ( -1.000000000000000000, 0.000000000000000000, 0.000000000000000000 ) ) ;
#5693 = DIRECTION ( 'NONE',  ( -1.000000000000000000, 0.000000000000000000, 0.000000000000000000 ) ) ;
#5694 = AXIS2_PLACEMENT_3D ( 'NONE', #2695, #2606, #3492 ) ;
#5695 = ORIENTED_EDGE ( 'NONE', *, *, #2724, .F. ) ;
#5696 = VERTEX_POINT ( 'NONE', #4938 ) ;
#5697 = FACE_OUTER_BOUND ( 'NONE', #101, .T. ) ;
#5698 = ORIENTED_EDGE ( 'NONE', *, *, #3388, .F. ) ;
#5699 = EDGE_LOOP ( 'NONE', ( #1240, #4041, #5610, #888 ) ) ;
#5700 = DIRECTION ( 'NONE',  ( -1.000000000000000000, 0.000000000000000000, 0.000000000000000000 ) ) ;
#5701 = DIRECTION ( 'NONE',  ( 0.7071067811865479058, 0.7071067811865472397, 0.000000000000000000 ) ) ;
#5702 = ORIENTED_EDGE ( 'NONE', *, *, #5539, .T. ) ;
#5703 = DIRECTION ( 'NONE',  ( 2.926849330295178580E-16, 1.000000000000000000, 0.000000000000000000 ) ) ;
#5704 = ORIENTED_EDGE ( 'NONE', *, *, #3600, .F. ) ;
#5705 = CYLINDRICAL_SURFACE ( 'NONE', #1007, 0.03697499999999995235 ) ;
#5706 = EDGE_CURVE ( 'NONE', #2697, #1035, #443, .T. ) ;
#5707 = ORIENTED_EDGE ( 'NONE', *, *, #3841, .F. ) ;
#5708 = EDGE_CURVE ( 'NONE', #1796, #4003, #4021, .T. ) ;
ENDSEC;
END-ISO-10303-21;
