ISO-10303-21;
HEADER;
FILE_DESCRIPTION (( 'STEP AP203' ),
    '1' );
FILE_NAME ('5537T501_T-Slotted Framing.STEP',
    '2026-01-18T16:40:11',
    ( 'McMaster Carr Supply' ),
    ( 'McMaster Carr Supply' ),
    'SwSTEP 2.0',
    'SolidWorks 2024',
    '' );
FILE_SCHEMA (( 'CONFIG_CONTROL_DESIGN' ));
ENDSEC;

DATA;
#1 = ORIENTED_EDGE ( 'NONE', *, *, #365, .T. ) ;
#2 = FACE_OUTER_BOUND ( 'NONE', #1960, .T. ) ;
#3 = VERTEX_POINT ( 'NONE', #629 ) ;
#4 = CARTESIAN_POINT ( 'NONE',  ( 1.102244776274495575, 3.599999999999952127, -152.4000000000000057 ) ) ;
#5 = DIRECTION ( 'NONE',  ( -1.000000000000000000, 0.000000000000000000, 0.000000000000000000 ) ) ;
#6 = AXIS2_PLACEMENT_3D ( 'NONE', #720, #1453, #983 ) ;
#7 = ORIENTED_EDGE ( 'NONE', *, *, #349, .F. ) ;
#8 = AXIS2_PLACEMENT_3D ( 'NONE', #1214, #548, #103 ) ;
#9 = DIRECTION ( 'NONE',  ( -1.836970198721030181E-16, 1.836970198721036590E-16, -1.000000000000000000 ) ) ;
#10 = DIRECTION ( 'NONE',  ( -1.000000000000000000, 0.000000000000000000, 0.000000000000000000 ) ) ;
#11 = DIRECTION ( 'NONE',  ( -0.7071067811865454633, -0.7071067811865496822, -2.597868168706488486E-16 ) ) ;
#12 = DIRECTION ( 'NONE',  ( -0.9993908270190975385, -0.03489949670245177243, -1.282186707855335479E-17 ) ) ;
#13 = ORIENTED_EDGE ( 'NONE', *, *, #1491, .F. ) ;
#14 = EDGE_CURVE ( 'NONE', #419, #1800, #1473, .T. ) ;
#15 = EDGE_CURVE ( 'NONE', #1352, #1224, #838, .T. ) ;
#16 = DIRECTION ( 'NONE',  ( 1.836970198721030181E-16, -1.836970198721036590E-16, 1.000000000000000000 ) ) ;
#17 = ORIENTED_EDGE ( 'NONE', *, *, #1675, .F. ) ;
#18 = FACE_OUTER_BOUND ( 'NONE', #2994, .T. ) ;
#19 = EDGE_CURVE ( 'NONE', #613, #1992, #2983, .T. ) ;
#20 = ORIENTED_EDGE ( 'NONE', *, *, #733, .F. ) ;
#21 = EDGE_CURVE ( 'NONE', #2160, #1703, #1998, .T. ) ;
#22 = CARTESIAN_POINT ( 'NONE',  ( 2.524916986076432668, -8.309110660272292392, 152.4000000000000057 ) ) ;
#23 = DIRECTION ( 'NONE',  ( 0.000000000000000000, 1.000000000000000000, 0.000000000000000000 ) ) ;
#24 = VECTOR ( 'NONE', #494, 1000.000000000000000 ) ;
#25 = DIRECTION ( 'NONE',  ( 0.9993908270190976495, 0.03489949670244827523, 0.000000000000000000 ) ) ;
#26 = CARTESIAN_POINT ( 'NONE',  ( 3.223565119834177484, -4.478679656440211154, -152.4000000000000057 ) ) ;
#27 = ORIENTED_EDGE ( 'NONE', *, *, #1500, .F. ) ;
#28 = ORGANIZATION ( 'UNSPECIFIED', 'UNSPECIFIED', '' ) ;
#29 = VECTOR ( 'NONE', #800, 1000.000000000000114 ) ;
#30 = ORIENTED_EDGE ( 'NONE', *, *, #696, .T. ) ;
#31 = LINE ( 'NONE', #1649, #1126 ) ;
#32 = ORIENTED_EDGE ( 'NONE', *, *, #385, .F. ) ;
#33 = DIRECTION ( 'NONE',  ( -1.836970198721030674E-16, 1.836970198721037083E-16, -1.000000000000000000 ) ) ;
#34 = AXIS2_PLACEMENT_3D ( 'NONE', #1303, #2005, #1319 ) ;
#35 = VECTOR ( 'NONE', #1424, 1000.000000000000114 ) ;
#36 = DIRECTION ( 'NONE',  ( 1.836970198721030674E-16, 1.836970198721011199E-16, -1.000000000000000000 ) ) ;
#37 = ORIENTED_EDGE ( 'NONE', *, *, #954, .F. ) ;
#38 = AXIS2_PLACEMENT_3D ( 'NONE', #639, #1278, #2219 ) ;
#39 = CARTESIAN_POINT ( 'NONE',  ( -9.998781654038179312, 7.930201006595019031, 152.4000000000000057 ) ) ;
#40 = CYLINDRICAL_SURFACE ( 'NONE', #1628, 0.7700916411881568724 ) ;
#41 = CARTESIAN_POINT ( 'NONE',  ( -5.524445380431108887, -6.779559917037151884, 152.4000000000000057 ) ) ;
#42 = PLANE ( 'NONE',  #1849 ) ;
#43 = ORIENTED_EDGE ( 'NONE', *, *, #2676, .T. ) ;
#44 = ADVANCED_FACE ( 'NONE', ( #162, #2544 ), #661, .T. ) ;
#45 = EDGE_CURVE ( 'NONE', #2113, #2742, #689, .T. ) ;
#46 = CARTESIAN_POINT ( 'NONE',  ( -3.272080402638093855, -9.836116498162857269, 152.4000000000000057 ) ) ;
#47 = EDGE_LOOP ( 'NONE', ( #706, #2651, #2539, #2186 ) ) ;
#48 = CARTESIAN_POINT ( 'NONE',  ( -2.835204083192895297, 8.019763261177239144, 152.4000000000000057 ) ) ;
#49 = AXIS2_PLACEMENT_3D ( 'NONE', #1124, #715, #2581 ) ;
#50 = ORIENTED_EDGE ( 'NONE', *, *, #1718, .F. ) ;
#51 = DIRECTION ( 'NONE',  ( -0.000000000000000000, 3.673940397442061347E-16, -1.000000000000000000 ) ) ;
#52 = ORIENTED_EDGE ( 'NONE', *, *, #2010, .F. ) ;
#53 = DESIGN_CONTEXT ( 'detailed design', #2721, 'design' ) ;
#54 = CARTESIAN_POINT ( 'NONE',  ( 0.000000000000000000, 3.599999999999918376, 152.4000000000000057 ) ) ;
#55 = VECTOR ( 'NONE', #51, 1000.000000000000000 ) ;
#56 = LINE ( 'NONE', #1671, #1676 ) ;
#57 = LINE ( 'NONE', #1426, #1691 ) ;
#58 = DIRECTION ( 'NONE',  ( 0.7071067811865479058, 0.7071067811865472397, 0.000000000000000000 ) ) ;
#59 = ORIENTED_EDGE ( 'NONE', *, *, #820, .F. ) ;
#60 = DIRECTION ( 'NONE',  ( -0.000000000000000000, -0.000000000000000000, -1.000000000000000000 ) ) ;
#61 = DIRECTION ( 'NONE',  ( 1.000000000000000000, 0.000000000000000000, 0.000000000000000000 ) ) ;
#62 = VERTEX_POINT ( 'NONE', #946 ) ;
#63 = EDGE_LOOP ( 'NONE', ( #2289, #917, #409, #2775 ) ) ;
#64 = PLANE ( 'NONE',  #81 ) ;
#65 = VERTEX_POINT ( 'NONE', #1591 ) ;
#66 = CYLINDRICAL_SURFACE ( 'NONE', #335, 0.2999999999999999334 ) ;
#67 = EDGE_LOOP ( 'NONE', ( #2972, #2594, #3005, #965 ) ) ;
#68 = ADVANCED_FACE ( 'NONE', ( #18 ), #931, .F. ) ;
#69 = CARTESIAN_POINT ( 'NONE',  ( -1.102244776274541760, 6.599999999999918820, -152.4000000000000057 ) ) ;
#70 = CARTESIAN_POINT ( 'NONE',  ( 9.836116498162864374, -3.272080402637906893, -152.4000000000000057 ) ) ;
#71 = DIRECTION ( 'NONE',  ( -1.836970198721030674E-16, 1.836970198721037083E-16, -1.000000000000000000 ) ) ;
#72 = DIRECTION ( 'NONE',  ( -1.029992063861228739E-14, -1.000000000000000000, 0.000000000000000000 ) ) ;
#73 = EDGE_LOOP ( 'NONE', ( #1256, #2223, #2474, #453 ) ) ;
#74 = CARTESIAN_POINT ( 'NONE',  ( 4.979908358811845126, -7.324096938656304623, -152.4000000000000057 ) ) ;
#75 = CIRCLE ( 'NONE', #932, 0.7700916411881568724 ) ;
#76 = CIRCLE ( 'NONE', #2414, 3.000000000000000000 ) ;
#77 = EDGE_CURVE ( 'NONE', #2891, #585, #1830, .T. ) ;
#78 = CARTESIAN_POINT ( 'NONE',  ( -8.094188579844560749, 4.979908358811783842, 152.4000000000000057 ) ) ;
#79 = ORIENTED_EDGE ( 'NONE', *, *, #221, .F. ) ;
#80 = DIRECTION ( 'NONE',  ( -3.378929305024675559E-15, -1.000000000000000000, 0.000000000000000000 ) ) ;
#81 = AXIS2_PLACEMENT_3D ( 'NONE', #1434, #97, #749 ) ;
#82 = VECTOR ( 'NONE', #782, 1000.000000000000000 ) ;
#83 = EDGE_CURVE ( 'NONE', #348, #2876, #1773, .T. ) ;
#84 = ORIENTED_EDGE ( 'NONE', *, *, #2057, .F. ) ;
#85 = ORIENTED_EDGE ( 'NONE', *, *, #243, .T. ) ;
#86 = DIRECTION ( 'NONE',  ( -1.836970198721030674E-16, 1.836970198721037083E-16, -1.000000000000000000 ) ) ;
#87 = ORIENTED_EDGE ( 'NONE', *, *, #2625, .F. ) ;
#88 = DIRECTION ( 'NONE',  ( 1.000000000000000000, 0.000000000000000000, 0.000000000000000000 ) ) ;
#89 = LINE ( 'NONE', #1021, #157 ) ;
#90 = AXIS2_PLACEMENT_3D ( 'NONE', #2541, #1375, #1128 ) ;
#91 = DIRECTION ( 'NONE',  ( -0.9993908270190975385, -0.03489949670244827523, 1.771741830716485617E-16 ) ) ;
#92 = DIRECTION ( 'NONE',  ( 1.836970198721030674E-16, 1.836970198721011199E-16, -1.000000000000000000 ) ) ;
#93 = ORIENTED_EDGE ( 'NONE', *, *, #1216, .T. ) ;
#94 = FACE_OUTER_BOUND ( 'NONE', #575, .T. ) ;
#95 = LINE ( 'NONE', #1028, #1521 ) ;
#96 = ORIENTED_EDGE ( 'NONE', *, *, #948, .F. ) ;
#97 = DIRECTION ( 'NONE',  ( -0.7071067811865422437, 0.7071067811865529018, 5.863723715194734435E-31 ) ) ;
#98 = ORIENTED_EDGE ( 'NONE', *, *, #3000, .F. ) ;
#99 = ORIENTED_EDGE ( 'NONE', *, *, #1316, .F. ) ;
#100 = FACE_OUTER_BOUND ( 'NONE', #867, .T. ) ;
#101 = ORIENTED_EDGE ( 'NONE', *, *, #1296, .T. ) ;
#102 = CARTESIAN_POINT ( 'NONE',  ( -6.599999999999957900, -1.102244776274500460, 152.4000000000000057 ) ) ;
#103 = DIRECTION ( 'NONE',  ( -1.000000000000000000, 0.000000000000000000, 0.000000000000000000 ) ) ;
#104 = CARTESIAN_POINT ( 'NONE',  ( 8.319580509283007075, 2.824734234182105119, 152.4000000000000057 ) ) ;
#105 = CARTESIAN_POINT ( 'NONE',  ( 0.000000000000000000, 0.000000000000000000, 152.4000000000000057 ) ) ;
#106 = EDGE_LOOP ( 'NONE', ( #2217, #2149, #882, #1694 ) ) ;
#107 = LINE ( 'NONE', #974, #82 ) ;
#108 = CIRCLE ( 'NONE', #2389, 3.000000000000000888 ) ;
#109 = CARTESIAN_POINT ( 'NONE',  ( 9.836116498162864374, -3.272080402638018803, 152.4000000000000057 ) ) ;
#110 = EDGE_CURVE ( 'NONE', #930, #772, #1887, .T. ) ;
#111 = ORIENTED_EDGE ( 'NONE', *, *, #2152, .F. ) ;
#112 = CARTESIAN_POINT ( 'NONE',  ( -9.998781654038179312, 7.930201006595019031, -152.4000000000000057 ) ) ;
#113 = EDGE_CURVE ( 'NONE', #300, #1133, #2063, .T. ) ;
#114 = ORIENTED_EDGE ( 'NONE', *, *, #2232, .T. ) ;
#115 = FACE_OUTER_BOUND ( 'NONE', #251, .T. ) ;
#116 = ORIENTED_EDGE ( 'NONE', *, *, #1884, .F. ) ;
#117 = EDGE_CURVE ( 'NONE', #404, #888, #1130, .T. ) ;
#118 = DIRECTION ( 'NONE',  ( -1.013678791507402668E-14, -1.000000000000000000, 0.000000000000000000 ) ) ;
#119 = CARTESIAN_POINT ( 'NONE',  ( 3.299999999999985612, 9.036603836547545399, 152.4000000000000057 ) ) ;
#120 = DIRECTION ( 'NONE',  ( 1.000000000000000000, 7.869048297239252533E-16, 0.000000000000000000 ) ) ;
#121 = CARTESIAN_POINT ( 'NONE',  ( 9.998781654038179312, -7.930201006594963964, -152.4000000000000057 ) ) ;
#122 = ADVANCED_FACE ( 'NONE', ( #2332 ), #1132, .F. ) ;
#123 = ORIENTED_EDGE ( 'NONE', *, *, #1792, .F. ) ;
#124 = DIRECTION ( 'NONE',  ( 1.836970198721030674E-16, 1.836970198721011199E-16, -1.000000000000000000 ) ) ;
#125 = DIRECTION ( 'NONE',  ( 1.040834085586084257E-14, 1.000000000000000000, 0.000000000000000000 ) ) ;
#126 = EDGE_LOOP ( 'NONE', ( #2765, #2601, #1625, #557 ) ) ;
#127 = PLANE ( 'NONE',  #311 ) ;
#128 = VERTEX_POINT ( 'NONE', #1161 ) ;
#129 = DIRECTION ( 'NONE',  ( 7.082143467515321363E-15, -1.000000000000000000, -0.000000000000000000 ) ) ;
#130 = ORIENTED_EDGE ( 'NONE', *, *, #2798, .T. ) ;
#131 = PRODUCT_DEFINITION_FORMATION_WITH_SPECIFIED_SOURCE ( 'ANY', '', #255, .NOT_KNOWN. ) ;
#132 = EDGE_CURVE ( 'NONE', #1725, #2245, #1523, .T. ) ;
#133 = DIRECTION ( 'NONE',  ( 0.000000000000000000, 1.000000000000000000, 0.000000000000000000 ) ) ;
#134 = EDGE_CURVE ( 'NONE', #1992, #357, #2597, .T. ) ;
#135 = CARTESIAN_POINT ( 'NONE',  ( -8.000000000000030198, -7.999999999999928946, 152.4000000000000057 ) ) ;
#136 = AXIS2_PLACEMENT_3D ( 'NONE', #1525, #608, #1282 ) ;
#137 = DIRECTION ( 'NONE',  ( 1.836970198721030181E-16, -1.836970198721036590E-16, 1.000000000000000000 ) ) ;
#138 = VERTEX_POINT ( 'NONE', #2773 ) ;
#139 = VECTOR ( 'NONE', #403, 1000.000000000000114 ) ;
#140 = EDGE_CURVE ( 'NONE', #2922, #673, #2104, .T. ) ;
#141 = DIRECTION ( 'NONE',  ( -0.000000000000000000, -0.000000000000000000, -1.000000000000000000 ) ) ;
#142 = ORIENTED_EDGE ( 'NONE', *, *, #1462, .T. ) ;
#143 = CARTESIAN_POINT ( 'NONE',  ( 8.019763261177262237, -2.835204083192885527, 152.4000000000000057 ) ) ;
#144 = VERTEX_POINT ( 'NONE', #1418 ) ;
#145 = DIRECTION ( 'NONE',  ( -0.000000000000000000, -0.000000000000000000, -1.000000000000000000 ) ) ;
#146 = ORIENTED_EDGE ( 'NONE', *, *, #1554, .F. ) ;
#147 = AXIS2_PLACEMENT_3D ( 'NONE', #135, #2717, #2491 ) ;
#148 = VECTOR ( 'NONE', #1039, 1000.000000000000000 ) ;
#149 = EDGE_CURVE ( 'NONE', #603, #1735, #1281, .T. ) ;
#150 = DIRECTION ( 'NONE',  ( 0.000000000000000000, 1.000000000000000000, 0.000000000000000000 ) ) ;
#151 = LINE ( 'NONE', #1804, #415 ) ;
#152 = COORDINATED_UNIVERSAL_TIME_OFFSET ( 6, 0, .BEHIND. ) ;
#153 = VECTOR ( 'NONE', #1102, 1000.000000000000000 ) ;
#154 = EDGE_CURVE ( 'NONE', #2695, #1845, #2089, .T. ) ;
#155 = DIRECTION ( 'NONE',  ( -0.000000000000000000, -0.000000000000000000, -1.000000000000000000 ) ) ;
#156 = ORIENTED_EDGE ( 'NONE', *, *, #2377, .T. ) ;
#157 = VECTOR ( 'NONE', #1906, 1000.000000000000000 ) ;
#158 = DIRECTION ( 'NONE',  ( -1.000000000000000000, 0.000000000000000000, 0.000000000000000000 ) ) ;
#159 = EDGE_CURVE ( 'NONE', #2600, #1870, #1407, .T. ) ;
#160 = ORIENTED_EDGE ( 'NONE', *, *, #169, .T. ) ;
#161 = FACE_OUTER_BOUND ( 'NONE', #2066, .T. ) ;
#162 = FACE_OUTER_BOUND ( 'NONE', #819, .T. ) ;
#163 = DIRECTION ( 'NONE',  ( 0.000000000000000000, 0.000000000000000000, 1.000000000000000000 ) ) ;
#164 = CARTESIAN_POINT ( 'NONE',  ( -4.979908358811888647, -7.324096938656379230, 152.4000000000000057 ) ) ;
#165 = PERSON_AND_ORGANIZATION_ROLE ( 'design_supplier' ) ;
#166 = DIRECTION ( 'NONE',  ( -1.000000000000000000, 0.000000000000000000, 0.000000000000000000 ) ) ;
#167 = ORIENTED_EDGE ( 'NONE', *, *, #2108, .F. ) ;
#168 = CYLINDRICAL_SURFACE ( 'NONE', #2122, 0.2999999999999994893 ) ;
#169 = EDGE_CURVE ( 'NONE', #1114, #765, #2310, .T. ) ;
#170 = VERTEX_POINT ( 'NONE', #918 ) ;
#171 = DIRECTION ( 'NONE',  ( 1.836970198721030674E-16, 1.836970198721011199E-16, -1.000000000000000000 ) ) ;
#172 = VERTEX_POINT ( 'NONE', #254 ) ;
#173 = EDGE_CURVE ( 'NONE', #1533, #495, #741, .T. ) ;
#174 = AXIS2_PLACEMENT_3D ( 'NONE', #747, #2635, #539 ) ;
#175 = VECTOR ( 'NONE', #827, 1000.000000000000114 ) ;
#176 = DIRECTION ( 'NONE',  ( -0.000000000000000000, 3.673940397442061347E-16, -1.000000000000000000 ) ) ;
#177 = DIRECTION ( 'NONE',  ( -0.000000000000000000, -0.000000000000000000, -1.000000000000000000 ) ) ;
#178 = VECTOR ( 'NONE', #1085, 1000.000000000000114 ) ;
#179 = DATE_TIME_ROLE ( 'classification_date' ) ;
#180 = CIRCLE ( 'NONE', #649, 0.7700916411881568724 ) ;
#181 = DIRECTION ( 'NONE',  ( 0.03489949670244697072, 0.9993908270190976495, 1.771741830716494985E-16 ) ) ;
#182 = ORIENTED_EDGE ( 'NONE', *, *, #2894, .F. ) ;
#183 = LINE ( 'NONE', #850, #1727 ) ;
#184 = FACE_OUTER_BOUND ( 'NONE', #1965, .T. ) ;
#185 = ORIENTED_EDGE ( 'NONE', *, *, #3002, .F. ) ;
#186 = CARTESIAN_POINT ( 'NONE',  ( 2.835204083192895297, -8.019763261177295988, 152.4000000000000057 ) ) ;
#187 = DIRECTION ( 'NONE',  ( 0.000000000000000000, -3.673940397442060361E-16, 1.000000000000000000 ) ) ;
#188 = ORIENTED_EDGE ( 'NONE', *, *, #2172, .F. ) ;
#189 = CARTESIAN_POINT ( 'NONE',  ( -2.524916986076480629, -8.309110660272256865, 152.4000000000000057 ) ) ;
#190 = CARTESIAN_POINT ( 'NONE',  ( 4.979908358811781177, 7.324096938656413869, -152.4000000000000057 ) ) ;
#191 = DATE_AND_TIME ( #2733, #1527 ) ;
#192 = VECTOR ( 'NONE', #337, 1000.000000000000114 ) ;
#193 = CARTESIAN_POINT ( 'NONE',  ( 8.093719460823878720, 4.953032548119618461, -152.4000000000000057 ) ) ;
#194 = DIRECTION ( 'NONE',  ( -1.836970198721030181E-16, -1.836970198721010952E-16, 1.000000000000000000 ) ) ;
#195 = ORIENTED_EDGE ( 'NONE', *, *, #2608, .T. ) ;
#196 = CARTESIAN_POINT ( 'NONE',  ( -4.478679656440274215, -3.223565119834102433, -152.4000000000000057 ) ) ;
#197 = EDGE_CURVE ( 'NONE', #958, #2821, #76, .T. ) ;
#198 = LINE ( 'NONE', #2052, #1927 ) ;
#199 = ORIENTED_EDGE ( 'NONE', *, *, #2106, .T. ) ;
#200 = CARTESIAN_POINT ( 'NONE',  ( 2.835204083192829572, 8.019763261177280000, -152.4000000000000057 ) ) ;
#201 = ORIENTED_EDGE ( 'NONE', *, *, #1087, .T. ) ;
#202 = ORIENTED_EDGE ( 'NONE', *, *, #2869, .T. ) ;
#203 = LINE ( 'NONE', #1121, #1149 ) ;
#204 = DIRECTION ( 'NONE',  ( 0.03489949670244361923, 0.9993908270190977605, 3.671702332218493565E-16 ) ) ;
#205 = EDGE_CURVE ( 'NONE', #2821, #1001, #1961, .T. ) ;
#206 = FACE_OUTER_BOUND ( 'NONE', #2194, .T. ) ;
#207 = DIRECTION ( 'NONE',  ( 1.836970198721030181E-16, -1.836970198721036590E-16, 1.000000000000000000 ) ) ;
#208 = ORIENTED_EDGE ( 'NONE', *, *, #1002, .F. ) ;
#209 = EDGE_CURVE ( 'NONE', #1501, #2600, #2637, .T. ) ;
#210 = CYLINDRICAL_SURFACE ( 'NONE', #472, 0.7700916411881568724 ) ;
#211 = VERTEX_POINT ( 'NONE', #1712 ) ;
#212 = FACE_OUTER_BOUND ( 'NONE', #2069, .T. ) ;
#213 = DIRECTION ( 'NONE',  ( -1.836970198721030181E-16, -1.836970198721010952E-16, 1.000000000000000000 ) ) ;
#214 = CIRCLE ( 'NONE', #2460, 3.000000000000000888 ) ;
#215 = ORIENTED_EDGE ( 'NONE', *, *, #1879, .F. ) ;
#216 = VECTOR ( 'NONE', #2796, 1000.000000000000000 ) ;
#217 = EDGE_CURVE ( 'NONE', #312, #1478, #1466, .T. ) ;
#218 = DIRECTION ( 'NONE',  ( -0.7071067811865483499, 0.7071067811865467956, 2.597868168706485034E-16 ) ) ;
#219 = DIRECTION ( 'NONE',  ( -1.000000000000000000, 0.000000000000000000, 0.000000000000000000 ) ) ;
#220 = AXIS2_PLACEMENT_3D ( 'NONE', #1566, #384, #369 ) ;
#221 = EDGE_CURVE ( 'NONE', #1654, #1352, #2826, .T. ) ;
#222 = DIRECTION ( 'NONE',  ( -3.378929305024675559E-15, -1.000000000000000000, 0.000000000000000000 ) ) ;
#223 = CARTESIAN_POINT ( 'NONE',  ( -5.524445380431064478, 6.779559917037135008, 152.4000000000000057 ) ) ;
#224 = EDGE_LOOP ( 'NONE', ( #1797, #1016, #2754, #1582 ) ) ;
#225 = DIRECTION ( 'NONE',  ( 1.836970198721030674E-16, 1.836970198721011199E-16, -1.000000000000000000 ) ) ;
#226 = ORIENTED_EDGE ( 'NONE', *, *, #2629, .T. ) ;
#227 = DIRECTION ( 'NONE',  ( 0.000000000000000000, 1.000000000000000000, 0.000000000000000000 ) ) ;
#228 = DIRECTION ( 'NONE',  ( 0.000000000000000000, 3.673940397442060361E-16, -1.000000000000000000 ) ) ;
#229 = AXIS2_PLACEMENT_3D ( 'NONE', #2511, #1248, #1349 ) ;
#230 = VERTEX_POINT ( 'NONE', #1730 ) ;
#231 = DIRECTION ( 'NONE',  ( 1.000000000000000000, 0.000000000000000000, 0.000000000000000000 ) ) ;
#232 = DIRECTION ( 'NONE',  ( -1.000000000000000000, 0.000000000000000000, 0.000000000000000000 ) ) ;
#233 = EDGE_CURVE ( 'NONE', #2535, #346, #541, .T. ) ;
#234 = CIRCLE ( 'NONE', #2719, 2.149999999999999911 ) ;
#235 = LINE ( 'NONE', #635, #2339 ) ;
#236 = CARTESIAN_POINT ( 'NONE',  ( 2.824734234182161963, -8.319580509282912928, -152.4000000000000057 ) ) ;
#237 = EDGE_LOOP ( 'NONE', ( #1054, #2285, #1103, #276 ) ) ;
#238 = EDGE_CURVE ( 'NONE', #2862, #736, #1380, .T. ) ;
#239 = ORIENTED_EDGE ( 'NONE', *, *, #349, .T. ) ;
#240 = FACE_OUTER_BOUND ( 'NONE', #721, .T. ) ;
#241 = ORIENTED_EDGE ( 'NONE', *, *, #2578, .F. ) ;
#242 = DIRECTION ( 'NONE',  ( -0.03489949670245220265, 0.9993908270190975385, 0.000000000000000000 ) ) ;
#243 = EDGE_CURVE ( 'NONE', #2876, #1577, #2408, .T. ) ;
#244 = ORIENTED_EDGE ( 'NONE', *, *, #159, .F. ) ;
#245 = AXIS2_PLACEMENT_3D ( 'NONE', #699, #875, #1123 ) ;
#246 = FACE_OUTER_BOUND ( 'NONE', #313, .T. ) ;
#247 = CARTESIAN_POINT ( 'NONE',  ( -2.835204083192941482, -8.019763261177260460, 152.4000000000000057 ) ) ;
#248 = CARTESIAN_POINT ( 'NONE',  ( 7.324096938656407652, 4.979908358811790947, 152.4000000000000057 ) ) ;
#249 = CYLINDRICAL_SURFACE ( 'NONE', #1199, 0.2999999999999999334 ) ;
#250 = VERTEX_POINT ( 'NONE', #112 ) ;
#251 = EDGE_LOOP ( 'NONE', ( #2671, #493, #538, #2996 ) ) ;
#252 = PLANE ( 'NONE',  #90 ) ;
#253 = ORIENTED_EDGE ( 'NONE', *, *, #2734, .T. ) ;
#254 = CARTESIAN_POINT ( 'NONE',  ( 8.019763261177262237, -2.835204083192773616, -152.4000000000000057 ) ) ;
#255 = PRODUCT ( '5537T501_T-Slotted Framing', '5537T501_T-Slotted Framing', '', ( #1552 ) ) ;
#256 = EDGE_CURVE ( 'NONE', #1870, #1940, #559, .T. ) ;
#257 = CARTESIAN_POINT ( 'NONE',  ( -7.324096938656442290, -4.979908358811797164, 152.4000000000000057 ) ) ;
#258 = VERTEX_POINT ( 'NONE', #1663 ) ;
#259 = DIRECTION ( 'NONE',  ( -0.000000000000000000, -0.000000000000000000, -1.000000000000000000 ) ) ;
#260 = DIRECTION ( 'NONE',  ( -1.836970198721030181E-16, -1.836970198721010952E-16, 1.000000000000000000 ) ) ;
#261 = DIRECTION ( 'NONE',  ( -0.000000000000000000, -0.000000000000000000, -1.000000000000000000 ) ) ;
#262 = CARTESIAN_POINT ( 'NONE',  ( 3.223565119834181036, 4.478679656440252899, 152.4000000000000057 ) ) ;
#263 = ORIENTED_EDGE ( 'NONE', *, *, #1316, .T. ) ;
#264 = LOCAL_TIME ( 10, 40, 11.00000000000000000, #874 ) ;
#265 = CARTESIAN_POINT ( 'NONE',  ( 6.599999999999950795, 1.102244776274490690, 152.4000000000000057 ) ) ;
#266 = ORIENTED_EDGE ( 'NONE', *, *, #1747, .T. ) ;
#267 = DIRECTION ( 'NONE',  ( 0.9993908270190975385, 0.03489949670245220265, -1.771741830716478715E-16 ) ) ;
#268 = AXIS2_PLACEMENT_3D ( 'NONE', #601, #373, #2227 ) ;
#269 = CYLINDRICAL_SURFACE ( 'NONE', #821, 0.7700916411881568724 ) ;
#270 = VERTEX_POINT ( 'NONE', #509 ) ;
#271 = DIRECTION ( 'NONE',  ( 1.000000000000000000, 0.000000000000000000, 0.000000000000000000 ) ) ;
#272 = CARTESIAN_POINT ( 'NONE',  ( -9.998781654038179312, 7.930201006595019031, 152.4000000000000057 ) ) ;
#273 = CARTESIAN_POINT ( 'NONE',  ( 8.019763261177262237, -2.835204083192885527, 152.4000000000000057 ) ) ;
#274 = CARTESIAN_POINT ( 'NONE',  ( -3.599999999999957012, -1.102244776274531324, 152.4000000000000057 ) ) ;
#275 = CIRCLE ( 'NONE', #1985, 0.7700916411881568724 ) ;
#276 = ORIENTED_EDGE ( 'NONE', *, *, #896, .T. ) ;
#277 = LINE ( 'NONE', #2145, #2658 ) ;
#278 = CARTESIAN_POINT ( 'NONE',  ( -2.835204083192941482, -8.019763261177260460, 152.4000000000000057 ) ) ;
#279 = ORIENTED_EDGE ( 'NONE', *, *, #233, .T. ) ;
#280 = CYLINDRICAL_SURFACE ( 'NONE', #2262, 0.8000000000000008216 ) ;
#281 = AXIS2_PLACEMENT_3D ( 'NONE', #491, #2385, #2350 ) ;
#282 = VECTOR ( 'NONE', #876, 1000.000000000000000 ) ;
#283 = ADVANCED_FACE ( 'NONE', ( #2199 ), #64, .F. ) ;
#284 = ORIENTED_EDGE ( 'NONE', *, *, #477, .T. ) ;
#285 = CARTESIAN_POINT ( 'NONE',  ( -10.00000000000003020, -7.999999999999901412, 152.4000000000000057 ) ) ;
#286 = ORIENTED_EDGE ( 'NONE', *, *, #2832, .F. ) ;
#287 = CARTESIAN_POINT ( 'NONE',  ( -5.524445380431064478, 6.779559917037135008, 152.4000000000000057 ) ) ;
#288 = DIRECTION ( 'NONE',  ( -0.9993908270190977605, 0.03489949670244348046, 0.000000000000000000 ) ) ;
#289 = DIRECTION ( 'NONE',  ( -1.000000000000000000, 0.000000000000000000, 0.000000000000000000 ) ) ;
#290 = FACE_OUTER_BOUND ( 'NONE', #617, .T. ) ;
#291 = EDGE_LOOP ( 'NONE', ( #1807, #2164, #1545, #1812 ) ) ;
#292 = LINE ( 'NONE', #2176, #1669 ) ;
#293 = EDGE_CURVE ( 'NONE', #1813, #1725, #2793, .T. ) ;
#294 = CARTESIAN_POINT ( 'NONE',  ( 6.779559917037126127, 5.524445380431068919, -152.4000000000000057 ) ) ;
#295 = ORIENTED_EDGE ( 'NONE', *, *, #545, .F. ) ;
#296 = DIRECTION ( 'NONE',  ( -0.000000000000000000, 3.673940397442061347E-16, -1.000000000000000000 ) ) ;
#297 = VERTEX_POINT ( 'NONE', #2165 ) ;
#298 = ORIENTED_EDGE ( 'NONE', *, *, #1623, .F. ) ;
#299 = DIRECTION ( 'NONE',  ( 0.000000000000000000, -3.673940397442060361E-16, 1.000000000000000000 ) ) ;
#300 = VERTEX_POINT ( 'NONE', #2392 ) ;
#301 = CARTESIAN_POINT ( 'NONE',  ( 3.223565119834181036, 4.478679656440252899, 152.4000000000000057 ) ) ;
#302 = CARTESIAN_POINT ( 'NONE',  ( -6.599999999999901945, -1.102244776274444504, -152.4000000000000057 ) ) ;
#303 = CARTESIAN_POINT ( 'NONE',  ( 9.998781654038168654, 7.930201006595035018, 152.4000000000000057 ) ) ;
#304 = FACE_OUTER_BOUND ( 'NONE', #530, .T. ) ;
#305 = ORIENTED_EDGE ( 'NONE', *, *, #468, .F. ) ;
#306 =( NAMED_UNIT ( * ) SI_UNIT ( $, .STERADIAN. ) SOLID_ANGLE_UNIT ( ) );
#307 = AXIS2_PLACEMENT_3D ( 'NONE', #1911, #2390, #1432 ) ;
#308 = CARTESIAN_POINT ( 'NONE',  ( 7.999999999999974243, 7.999999999999928946, 152.4000000000000057 ) ) ;
#309 = ORIENTED_EDGE ( 'NONE', *, *, #1609, .T. ) ;
#310 = DIRECTION ( 'NONE',  ( -0.7071067811865517916, -0.7071067811865432429, -2.597868168706466792E-16 ) ) ;
#311 = AXIS2_PLACEMENT_3D ( 'NONE', #143, #1055, #2032 ) ;
#312 = VERTEX_POINT ( 'NONE', #526 ) ;
#313 = EDGE_LOOP ( 'NONE', ( #1101, #2130, #1858, #1433 ) ) ;
#314 = DIRECTION ( 'NONE',  ( -0.000000000000000000, -0.000000000000000000, -1.000000000000000000 ) ) ;
#315 = EDGE_LOOP ( 'NONE', ( #1448, #2316, #445, #201 ) ) ;
#316 = DIRECTION ( 'NONE',  ( -0.03489949670244521518, 0.9993908270190976495, 1.771741830716472552E-16 ) ) ;
#317 = DIRECTION ( 'NONE',  ( -0.7071067811865506814, 0.7071067811865443531, 0.000000000000000000 ) ) ;
#318 = ADVANCED_FACE ( 'NONE', ( #2889 ), #1271, .F. ) ;
#319 = DIRECTION ( 'NONE',  ( 1.836970198721030674E-16, 1.836970198721011199E-16, -1.000000000000000000 ) ) ;
#320 = LINE ( 'NONE', #519, #2480 ) ;
#321 = ORIENTED_EDGE ( 'NONE', *, *, #2397, .F. ) ;
#322 = DIRECTION ( 'NONE',  ( -1.000000000000000000, 0.000000000000000000, 0.000000000000000000 ) ) ;
#323 = ADVANCED_FACE ( 'NONE', ( #326 ), #280, .T. ) ;
#324 = CARTESIAN_POINT ( 'NONE',  ( 9.036603836547584478, -2.499999999999981348, 152.4000000000000057 ) ) ;
#325 = EDGE_LOOP ( 'NONE', ( #338, #1218, #1033, #2970 ) ) ;
#326 = FACE_OUTER_BOUND ( 'NONE', #520, .T. ) ;
#327 = EDGE_CURVE ( 'NONE', #2878, #1813, #1680, .T. ) ;
#328 = ORIENTED_EDGE ( 'NONE', *, *, #651, .F. ) ;
#329 = ORIENTED_EDGE ( 'NONE', *, *, #672, .F. ) ;
#330 = VECTOR ( 'NONE', #1112, 1000.000000000000114 ) ;
#331 = DIRECTION ( 'NONE',  ( -1.836970198721030674E-16, 1.836970198721037083E-16, -1.000000000000000000 ) ) ;
#332 = ORIENTED_EDGE ( 'NONE', *, *, #77, .T. ) ;
#333 = CYLINDRICAL_SURFACE ( 'NONE', #1096, 3.000000000000000000 ) ;
#334 = CARTESIAN_POINT ( 'NONE',  ( -2.824734234182161963, 8.319580509282967995, 152.4000000000000057 ) ) ;
#335 = AXIS2_PLACEMENT_3D ( 'NONE', #1638, #1933, #1176 ) ;
#336 = CARTESIAN_POINT ( 'NONE',  ( 3.299999999999985612, 9.036603836547545399, 152.4000000000000057 ) ) ;
#337 = DIRECTION ( 'NONE',  ( 0.7071067811865496822, -0.7071067811865454633, -0.000000000000000000 ) ) ;
#338 = ORIENTED_EDGE ( 'NONE', *, *, #1015, .T. ) ;
#339 = CARTESIAN_POINT ( 'NONE',  ( -7.999999999999984901, 7.999999999999918288, 152.4000000000000057 ) ) ;
#340 = AXIS2_PLACEMENT_3D ( 'NONE', #248, #416, #222 ) ;
#341 = CARTESIAN_POINT ( 'NONE',  ( -7.324096938656403211, 4.979908358811783842, 152.4000000000000057 ) ) ;
#342 = ORIENTED_EDGE ( 'NONE', *, *, #83, .F. ) ;
#343 = CARTESIAN_POINT ( 'NONE',  ( 6.779559917037181194, -5.524445380431064478, 152.4000000000000057 ) ) ;
#344 = EDGE_CURVE ( 'NONE', #172, #230, #997, .T. ) ;
#345 = ORIENTED_EDGE ( 'NONE', *, *, #1723, .F. ) ;
#346 = VERTEX_POINT ( 'NONE', #1207 ) ;
#347 = CARTESIAN_POINT ( 'NONE',  ( 9.836116498162876809, 3.272080402637982832, 152.4000000000000057 ) ) ;
#348 = VERTEX_POINT ( 'NONE', #1930 ) ;
#349 = EDGE_CURVE ( 'NONE', #2393, #1589, #2554, .T. ) ;
#350 = DIRECTION ( 'NONE',  ( -1.836970198721030674E-16, 1.836970198721037083E-16, -1.000000000000000000 ) ) ;
#351 = ADVANCED_FACE ( 'NONE', ( #766 ), #127, .F. ) ;
#352 = CARTESIAN_POINT ( 'NONE',  ( -2.824734234182161963, 8.319580509282967995, -152.4000000000000057 ) ) ;
#353 = DIRECTION ( 'NONE',  ( -0.000000000000000000, -0.000000000000000000, -1.000000000000000000 ) ) ;
#354 = VERTEX_POINT ( 'NONE', #1530 ) ;
#355 = CIRCLE ( 'NONE', #2061, 0.2999999999999999334 ) ;
#356 = DIRECTION ( 'NONE',  ( -1.000000000000000000, 0.000000000000000000, 0.000000000000000000 ) ) ;
#357 = VERTEX_POINT ( 'NONE', #1765 ) ;
#358 = DIRECTION ( 'NONE',  ( 1.000000000000000000, 0.000000000000000000, 0.000000000000000000 ) ) ;
#359 = VECTOR ( 'NONE', #1188, 1000.000000000000000 ) ;
#360 = ORIENTED_EDGE ( 'NONE', *, *, #1723, .T. ) ;
#361 = DIRECTION ( 'NONE',  ( -1.836970198721030674E-16, 1.836970198721037083E-16, -1.000000000000000000 ) ) ;
#362 = ORIENTED_EDGE ( 'NONE', *, *, #1463, .T. ) ;
#363 = CIRCLE ( 'NONE', #643, 0.7700916411881568724 ) ;
#364 = EDGE_CURVE ( 'NONE', #297, #354, #2965, .T. ) ;
#365 = EDGE_CURVE ( 'NONE', #1845, #1393, #1290, .T. ) ;
#366 = FACE_OUTER_BOUND ( 'NONE', #2815, .T. ) ;
#367 = VECTOR ( 'NONE', #317, 1000.000000000000000 ) ;
#368 = LINE ( 'NONE', #1067, #1185 ) ;
#369 = DIRECTION ( 'NONE',  ( 1.000000000000000000, 0.000000000000000000, 0.000000000000000000 ) ) ;
#370 = AXIS2_PLACEMENT_3D ( 'NONE', #102, #1953, #2881 ) ;
#371 = FACE_OUTER_BOUND ( 'NONE', #544, .T. ) ;
#372 = ORIENTED_EDGE ( 'NONE', *, *, #1904, .T. ) ;
#373 = DIRECTION ( 'NONE',  ( -0.9993908270190974275, -0.03489949670245183488, 0.000000000000000000 ) ) ;
#374 = ORIENTED_EDGE ( 'NONE', *, *, #238, .F. ) ;
#375 = LINE ( 'NONE', #1308, #621 ) ;
#376 = ORIENTED_EDGE ( 'NONE', *, *, #1295, .F. ) ;
#377 = VECTOR ( 'NONE', #1969, 1000.000000000000000 ) ;
#378 = AXIS2_PLACEMENT_3D ( 'NONE', #489, #756, #1921 ) ;
#379 = CIRCLE ( 'NONE', #2914, 0.7999999999999990452 ) ;
#380 = VECTOR ( 'NONE', #2736, 1000.000000000000000 ) ;
#381 = LINE ( 'NONE', #2883, #2374 ) ;
#382 = ORIENTED_EDGE ( 'NONE', *, *, #580, .T. ) ;
#383 = PLANE ( 'NONE',  #1578 ) ;
#384 = DIRECTION ( 'NONE',  ( 0.000000000000000000, 0.000000000000000000, 1.000000000000000000 ) ) ;
#385 = EDGE_CURVE ( 'NONE', #1409, #2862, #1872, .T. ) ;
#386 = VECTOR ( 'NONE', #2830, 1000.000000000000000 ) ;
#387 = ADVANCED_FACE ( 'NONE', ( #2935 ), #839, .T. ) ;
#388 = DIRECTION ( 'NONE',  ( -1.836970198721030674E-16, 1.836970198721037083E-16, -1.000000000000000000 ) ) ;
#389 = ORIENTED_EDGE ( 'NONE', *, *, #396, .T. ) ;
#390 = AXIS2_PLACEMENT_3D ( 'NONE', #987, #2817, #501 ) ;
#391 = CARTESIAN_POINT ( 'NONE',  ( -3.599999999999919265, -3.035766082959412415E-14, 152.4000000000000057 ) ) ;
#392 = ADVANCED_FACE ( 'NONE', ( #1570 ), #2906, .F. ) ;
#393 = EDGE_LOOP ( 'NONE', ( #87, #1645, #389, #504 ) ) ;
#394 = PLANE ( 'NONE',  #773 ) ;
#395 = ORIENTED_EDGE ( 'NONE', *, *, #132, .F. ) ;
#396 = EDGE_CURVE ( 'NONE', #863, #1542, #1780, .T. ) ;
#397 = CARTESIAN_POINT ( 'NONE',  ( -2.835204083192895297, 8.019763261177239144, -152.4000000000000057 ) ) ;
#398 = LINE ( 'NONE', #2028, #564 ) ;
#399 = APPLICATION_PROTOCOL_DEFINITION ( 'international standard', 'config_control_design', 1994, #2564 ) ;
#400 = CARTESIAN_POINT ( 'NONE',  ( -7.324096938656403211, 4.979908358811783842, 152.4000000000000057 ) ) ;
#401 = ORIENTED_EDGE ( 'NONE', *, *, #1904, .F. ) ;
#402 = DIRECTION ( 'NONE',  ( 1.000000000000000000, 7.082143467515322941E-15, -0.000000000000000000 ) ) ;
#403 = DIRECTION ( 'NONE',  ( -0.9993908270190973164, -0.03489949670245568597, -1.282186707855479230E-17 ) ) ;
#404 = VERTEX_POINT ( 'NONE', #2242 ) ;
#405 = CARTESIAN_POINT ( 'NONE',  ( 3.223565119834176596, -4.478679656440211154, -152.4000000000000057 ) ) ;
#406 = CARTESIAN_POINT ( 'NONE',  ( 4.979908358811838021, 7.324096938656357025, 152.4000000000000057 ) ) ;
#407 = AXIS2_PLACEMENT_3D ( 'NONE', #995, #1497, #1942 ) ;
#408 = CIRCLE ( 'NONE', #2703, 3.000000000000000000 ) ;
#409 = ORIENTED_EDGE ( 'NONE', *, *, #233, .F. ) ;
#410 = DIRECTION ( 'NONE',  ( -0.9993908270190976495, 0.03489949670244710256, 1.899960501502004744E-16 ) ) ;
#411 = CARTESIAN_POINT ( 'NONE',  ( 4.478679656440251122, 3.223565119834190362, -152.4000000000000057 ) ) ;
#412 = VECTOR ( 'NONE', #2051, 1000.000000000000114 ) ;
#413 = PERSON_AND_ORGANIZATION_ROLE ( 'creator' ) ;
#414 = ADVANCED_FACE ( 'NONE', ( #1072 ), #1099, .F. ) ;
#415 = VECTOR ( 'NONE', #2464, 1000.000000000000000 ) ;
#416 = DIRECTION ( 'NONE',  ( -1.836970198721030181E-16, 1.836970198721036590E-16, -1.000000000000000000 ) ) ;
#417 = FACE_OUTER_BOUND ( 'NONE', #291, .T. ) ;
#418 = ADVANCED_FACE ( 'NONE', ( #865 ), #168, .T. ) ;
#419 = VERTEX_POINT ( 'NONE', #2483 ) ;
#420 = CARTESIAN_POINT ( 'NONE',  ( 2.500487338384650648, 9.008684239185646092, -152.4000000000000057 ) ) ;
#421 = VECTOR ( 'NONE', #1396, 1000.000000000000114 ) ;
#422 = FACE_OUTER_BOUND ( 'NONE', #2605, .T. ) ;
#423 = ORIENTED_EDGE ( 'NONE', *, *, #2516, .F. ) ;
#424 = EDGE_CURVE ( 'NONE', #1932, #1338, #802, .T. ) ;
#425 = CARTESIAN_POINT ( 'NONE',  ( -8.094188579844542986, -4.979908358811768743, -152.4000000000000057 ) ) ;
#426 = ORIENTED_EDGE ( 'NONE', *, *, #856, .T. ) ;
#427 = ORIENTED_EDGE ( 'NONE', *, *, #1398, .T. ) ;
#428 = EDGE_CURVE ( 'NONE', #2245, #2335, #2254, .T. ) ;
#429 = DIRECTION ( 'NONE',  ( 0.9993908270190977605, 0.03489949670244130164, 1.899960501501993650E-16 ) ) ;
#430 = DIRECTION ( 'NONE',  ( -0.000000000000000000, -0.000000000000000000, -1.000000000000000000 ) ) ;
#431 = CIRCLE ( 'NONE', #1254, 0.8000000000000003775 ) ;
#432 = DIRECTION ( 'NONE',  ( 0.03489949670245220265, -0.9993908270190974275, -1.899960501502020028E-16 ) ) ;
#433 = CARTESIAN_POINT ( 'NONE',  ( -5.749999999999989342, -7.324096938656350808, -152.4000000000000057 ) ) ;
#434 = ORIENTED_EDGE ( 'NONE', *, *, #1311, .T. ) ;
#435 = LINE ( 'NONE', #1825, #412 ) ;
#436 = AXIS2_PLACEMENT_3D ( 'NONE', #186, #1811, #1606 ) ;
#437 = DIRECTION ( 'NONE',  ( -0.000000000000000000, -0.000000000000000000, -1.000000000000000000 ) ) ;
#438 = ORIENTED_EDGE ( 'NONE', *, *, #2006, .T. ) ;
#439 = DIRECTION ( 'NONE',  ( 1.000000000000000000, 0.000000000000000000, 0.000000000000000000 ) ) ;
#440 = DIRECTION ( 'NONE',  ( 1.000000000000000000, 0.000000000000000000, 0.000000000000000000 ) ) ;
#441 = ADVANCED_FACE ( 'NONE', ( #1808 ), #1330, .F. ) ;
#442 = ORIENTED_EDGE ( 'NONE', *, *, #2401, .T. ) ;
#443 = EDGE_CURVE ( 'NONE', #1940, #1114, #2949, .T. ) ;
#444 = FACE_OUTER_BOUND ( 'NONE', #1929, .T. ) ;
#445 = ORIENTED_EDGE ( 'NONE', *, *, #1619, .T. ) ;
#446 = LINE ( 'NONE', #2760, #2997 ) ;
#447 = EDGE_CURVE ( 'NONE', #718, #2020, #183, .T. ) ;
#448 = CYLINDRICAL_SURFACE ( 'NONE', #2730, 0.2999999999999999334 ) ;
#449 = CARTESIAN_POINT ( 'NONE',  ( -8.319580509283024838, -2.824734234182102899, 152.4000000000000057 ) ) ;
#450 = EDGE_LOOP ( 'NONE', ( #1828, #2169, #59, #2501 ) ) ;
#451 = ORIENTED_EDGE ( 'NONE', *, *, #1415, .F. ) ;
#452 = DIRECTION ( 'NONE',  ( -1.836970198721030674E-16, 1.836970198721037083E-16, -1.000000000000000000 ) ) ;
#453 = ORIENTED_EDGE ( 'NONE', *, *, #2933, .T. ) ;
#454 = DIRECTION ( 'NONE',  ( -0.000000000000000000, 3.673940397442061347E-16, -1.000000000000000000 ) ) ;
#455 = DIRECTION ( 'NONE',  ( -1.000000000000000000, 0.000000000000000000, 0.000000000000000000 ) ) ;
#456 = AXIS2_PLACEMENT_3D ( 'NONE', #308, #2616, #2599 ) ;
#457 = VERTEX_POINT ( 'NONE', #420 ) ;
#458 = EDGE_CURVE ( 'NONE', #1089, #1465, #2752, .T. ) ;
#459 = VECTOR ( 'NONE', #1637, 1000.000000000000000 ) ;
#460 = CARTESIAN_POINT ( 'NONE',  ( 3.599999999999945910, -4.056475864834359358E-14, 152.4000000000000057 ) ) ;
#461 = CYLINDRICAL_SURFACE ( 'NONE', #1137, 0.7700916411881568724 ) ;
#462 = EDGE_CURVE ( 'NONE', #1976, #1832, #1182, .T. ) ;
#463 = AXIS2_PLACEMENT_3D ( 'NONE', #2213, #1946, #1698 ) ;
#464 = LOCAL_TIME ( 10, 40, 11.00000000000000000, #152 ) ;
#465 = FACE_OUTER_BOUND ( 'NONE', #325, .T. ) ;
#466 = CARTESIAN_POINT ( 'NONE',  ( -9.998781654038225497, -7.930201006595020807, 152.4000000000000057 ) ) ;
#467 = ORIENTED_EDGE ( 'NONE', *, *, #205, .F. ) ;
#468 = EDGE_CURVE ( 'NONE', #2695, #170, #435, .T. ) ;
#469 = DIRECTION ( 'NONE',  ( -3.469446951953613006E-15, -1.000000000000000000, 0.000000000000000000 ) ) ;
#470 = ORIENTED_EDGE ( 'NONE', *, *, #132, .T. ) ;
#471 = DIRECTION ( 'NONE',  ( 1.040834085586084257E-14, 1.000000000000000000, 0.000000000000000000 ) ) ;
#472 = AXIS2_PLACEMENT_3D ( 'NONE', #481, #2343, #1363 ) ;
#473 = ORIENTED_EDGE ( 'NONE', *, *, #1242, .T. ) ;
#474 = DIRECTION ( 'NONE',  ( -2.704576509119208891E-15, -1.000000000000000000, 0.000000000000000000 ) ) ;
#475 = DIRECTION ( 'NONE',  ( 0.000000000000000000, -3.673940397442060361E-16, 1.000000000000000000 ) ) ;
#476 = CARTESIAN_POINT ( 'NONE',  ( 8.019763261177221381, 2.835204083192895297, -152.4000000000000057 ) ) ;
#477 = EDGE_CURVE ( 'NONE', #1735, #2180, #2751, .T. ) ;
#478 = CARTESIAN_POINT ( 'NONE',  ( -8.094188579844599829, -4.979908358811768743, 152.4000000000000057 ) ) ;
#479 = ORIENTED_EDGE ( 'NONE', *, *, #679, .T. ) ;
#480 = EDGE_CURVE ( 'NONE', #1781, #250, #939, .T. ) ;
#481 = CARTESIAN_POINT ( 'NONE',  ( 4.979908358811845126, -7.324096938656416533, 152.4000000000000057 ) ) ;
#482 = VERTEX_POINT ( 'NONE', #196 ) ;
#483 = DIRECTION ( 'NONE',  ( -0.000000000000000000, 3.673940397442061347E-16, -1.000000000000000000 ) ) ;
#484 = VECTOR ( 'NONE', #2713, 1000.000000000000000 ) ;
#485 = EDGE_CURVE ( 'NONE', #1533, #2080, #2979, .T. ) ;
#486 = DIRECTION ( 'NONE',  ( 0.9993908270190975385, 0.03489949670244835156, -1.771741830716485617E-16 ) ) ;
#487 = ORIENTED_EDGE ( 'NONE', *, *, #1496, .T. ) ;
#488 = VECTOR ( 'NONE', #566, 1000.000000000000000 ) ;
#489 = CARTESIAN_POINT ( 'NONE',  ( -9.998781654038225497, -7.930201006595020807, 152.4000000000000057 ) ) ;
#490 = FACE_OUTER_BOUND ( 'NONE', #1243, .T. ) ;
#491 = CARTESIAN_POINT ( 'NONE',  ( -7.999999999999984901, 7.999999999999918288, 152.4000000000000057 ) ) ;
#492 = PLANE ( 'NONE',  #1745 ) ;
#493 = ORIENTED_EDGE ( 'NONE', *, *, #1966, .F. ) ;
#494 = DIRECTION ( 'NONE',  ( 1.836970198721030674E-16, 1.836970198721011199E-16, -1.000000000000000000 ) ) ;
#495 = VERTEX_POINT ( 'NONE', #1907 ) ;
#496 = DIRECTION ( 'NONE',  ( 0.000000000000000000, 0.000000000000000000, 1.000000000000000000 ) ) ;
#497 = DIRECTION ( 'NONE',  ( -0.7071067811865496822, 0.7071067811865454633, 2.597868168706472708E-16 ) ) ;
#498 = ORIENTED_EDGE ( 'NONE', *, *, #468, .T. ) ;
#499 = VECTOR ( 'NONE', #507, 1000.000000000000000 ) ;
#500 = LINE ( 'NONE', #1423, #1689 ) ;
#501 = DIRECTION ( 'NONE',  ( 0.000000000000000000, 1.000000000000000000, 0.000000000000000000 ) ) ;
#502 = CARTESIAN_POINT ( 'NONE',  ( -7.930201006595095414, -9.998781654038069178, -152.4000000000000057 ) ) ;
#503 = CARTESIAN_POINT ( 'NONE',  ( 4.478679656440251122, 3.223565119834189474, -152.4000000000000057 ) ) ;
#504 = ORIENTED_EDGE ( 'NONE', *, *, #1884, .T. ) ;
#505 = FACE_OUTER_BOUND ( 'NONE', #2981, .T. ) ;
#506 = EDGE_CURVE ( 'NONE', #144, #1781, #2797, .T. ) ;
#507 = DIRECTION ( 'NONE',  ( 0.03489949670244348046, 0.9993908270190977605, 0.000000000000000000 ) ) ;
#508 = VERTEX_POINT ( 'NONE', #2835 ) ;
#509 = CARTESIAN_POINT ( 'NONE',  ( 7.930201006595097191, -9.998781654038058520, -152.4000000000000057 ) ) ;
#510 = VECTOR ( 'NONE', #647, 1000.000000000000000 ) ;
#511 = ORIENTED_EDGE ( 'NONE', *, *, #2899, .F. ) ;
#512 = DIRECTION ( 'NONE',  ( -3.469446951953613006E-15, -1.000000000000000000, 0.000000000000000000 ) ) ;
#513 = ORIENTED_EDGE ( 'NONE', *, *, #424, .T. ) ;
#514 = VECTOR ( 'NONE', #1935, 1000.000000000000000 ) ;
#515 = LINE ( 'NONE', #1891, #708 ) ;
#516 = FACE_OUTER_BOUND ( 'NONE', #592, .T. ) ;
#517 = EDGE_CURVE ( 'NONE', #211, #978, #2192, .T. ) ;
#518 = CARTESIAN_POINT ( 'NONE',  ( -2.835204083192885527, -8.019763261177205393, -152.4000000000000057 ) ) ;
#519 = CARTESIAN_POINT ( 'NONE',  ( -9.998781654038168654, -7.930201006594965740, -152.4000000000000057 ) ) ;
#520 = EDGE_LOOP ( 'NONE', ( #734, #1766, #195, #1274 ) ) ;
#521 =( LENGTH_UNIT ( ) NAMED_UNIT ( * ) SI_UNIT ( .MILLI., .METRE. ) );
#522 = EDGE_CURVE ( 'NONE', #1329, #2891, #1198, .T. ) ;
#523 = AXIS2_PLACEMENT_3D ( 'NONE', #1624, #218, #2561 ) ;
#524 = CYLINDRICAL_SURFACE ( 'NONE', #1717, 3.000000000000000888 ) ;
#525 = ORIENTED_EDGE ( 'NONE', *, *, #2644, .F. ) ;
#526 = CARTESIAN_POINT ( 'NONE',  ( 3.599999999999927702, -1.102244776274566851, 152.4000000000000057 ) ) ;
#527 = VECTOR ( 'NONE', #1006, 1000.000000000000000 ) ;
#528 = CIRCLE ( 'NONE', #1059, 0.3000000000000003775 ) ;
#529 = AXIS2_PLACEMENT_3D ( 'NONE', #1146, #1607, #2785 ) ;
#530 = EDGE_LOOP ( 'NONE', ( #2319, #1391, #423, #142 ) ) ;
#531 = DIRECTION ( 'NONE',  ( -0.000000000000000000, -0.000000000000000000, -1.000000000000000000 ) ) ;
#532 = ORIENTED_EDGE ( 'NONE', *, *, #2958, .F. ) ;
#533 = VECTOR ( 'NONE', #2286, 1000.000000000000000 ) ;
#534 = CARTESIAN_POINT ( 'NONE',  ( 3.599999999999927702, -1.102244776274454940, -152.4000000000000057 ) ) ;
#535 = LINE ( 'NONE', #1456, #1020 ) ;
#536 = CARTESIAN_POINT ( 'NONE',  ( 0.000000000000000000, 0.000000000000000000, 152.4000000000000057 ) ) ;
#537 = CARTESIAN_POINT ( 'NONE',  ( 3.272080402638045005, -9.836116498162780886, -152.4000000000000057 ) ) ;
#538 = ORIENTED_EDGE ( 'NONE', *, *, #1916, .F. ) ;
#539 = DIRECTION ( 'NONE',  ( -3.378929305024675559E-15, -1.000000000000000000, 0.000000000000000000 ) ) ;
#540 = ORIENTED_EDGE ( 'NONE', *, *, #2062, .F. ) ;
#541 = LINE ( 'NONE', #1913, #29 ) ;
#542 = ORIENTED_EDGE ( 'NONE', *, *, #2147, .T. ) ;
#543 = CARTESIAN_POINT ( 'NONE',  ( -1.102244776274541760, 6.599999999999918820, 152.4000000000000057 ) ) ;
#544 = EDGE_LOOP ( 'NONE', ( #941, #111, #716, #101 ) ) ;
#545 = EDGE_CURVE ( 'NONE', #1614, #258, #2807, .T. ) ;
#546 = EDGE_CURVE ( 'NONE', #2801, #1824, #379, .T. ) ;
#547 = DIRECTION ( 'NONE',  ( -0.000000000000000000, 3.673940397442061347E-16, -1.000000000000000000 ) ) ;
#548 = DIRECTION ( 'NONE',  ( -0.000000000000000000, -0.000000000000000000, -1.000000000000000000 ) ) ;
#549 = CARTESIAN_POINT ( 'NONE',  ( -7.999999999999984901, 7.999999999999918288, -152.4000000000000057 ) ) ;
#550 = ADVANCED_FACE ( 'NONE', ( #1215 ), #2612, .T. ) ;
#551 = CARTESIAN_POINT ( 'NONE',  ( -2.835204083192941482, -8.019763261177260460, 152.4000000000000057 ) ) ;
#552 = ORIENTED_EDGE ( 'NONE', *, *, #1139, .F. ) ;
#553 = CARTESIAN_POINT ( 'NONE',  ( -4.953032548119619349, 8.093719460823889378, -152.4000000000000057 ) ) ;
#554 = CIRCLE ( 'NONE', #2900, 0.7700916411881568724 ) ;
#555 = EDGE_CURVE ( 'NONE', #1338, #419, #2126, .T. ) ;
#556 = LINE ( 'NONE', #2842, #499 ) ;
#557 = ORIENTED_EDGE ( 'NONE', *, *, #2354, .T. ) ;
#558 = CARTESIAN_POINT ( 'NONE',  ( -4.478679656440330170, -3.223565119834157500, 152.4000000000000057 ) ) ;
#559 = CIRCLE ( 'NONE', #1336, 0.8000000000000003775 ) ;
#560 = ORIENTED_EDGE ( 'NONE', *, *, #1415, .T. ) ;
#561 = AXIS2_PLACEMENT_3D ( 'NONE', #549, #1643, #2142 ) ;
#562 = FACE_OUTER_BOUND ( 'NONE', #1354, .T. ) ;
#563 = ORIENTED_EDGE ( 'NONE', *, *, #1190, .F. ) ;
#564 = VECTOR ( 'NONE', #1759, 1000.000000000000000 ) ;
#565 = CARTESIAN_POINT ( 'NONE',  ( 2.500487338384722147, -9.008684239185662079, 152.4000000000000057 ) ) ;
#566 = DIRECTION ( 'NONE',  ( -0.000000000000000000, 3.673940397442061347E-16, -1.000000000000000000 ) ) ;
#567 = AXIS2_PLACEMENT_3D ( 'NONE', #2035, #1262, #1019 ) ;
#568 = DIRECTION ( 'NONE',  ( 0.9993908270190977605, -0.03489949670244361923, -1.282186707855035804E-17 ) ) ;
#569 = FACE_OUTER_BOUND ( 'NONE', #2442, .T. ) ;
#570 = ORIENTED_EDGE ( 'NONE', *, *, #344, .F. ) ;
#571 = CARTESIAN_POINT ( 'NONE',  ( -4.478679656440292867, 3.223565119834137516, 152.4000000000000057 ) ) ;
#572 = DIRECTION ( 'NONE',  ( 1.836970198721030674E-16, 1.836970198721011199E-16, -1.000000000000000000 ) ) ;
#573 = ORIENTED_EDGE ( 'NONE', *, *, #485, .T. ) ;
#574 = DIRECTION ( 'NONE',  ( -0.000000000000000000, 3.673940397442061347E-16, -1.000000000000000000 ) ) ;
#575 = EDGE_LOOP ( 'NONE', ( #2342, #13, #2396, #2934 ) ) ;
#576 = ORIENTED_EDGE ( 'NONE', *, *, #2006, .F. ) ;
#577 = AXIS2_PLACEMENT_3D ( 'NONE', #1325, #177, #2476 ) ;
#578 = DIRECTION ( 'NONE',  ( -0.9993908270190974275, -0.03489949670245569985, 0.000000000000000000 ) ) ;
#579 = ORIENTED_EDGE ( 'NONE', *, *, #154, .T. ) ;
#580 = EDGE_CURVE ( 'NONE', #1800, #1501, #2526, .T. ) ;
#581 = CARTESIAN_POINT ( 'NONE',  ( -4.979908358811832692, -7.324096938656323275, -152.4000000000000057 ) ) ;
#582 = AXIS2_PLACEMENT_3D ( 'NONE', #735, #966, #2137 ) ;
#583 = CARTESIAN_POINT ( 'NONE',  ( -8.319580509282992864, 2.824734234182093573, 152.4000000000000057 ) ) ;
#584 = CARTESIAN_POINT ( 'NONE',  ( 9.036603836547543622, 3.299999999999996714, -152.4000000000000057 ) ) ;
#585 = VERTEX_POINT ( 'NONE', #955 ) ;
#586 = CARTESIAN_POINT ( 'NONE',  ( -6.599999999999927702, 1.102244776274487803, 152.4000000000000057 ) ) ;
#587 = CARTESIAN_POINT ( 'NONE',  ( 9.998781654038168654, 7.930201006595035018, 152.4000000000000057 ) ) ;
#588 = VERTEX_POINT ( 'NONE', #502 ) ;
#589 = CARTESIAN_POINT ( 'NONE',  ( -2.524916986076480629, -8.309110660272256865, 152.4000000000000057 ) ) ;
#590 = VERTEX_POINT ( 'NONE', #1690 ) ;
#591 = DIRECTION ( 'NONE',  ( -3.378929305024675559E-15, -1.000000000000000000, 0.000000000000000000 ) ) ;
#592 = EDGE_LOOP ( 'NONE', ( #1332, #2737, #1367, #1098 ) ) ;
#593 = DIRECTION ( 'NONE',  ( 7.869048297239252533E-16, -1.000000000000000000, 0.000000000000000000 ) ) ;
#594 = DIRECTION ( 'NONE',  ( -0.9993908270190974275, 0.03489949670245395125, -1.771741830716476003E-16 ) ) ;
#595 = ORIENTED_EDGE ( 'NONE', *, *, #2986, .F. ) ;
#596 = APPROVAL_DATE_TIME ( #191, #1027 ) ;
#597 = AXIS2_PLACEMENT_3D ( 'NONE', #1710, #2148, #125 ) ;
#598 = DIRECTION ( 'NONE',  ( -1.000000000000000000, 0.000000000000000000, 0.000000000000000000 ) ) ;
#599 = EDGE_CURVE ( 'NONE', #1605, #1650, #2819, .T. ) ;
#600 = EDGE_LOOP ( 'NONE', ( #1634, #1483, #1168, #2673 ) ) ;
#601 = CARTESIAN_POINT ( 'NONE',  ( -8.019763261177262237, 2.835204083192829572, 152.4000000000000057 ) ) ;
#602 = AXIS2_PLACEMENT_3D ( 'NONE', #406, #1859, #2133 ) ;
#603 = VERTEX_POINT ( 'NONE', #303 ) ;
#604 = DIRECTION ( 'NONE',  ( -1.836970198721030674E-16, 1.836970198721037083E-16, -1.000000000000000000 ) ) ;
#605 = DIRECTION ( 'NONE',  ( 1.000000000000000000, 0.000000000000000000, 0.000000000000000000 ) ) ;
#606 = EDGE_CURVE ( 'NONE', #1897, #172, #1458, .T. ) ;
#607 = CARTESIAN_POINT ( 'NONE',  ( -8.019763261177262237, 2.835204083192829572, -152.4000000000000057 ) ) ;
#608 = DIRECTION ( 'NONE',  ( -1.836970198721030181E-16, 1.836970198721036590E-16, -1.000000000000000000 ) ) ;
#609 = EDGE_CURVE ( 'NONE', #62, #1668, #1443, .T. ) ;
#610 = PERSON_AND_ORGANIZATION ( #1996, #28 ) ;
#611 = VECTOR ( 'NONE', #350, 1000.000000000000000 ) ;
#612 = CARTESIAN_POINT ( 'NONE',  ( 3.223565119834181036, 4.478679656440252899, 152.4000000000000057 ) ) ;
#613 = VERTEX_POINT ( 'NONE', #41 ) ;
#614 = DIRECTION ( 'NONE',  ( -1.000000000000000000, 0.000000000000000000, 0.000000000000000000 ) ) ;
#615 = VERTEX_POINT ( 'NONE', #2631 ) ;
#616 = CARTESIAN_POINT ( 'NONE',  ( -7.930201006595151370, -9.998781654038124245, 152.4000000000000057 ) ) ;
#617 = EDGE_LOOP ( 'NONE', ( #2203, #1057, #849, #2978 ) ) ;
#618 = AXIS2_PLACEMENT_3D ( 'NONE', #1817, #176, #872 ) ;
#619 = PLANE ( 'NONE',  #2521 ) ;
#620 = CARTESIAN_POINT ( 'NONE',  ( -7.324096938656403211, 4.979908358811783842, -152.4000000000000057 ) ) ;
#621 = VECTOR ( 'NONE', #129, 1000.000000000000000 ) ;
#622 = DIRECTION ( 'NONE',  ( -0.000000000000000000, -0.000000000000000000, -1.000000000000000000 ) ) ;
#623 = ORIENTED_EDGE ( 'NONE', *, *, #117, .F. ) ;
#624 = CIRCLE ( 'NONE', #1263, 0.2999999999999999334 ) ;
#625 = CARTESIAN_POINT ( 'NONE',  ( -7.324096938656385447, -4.979908358811740321, -152.4000000000000057 ) ) ;
#626 = DIRECTION ( 'NONE',  ( -0.9993908270190973164, -0.03489949670245568597, -1.282186707855479230E-17 ) ) ;
#627 = ORIENTED_EDGE ( 'NONE', *, *, #2084, .T. ) ;
#628 = CYLINDRICAL_SURFACE ( 'NONE', #1449, 0.7999999999999986011 ) ;
#629 = CARTESIAN_POINT ( 'NONE',  ( 9.008684239185585696, 2.500487338384718594, -152.4000000000000057 ) ) ;
#630 = EDGE_CURVE ( 'NONE', #1329, #1925, #2367, .T. ) ;
#631 = EDGE_CURVE ( 'NONE', #1133, #588, #1058, .T. ) ;
#632 = DIRECTION ( 'NONE',  ( 0.7071067811865496822, -0.7071067811865454633, -0.000000000000000000 ) ) ;
#633 = LINE ( 'NONE', #247, #1093 ) ;
#634 = EDGE_CURVE ( 'NONE', #2654, #603, #57, .T. ) ;
#635 = CARTESIAN_POINT ( 'NONE',  ( -2.835204083192885527, -8.019763261177205393, -152.4000000000000057 ) ) ;
#636 = CARTESIAN_POINT ( 'NONE',  ( 7.930201006595026136, 9.998781654038179312, -152.4000000000000057 ) ) ;
#637 = ORIENTED_EDGE ( 'NONE', *, *, #634, .F. ) ;
#638 = DIRECTION ( 'NONE',  ( 1.836970198721030674E-16, 1.836970198721011199E-16, -1.000000000000000000 ) ) ;
#639 = CARTESIAN_POINT ( 'NONE',  ( -7.324096938656403211, 4.979908358811783842, -152.4000000000000057 ) ) ;
#640 = ORIENTED_EDGE ( 'NONE', *, *, #1770, .T. ) ;
#641 = DIRECTION ( 'NONE',  ( -0.000000000000000000, -0.000000000000000000, -1.000000000000000000 ) ) ;
#642 = VERTEX_POINT ( 'NONE', #518 ) ;
#643 = AXIS2_PLACEMENT_3D ( 'NONE', #74, #1958, #1026 ) ;
#644 = ORIENTED_EDGE ( 'NONE', *, *, #1105, .F. ) ;
#645 = DIRECTION ( 'NONE',  ( 1.836970198721030674E-16, 1.836970198721011199E-16, -1.000000000000000000 ) ) ;
#646 = ORIENTED_EDGE ( 'NONE', *, *, #2084, .F. ) ;
#647 = DIRECTION ( 'NONE',  ( -0.000000000000000000, -0.000000000000000000, -1.000000000000000000 ) ) ;
#648 = VECTOR ( 'NONE', #1041, 1000.000000000000114 ) ;
#649 = AXIS2_PLACEMENT_3D ( 'NONE', #846, #1151, #232 ) ;
#650 = FACE_OUTER_BOUND ( 'NONE', #1406, .T. ) ;
#651 = EDGE_CURVE ( 'NONE', #1594, #588, #1657, .T. ) ;
#652 = FACE_OUTER_BOUND ( 'NONE', #126, .T. ) ;
#653 = ORIENTED_EDGE ( 'NONE', *, *, #630, .F. ) ;
#654 = DIRECTION ( 'NONE',  ( 0.000000000000000000, 0.000000000000000000, 1.000000000000000000 ) ) ;
#655 = ADVANCED_FACE ( 'NONE', ( #1442 ), #1938, .F. ) ;
#656 = ADVANCED_FACE ( 'NONE', ( #1250 ), #938, .F. ) ;
#657 = ORIENTED_EDGE ( 'NONE', *, *, #169, .F. ) ;
#658 = LINE ( 'NONE', #2568, #1677 ) ;
#659 = ORIENTED_EDGE ( 'NONE', *, *, #1087, .F. ) ;
#660 = CARTESIAN_POINT ( 'NONE',  ( 2.149999999999999911, 2.632990618166808742E-16, 152.4000000000000057 ) ) ;
#661 = PLANE ( 'NONE',  #529 ) ;
#662 = VECTOR ( 'NONE', #429, 1000.000000000000114 ) ;
#663 = ADVANCED_FACE ( 'NONE', ( #2450, #1758 ), #1955, .F. ) ;
#664 = ORIENTED_EDGE ( 'NONE', *, *, #2598, .F. ) ;
#665 = CARTESIAN_POINT ( 'NONE',  ( -9.036603836547621782, -3.299999999999933209, 152.4000000000000057 ) ) ;
#666 = CARTESIAN_POINT ( 'NONE',  ( -2.524916986076432668, 8.309110660272235549, 152.4000000000000057 ) ) ;
#667 = AXIS2_PLACEMENT_3D ( 'NONE', #2853, #1672, #1197 ) ;
#668 = VECTOR ( 'NONE', #2351, 1000.000000000000000 ) ;
#669 = PLANE ( 'NONE',  #2488 ) ;
#670 = LINE ( 'NONE', #2523, #282 ) ;
#671 = ORIENTED_EDGE ( 'NONE', *, *, #2587, .F. ) ;
#672 = EDGE_CURVE ( 'NONE', #786, #2801, #1986, .T. ) ;
#673 = VERTEX_POINT ( 'NONE', #1280 ) ;
#674 = VECTOR ( 'NONE', #171, 1000.000000000000000 ) ;
#675 = LINE ( 'NONE', #1405, #2320 ) ;
#676 = ORIENTED_EDGE ( 'NONE', *, *, #396, .F. ) ;
#677 = DIRECTION ( 'NONE',  ( -0.000000000000000000, -0.000000000000000000, -1.000000000000000000 ) ) ;
#678 = DIRECTION ( 'NONE',  ( 0.000000000000000000, 3.673940397442060361E-16, -1.000000000000000000 ) ) ;
#679 = EDGE_CURVE ( 'NONE', #2391, #1468, #2134, .T. ) ;
#680 = ORIENTED_EDGE ( 'NONE', *, *, #2697, .F. ) ;
#681 = ADVANCED_FACE ( 'NONE', ( #2690 ), #619, .F. ) ;
#682 = CYLINDRICAL_SURFACE ( 'NONE', #618, 0.8000000000000008216 ) ;
#683 = DIRECTION ( 'NONE',  ( 0.9993908270190975385, 0.03489949670244835156, -1.771741830716485617E-16 ) ) ;
#684 = LINE ( 'NONE', #926, #1699 ) ;
#685 = CARTESIAN_POINT ( 'NONE',  ( 7.999999999999946709, 9.999999999999928946, 152.4000000000000057 ) ) ;
#686 = EDGE_LOOP ( 'NONE', ( #438, #967, #79, #1260 ) ) ;
#687 = LINE ( 'NONE', #1616, #2940 ) ;
#688 = ORIENTED_EDGE ( 'NONE', *, *, #2540, .T. ) ;
#689 = LINE ( 'NONE', #2757, #909 ) ;
#690 = CIRCLE ( 'NONE', #796, 0.7700916411881568724 ) ;
#691 = ORIENTED_EDGE ( 'NONE', *, *, #1623, .T. ) ;
#692 = AXIS2_PLACEMENT_3D ( 'NONE', #2700, #1334, #2273 ) ;
#693 = EDGE_CURVE ( 'NONE', #297, #801, #2234, .T. ) ;
#694 = DIRECTION ( 'NONE',  ( 1.836970198721030674E-16, 1.836970198721011199E-16, -1.000000000000000000 ) ) ;
#695 = CARTESIAN_POINT ( 'NONE',  ( 2.524916986076432668, -8.309110660272292392, 152.4000000000000057 ) ) ;
#696 = EDGE_CURVE ( 'NONE', #1824, #270, #1537, .T. ) ;
#697 = VECTOR ( 'NONE', #2860, 1000.000000000000000 ) ;
#698 = CIRCLE ( 'NONE', #1235, 2.000000000000000000 ) ;
#699 = CARTESIAN_POINT ( 'NONE',  ( 1.102244776274541760, -6.599999999999973888, 152.4000000000000057 ) ) ;
#700 = EDGE_CURVE ( 'NONE', #1468, #765, #1022, .T. ) ;
#701 = DIRECTION ( 'NONE',  ( -0.000000000000000000, -0.000000000000000000, -1.000000000000000000 ) ) ;
#702 = VERTEX_POINT ( 'NONE', #2898 ) ;
#703 = CIRCLE ( 'NONE', #1833, 0.7999999999999990452 ) ;
#704 = CC_DESIGN_PERSON_AND_ORGANIZATION_ASSIGNMENT ( #2918, #413, ( #1757 ) ) ;
#705 = DIRECTION ( 'NONE',  ( 1.836970198721030181E-16, -1.836970198721036590E-16, 1.000000000000000000 ) ) ;
#706 = ORIENTED_EDGE ( 'NONE', *, *, #2941, .T. ) ;
#707 = CARTESIAN_POINT ( 'NONE',  ( -4.478679656440292867, 3.223565119834137516, 152.4000000000000057 ) ) ;
#708 = VECTOR ( 'NONE', #1670, 1000.000000000000000 ) ;
#709 = LINE ( 'NONE', #2640, #2384 ) ;
#710 = VERTEX_POINT ( 'NONE', #1076 ) ;
#711 = CARTESIAN_POINT ( 'NONE',  ( 2.524916986076432668, -8.309110660272292392, 152.4000000000000057 ) ) ;
#712 = DIRECTION ( 'NONE',  ( -0.000000000000000000, -0.000000000000000000, -1.000000000000000000 ) ) ;
#713 = DIRECTION ( 'NONE',  ( 0.000000000000000000, -3.673940397442060361E-16, 1.000000000000000000 ) ) ;
#714 = VECTOR ( 'NONE', #1140, 1000.000000000000000 ) ;
#715 = DIRECTION ( 'NONE',  ( 0.000000000000000000, -3.673940397442060361E-16, 1.000000000000000000 ) ) ;
#716 = ORIENTED_EDGE ( 'NONE', *, *, #555, .F. ) ;
#717 = DIRECTION ( 'NONE',  ( 1.000000000000000000, 0.000000000000000000, 0.000000000000000000 ) ) ;
#718 = VERTEX_POINT ( 'NONE', #1508 ) ;
#719 = CARTESIAN_POINT ( 'NONE',  ( 7.999999999999974243, 7.999999999999928946, 152.4000000000000057 ) ) ;
#720 = CARTESIAN_POINT ( 'NONE',  ( 9.036603836547598689, 3.299999999999940758, 152.4000000000000057 ) ) ;
#721 = EDGE_LOOP ( 'NONE', ( #1769, #284, #1980, #1529 ) ) ;
#722 = ADVANCED_FACE ( 'NONE', ( #366 ), #1522, .T. ) ;
#723 = DIRECTION ( 'NONE',  ( 1.000000000000000000, 0.000000000000000000, 0.000000000000000000 ) ) ;
#724 = DIRECTION ( 'NONE',  ( -0.9993908270190977605, -0.03489949670244136409, -1.899960501501993650E-16 ) ) ;
#725 = DIRECTION ( 'NONE',  ( -0.000000000000000000, -0.000000000000000000, -1.000000000000000000 ) ) ;
#726 = LINE ( 'NONE', #503, #2139 ) ;
#727 = ORIENTED_EDGE ( 'NONE', *, *, #154, .F. ) ;
#728 = CARTESIAN_POINT ( 'NONE',  ( 9.036603836547584478, -3.299999999999870148, -152.4000000000000057 ) ) ;
#729 = EDGE_CURVE ( 'NONE', #1011, #2004, #381, .T. ) ;
#730 = DIRECTION ( 'NONE',  ( -1.000000000000000000, 0.000000000000000000, 0.000000000000000000 ) ) ;
#731 = EDGE_LOOP ( 'NONE', ( #1291, #824, #1222, #982 ) ) ;
#732 = DIRECTION ( 'NONE',  ( 1.013678791507402668E-14, 1.000000000000000000, 0.000000000000000000 ) ) ;
#733 = EDGE_CURVE ( 'NONE', #2391, #1114, #791, .T. ) ;
#734 = ORIENTED_EDGE ( 'NONE', *, *, #1395, .F. ) ;
#735 = CARTESIAN_POINT ( 'NONE',  ( -8.019763261177295988, -2.835204083192838898, 152.4000000000000057 ) ) ;
#736 = VERTEX_POINT ( 'NONE', #1066 ) ;
#737 = EDGE_CURVE ( 'NONE', #615, #1011, #1587, .T. ) ;
#738 = AXIS2_PLACEMENT_3D ( 'NONE', #848, #2962, #1778 ) ;
#739 = CARTESIAN_POINT ( 'NONE',  ( -8.309110660272288840, -2.524916986076373160, 152.4000000000000057 ) ) ;
#740 = CARTESIAN_POINT ( 'NONE',  ( -5.524445380431064478, 6.779559917037135008, -152.4000000000000057 ) ) ;
#741 = CIRCLE ( 'NONE', #602, 0.7700916411881577606 ) ;
#742 = CARTESIAN_POINT ( 'NONE',  ( 3.299999999999999822, -9.036603836547504542, -152.4000000000000057 ) ) ;
#743 = CARTESIAN_POINT ( 'NONE',  ( -9.999999999999984013, 7.999999999999918288, 152.4000000000000057 ) ) ;
#744 = ORIENTED_EDGE ( 'NONE', *, *, #2354, .F. ) ;
#745 = CIRCLE ( 'NONE', #1968, 2.000000000000000000 ) ;
#746 = EDGE_CURVE ( 'NONE', #250, #1870, #2000, .T. ) ;
#747 = CARTESIAN_POINT ( 'NONE',  ( 7.324096938656350808, 4.979908358811846902, -152.4000000000000057 ) ) ;
#748 = EDGE_LOOP ( 'NONE', ( #1075, #837, #1715, #2155 ) ) ;
#749 = DIRECTION ( 'NONE',  ( -0.7071067811865529018, -0.7071067811865422437, 0.000000000000000000 ) ) ;
#750 = EDGE_CURVE ( 'NONE', #1679, #457, #2221, .T. ) ;
#751 = AXIS2_PLACEMENT_3D ( 'NONE', #1864, #204, #2110 ) ;
#752 = ORIENTED_EDGE ( 'NONE', *, *, #1683, .F. ) ;
#753 = FACE_OUTER_BOUND ( 'NONE', #393, .T. ) ;
#754 = ORIENTED_EDGE ( 'NONE', *, *, #2818, .T. ) ;
#755 = AXIS2_PLACEMENT_3D ( 'NONE', #1604, #705, #1844 ) ;
#756 = DIRECTION ( 'NONE',  ( 0.9993908270190974275, -0.03489949670245408309, 1.771741830716475756E-16 ) ) ;
#757 = DIRECTION ( 'NONE',  ( 0.000000000000000000, 1.000000000000000000, 0.000000000000000000 ) ) ;
#758 = CARTESIAN_POINT ( 'NONE',  ( -7.999999999999974243, -7.999999999999873879, -152.4000000000000057 ) ) ;
#759 = FACE_OUTER_BOUND ( 'NONE', #2369, .T. ) ;
#760 = CIRCLE ( 'NONE', #147, 2.000000000000000000 ) ;
#761 = ORIENTED_EDGE ( 'NONE', *, *, #1134, .T. ) ;
#762 = DIRECTION ( 'NONE',  ( 1.000000000000000000, 0.000000000000000000, 0.000000000000000000 ) ) ;
#763 = CIRCLE ( 'NONE', #2861, 0.8000000000000003775 ) ;
#764 = CARTESIAN_POINT ( 'NONE',  ( -1.102244776274576621, -3.599999999999944134, 152.4000000000000057 ) ) ;
#765 = VERTEX_POINT ( 'NONE', #607 ) ;
#766 = FACE_OUTER_BOUND ( 'NONE', #1561, .T. ) ;
#767 = VECTOR ( 'NONE', #927, 1000.000000000000000 ) ;
#768 = EDGE_CURVE ( 'NONE', #2515, #1594, #760, .T. ) ;
#769 = ORIENTED_EDGE ( 'NONE', *, *, #365, .F. ) ;
#770 = ORIENTED_EDGE ( 'NONE', *, *, #14, .F. ) ;
#771 = DIRECTION ( 'NONE',  ( -1.836970198721030674E-16, 1.836970198721037083E-16, -1.000000000000000000 ) ) ;
#772 = VERTEX_POINT ( 'NONE', #397 ) ;
#773 = AXIS2_PLACEMENT_3D ( 'NONE', #1982, #2672, #578 ) ;
#774 = ADVANCED_FACE ( 'NONE', ( #1738 ), #2437, .T. ) ;
#775 = DIRECTION ( 'NONE',  ( 0.03489949670245220265, -0.9993908270190974275, -1.899960501502020028E-16 ) ) ;
#776 = VECTOR ( 'NONE', #2323, 1000.000000000000000 ) ;
#777 = CARTESIAN_POINT ( 'NONE',  ( -7.930201006595097191, 9.998781654038113587, -152.4000000000000057 ) ) ;
#778 = EDGE_CURVE ( 'NONE', #2313, #2922, #2956, .T. ) ;
#779 = DIRECTION ( 'NONE',  ( -1.836970198721030674E-16, 1.836970198721037083E-16, -1.000000000000000000 ) ) ;
#780 = CARTESIAN_POINT ( 'NONE',  ( 4.953032548119619349, -8.093719460823832534, -152.4000000000000057 ) ) ;
#781 = ORIENTED_EDGE ( 'NONE', *, *, #2644, .T. ) ;
#782 = DIRECTION ( 'NONE',  ( -0.000000000000000000, 3.673940397442061347E-16, -1.000000000000000000 ) ) ;
#783 = LINE ( 'NONE', #764, #985 ) ;
#784 = ORIENTED_EDGE ( 'NONE', *, *, #2798, .F. ) ;
#785 = CARTESIAN_POINT ( 'NONE',  ( 9.998781654038179312, -7.930201006595076763, 152.4000000000000057 ) ) ;
#786 = VERTEX_POINT ( 'NONE', #2027 ) ;
#787 = LINE ( 'NONE', #1259, #484 ) ;
#788 = ORIENTED_EDGE ( 'NONE', *, *, #1947, .T. ) ;
#789 = LINE ( 'NONE', #1719, #2076 ) ;
#790 = LINE ( 'NONE', #1720, #488 ) ;
#791 = LINE ( 'NONE', #2014, #2912 ) ;
#792 = DIRECTION ( 'NONE',  ( 1.836970198721030181E-16, 1.836970198721010952E-16, -1.000000000000000000 ) ) ;
#793 = EDGE_CURVE ( 'NONE', #1233, #1703, #275, .T. ) ;
#794 = ORIENTED_EDGE ( 'NONE', *, *, #2629, .F. ) ;
#795 = DIRECTION ( 'NONE',  ( -0.000000000000000000, -0.000000000000000000, -1.000000000000000000 ) ) ;
#796 = AXIS2_PLACEMENT_3D ( 'NONE', #2179, #1898, #61 ) ;
#797 = AXIS2_PLACEMENT_3D ( 'NONE', #2422, #1461, #1511 ) ;
#798 = CARTESIAN_POINT ( 'NONE',  ( -5.750000000000001776, 7.324096938656361466, -152.4000000000000057 ) ) ;
#799 = ORIENTED_EDGE ( 'NONE', *, *, #546, .F. ) ;
#800 = DIRECTION ( 'NONE',  ( -0.03489949670244876789, -0.9993908270190975385, -1.771741830716491534E-16 ) ) ;
#801 = VERTEX_POINT ( 'NONE', #189 ) ;
#802 = CIRCLE ( 'NONE', #34, 0.7999999999999990452 ) ;
#803 = CARTESIAN_POINT ( 'NONE',  ( 7.324096938656407652, 5.749999999999947597, 152.4000000000000057 ) ) ;
#804 = ORIENTED_EDGE ( 'NONE', *, *, #1457, .T. ) ;
#805 = VECTOR ( 'NONE', #808, 1000.000000000000114 ) ;
#806 = CARTESIAN_POINT ( 'NONE',  ( -8.019763261177240921, -2.835204083192782942, -152.4000000000000057 ) ) ;
#807 = CARTESIAN_POINT ( 'NONE',  ( -9.998781654038179312, 7.930201006595019031, -152.4000000000000057 ) ) ;
#808 = DIRECTION ( 'NONE',  ( -0.03489949670245176550, 0.9993908270190974275, 3.671702332218492086E-16 ) ) ;
#809 = ORIENTED_EDGE ( 'NONE', *, *, #2734, .F. ) ;
#810 = DIRECTION ( 'NONE',  ( -1.000000000000000000, 0.000000000000000000, 0.000000000000000000 ) ) ;
#811 = AXIS2_PLACEMENT_3D ( 'NONE', #336, #1265, #2207 ) ;
#812 = DIRECTION ( 'NONE',  ( 0.000000000000000000, 1.000000000000000000, 0.000000000000000000 ) ) ;
#813 = ORIENTED_EDGE ( 'NONE', *, *, #1457, .F. ) ;
#814 = DIRECTION ( 'NONE',  ( 0.03489949670244522212, -0.9993908270190977605, 0.000000000000000000 ) ) ;
#815 = ORIENTED_EDGE ( 'NONE', *, *, #197, .F. ) ;
#816 = EDGE_LOOP ( 'NONE', ( #30, #1504, #1886, #1674 ) ) ;
#817 = AXIS2_PLACEMENT_3D ( 'NONE', #2386, #792, #1693 ) ;
#818 = CARTESIAN_POINT ( 'NONE',  ( 7.324096938656350808, 4.979908358811846902, -152.4000000000000057 ) ) ;
#819 = EDGE_LOOP ( 'NONE', ( #788, #2795, #2183, #2569, #487, #1798, #2542, #2356, #427, #513, #2132, #1309, #382, #2890, #1436, #263, #479, #691, #2858, #362, #2241, #1211, #1420, #1963, #1895, #1144, #470, #2287, #903, #2855, #2448, #1438, #841, #2740, #2352, #1983, #2786, #914, #2847, #2636, #2184, #2378, #2685, #962, #886, #2282, #2758, #498, #781, #1603, #1191, #1901, #2372, #1700, #1040, #1666, #2723, #1988, #360, #1246, #2269, #2050, #2556, #1302, #2573, #1841, #239, #1732, #279, #1382, #1244, #688, #2771, #1226, #2459, #2150, #2811, #1417, #130, #1949, #1684, #1748, #93 ) ) ;
#820 = EDGE_CURVE ( 'NONE', #1594, #1293, #2277, .T. ) ;
#821 = AXIS2_PLACEMENT_3D ( 'NONE', #2346, #531, #2395 ) ;
#822 = DIRECTION ( 'NONE',  ( -0.03489949670244348046, -0.9993908270190977605, -3.671702332218493565E-16 ) ) ;
#823 = DIRECTION ( 'NONE',  ( 0.000000000000000000, 0.000000000000000000, 1.000000000000000000 ) ) ;
#824 = ORIENTED_EDGE ( 'NONE', *, *, #2290, .T. ) ;
#825 = CARTESIAN_POINT ( 'NONE',  ( 2.824734234182161963, -8.319580509282912928, -152.4000000000000057 ) ) ;
#826 = ORIENTED_EDGE ( 'NONE', *, *, #1237, .T. ) ;
#827 = DIRECTION ( 'NONE',  ( -0.9993908270190976495, 0.03489949670244527763, 1.282186707855096817E-17 ) ) ;
#828 = VERTEX_POINT ( 'NONE', #1802 ) ;
#829 = CARTESIAN_POINT ( 'NONE',  ( 4.953032548119619349, -8.093719460823946221, 152.4000000000000057 ) ) ;
#830 = ORIENTED_EDGE ( 'NONE', *, *, #2583, .F. ) ;
#831 = EDGE_CURVE ( 'NONE', #1347, #2911, #1439, .T. ) ;
#832 = CC_DESIGN_PERSON_AND_ORGANIZATION_ASSIGNMENT ( #2478, #2251, ( #131 ) ) ;
#833 = CARTESIAN_POINT ( 'NONE',  ( 6.599999999999927702, -1.102244776274431848, -152.4000000000000057 ) ) ;
#834 = LINE ( 'NONE', #2944, #891 ) ;
#835 = CIRCLE ( 'NONE', #407, 0.7700916411881568724 ) ;
#836 = PLANE ( 'NONE',  #738 ) ;
#837 = ORIENTED_EDGE ( 'NONE', *, *, #522, .F. ) ;
#838 = CIRCLE ( 'NONE', #2410, 0.8000000000000003775 ) ;
#839 = CYLINDRICAL_SURFACE ( 'NONE', #2362, 0.8000000000000012657 ) ;
#840 = AXIS2_PLACEMENT_3D ( 'NONE', #2531, #2999, #2303 ) ;
#841 = ORIENTED_EDGE ( 'NONE', *, *, #1491, .T. ) ;
#842 = CARTESIAN_POINT ( 'NONE',  ( -4.979908358811888647, -7.324096938656379230, 152.4000000000000057 ) ) ;
#843 = ORIENTED_EDGE ( 'NONE', *, *, #546, .T. ) ;
#844 = VECTOR ( 'NONE', #1257, 1000.000000000000114 ) ;
#845 = DIRECTION ( 'NONE',  ( 0.03489949670245176550, -0.9993908270190974275, 0.000000000000000000 ) ) ;
#846 = CARTESIAN_POINT ( 'NONE',  ( 4.979908358811845126, -7.324096938656416533, 152.4000000000000057 ) ) ;
#847 = CIRCLE ( 'NONE', #2560, 0.2999999999999999334 ) ;
#848 = CARTESIAN_POINT ( 'NONE',  ( -7.930201006595097191, 9.998781654038113587, 152.4000000000000057 ) ) ;
#849 = ORIENTED_EDGE ( 'NONE', *, *, #1320, .F. ) ;
#850 = CARTESIAN_POINT ( 'NONE',  ( 7.930201006595097191, -9.998781654038170430, 152.4000000000000057 ) ) ;
#851 = ADVANCED_FACE ( 'NONE', ( #887 ), #2306, .T. ) ;
#852 = DIRECTION ( 'NONE',  ( -0.000000000000000000, 3.673940397442061347E-16, -1.000000000000000000 ) ) ;
#853 = EDGE_LOOP ( 'NONE', ( #1889, #1912, #2582, #2567 ) ) ;
#854 = LINE ( 'NONE', #405, #1110 ) ;
#855 = EDGE_LOOP ( 'NONE', ( #2036, #2880, #1162, #744 ) ) ;
#856 = EDGE_CURVE ( 'NONE', #2742, #3, #1564, .T. ) ;
#857 = CIRCLE ( 'NONE', #2380, 2.149999999999999911 ) ;
#858 = EDGE_CURVE ( 'NONE', #2347, #2430, #1596, .T. ) ;
#859 = CARTESIAN_POINT ( 'NONE',  ( 4.979908358811781177, 7.324096938656413869, -152.4000000000000057 ) ) ;
#860 = CARTESIAN_POINT ( 'NONE',  ( -3.599999999999957012, -1.102244776274531324, 152.4000000000000057 ) ) ;
#861 = VECTOR ( 'NONE', #486, 1000.000000000000114 ) ;
#862 = CARTESIAN_POINT ( 'NONE',  ( -4.979908358811845126, 7.324096938656361466, 152.4000000000000057 ) ) ;
#863 = VERTEX_POINT ( 'NONE', #1355 ) ;
#864 = VECTOR ( 'NONE', #1567, 1000.000000000000000 ) ;
#865 = FACE_OUTER_BOUND ( 'NONE', #2750, .T. ) ;
#866 = FACE_OUTER_BOUND ( 'NONE', #855, .T. ) ;
#867 = EDGE_LOOP ( 'NONE', ( #1524, #525, #2682, #2387 ) ) ;
#868 = CYLINDRICAL_SURFACE ( 'NONE', #964, 0.2999999999999999334 ) ;
#869 = VERTEX_POINT ( 'NONE', #2778 ) ;
#870 = VERTEX_POINT ( 'NONE', #1835 ) ;
#871 = ADVANCED_FACE ( 'NONE', ( #2787 ), #1863, .F. ) ;
#872 = DIRECTION ( 'NONE',  ( 0.000000000000000000, 1.000000000000000000, 0.000000000000000000 ) ) ;
#873 = CARTESIAN_POINT ( 'NONE',  ( -7.930201006595097191, 9.998781654038113587, 152.4000000000000057 ) ) ;
#874 = COORDINATED_UNIVERSAL_TIME_OFFSET ( 6, 0, .BEHIND. ) ;
#875 = DIRECTION ( 'NONE',  ( -0.000000000000000000, 3.673940397442061347E-16, -1.000000000000000000 ) ) ;
#876 = DIRECTION ( 'NONE',  ( -0.000000000000000000, 3.673940397442061347E-16, -1.000000000000000000 ) ) ;
#877 = ORIENTED_EDGE ( 'NONE', *, *, #2540, .F. ) ;
#878 = CARTESIAN_POINT ( 'NONE',  ( 4.953032548119610468, 8.093719460823882272, 152.4000000000000057 ) ) ;
#879 = ADVANCED_FACE ( 'NONE', ( #2291 ), #682, .T. ) ;
#880 = CIRCLE ( 'NONE', #174, 0.7700916411881568724 ) ;
#881 = LINE ( 'NONE', #1507, #139 ) ;
#882 = ORIENTED_EDGE ( 'NONE', *, *, #1675, .T. ) ;
#883 = CARTESIAN_POINT ( 'NONE',  ( 5.524445380431064478, -6.779559917037078165, -152.4000000000000057 ) ) ;
#884 = ORIENTED_EDGE ( 'NONE', *, *, #2933, .F. ) ;
#885 = EDGE_CURVE ( 'NONE', #1654, #1252, #1610, .T. ) ;
#886 = ORIENTED_EDGE ( 'NONE', *, *, #117, .T. ) ;
#887 = FACE_OUTER_BOUND ( 'NONE', #1429, .T. ) ;
#888 = VERTEX_POINT ( 'NONE', #2744 ) ;
#889 = PLANE ( 'NONE',  #2513 ) ;
#890 = EDGE_CURVE ( 'NONE', #1992, #1089, #203, .T. ) ;
#891 = VECTOR ( 'NONE', #1774, 1000.000000000000000 ) ;
#892 = CARTESIAN_POINT ( 'NONE',  ( 7.930201006595082092, 9.998781654038124245, 152.4000000000000057 ) ) ;
#893 = DIRECTION ( 'NONE',  ( 0.000000000000000000, 1.000000000000000000, 0.000000000000000000 ) ) ;
#894 = ORIENTED_EDGE ( 'NONE', *, *, #1763, .F. ) ;
#895 = CIRCLE ( 'NONE', #38, 0.7700916411881568724 ) ;
#896 = EDGE_CURVE ( 'NONE', #2074, #786, #1579, .T. ) ;
#897 = CARTESIAN_POINT ( 'NONE',  ( 4.478679656440307966, 3.223565119834134407, 152.4000000000000057 ) ) ;
#898 = ORIENTED_EDGE ( 'NONE', *, *, #2308, .T. ) ;
#899 = DIRECTION ( 'NONE',  ( 1.836970198721030181E-16, -1.836970198721036590E-16, 1.000000000000000000 ) ) ;
#900 = CARTESIAN_POINT ( 'NONE',  ( -1.102244776274585059, -6.599999999999945466, 152.4000000000000057 ) ) ;
#901 = AXIS2_PLACEMENT_3D ( 'NONE', #2731, #2547, #231 ) ;
#902 = MANIFOLD_SOLID_BREP ( 'CirPattern1', #2013 ) ;
#903 = ORIENTED_EDGE ( 'NONE', *, *, #1632, .T. ) ;
#904 = AXIS2_PLACEMENT_3D ( 'NONE', #2077, #410, #905 ) ;
#905 = DIRECTION ( 'NONE',  ( -0.03489949670244710256, -0.9993908270190976495, 0.000000000000000000 ) ) ;
#906 = FACE_OUTER_BOUND ( 'NONE', #816, .T. ) ;
#907 = AXIS2_PLACEMENT_3D ( 'NONE', #2662, #1035, #1722 ) ;
#908 = VECTOR ( 'NONE', #92, 1000.000000000000000 ) ;
#909 = VECTOR ( 'NONE', #33, 1000.000000000000000 ) ;
#910 = DIRECTION ( 'NONE',  ( -1.836970198721030674E-16, 1.836970198721037083E-16, -1.000000000000000000 ) ) ;
#911 = CARTESIAN_POINT ( 'NONE',  ( 2.835204083192895297, -8.019763261177295988, 152.4000000000000057 ) ) ;
#912 = ORIENTED_EDGE ( 'NONE', *, *, #134, .F. ) ;
#913 = VECTOR ( 'NONE', #1612, 1000.000000000000000 ) ;
#914 = ORIENTED_EDGE ( 'NONE', *, *, #1554, .T. ) ;
#915 = AXIS2_PLACEMENT_3D ( 'NONE', #272, #1196, #2610 ) ;
#916 = FACE_OUTER_BOUND ( 'NONE', #2529, .T. ) ;
#917 = ORIENTED_EDGE ( 'NONE', *, *, #2715, .F. ) ;
#918 = CARTESIAN_POINT ( 'NONE',  ( 2.835204083192895297, -8.019763261177295988, 152.4000000000000057 ) ) ;
#919 = ADVANCED_FACE ( 'NONE', ( #444 ), #1368, .F. ) ;
#920 = ORIENTED_EDGE ( 'NONE', *, *, #2689, .T. ) ;
#921 = EDGE_CURVE ( 'NONE', #585, #1925, #234, .T. ) ;
#922 = ADVANCED_FACE ( 'NONE', ( #1094 ), #3004, .F. ) ;
#923 = CARTESIAN_POINT ( 'NONE',  ( 8.309110660272216009, 2.524916986076431780, -152.4000000000000057 ) ) ;
#924 = CARTESIAN_POINT ( 'NONE',  ( 8.309110660272272852, 2.524916986076375824, 152.4000000000000057 ) ) ;
#925 = CC_DESIGN_PERSON_AND_ORGANIZATION_ASSIGNMENT ( #1078, #1539, ( #2505 ) ) ;
#926 = CARTESIAN_POINT ( 'NONE',  ( 2.524916986076366499, 8.309110660272274629, -152.4000000000000057 ) ) ;
#927 = DIRECTION ( 'NONE',  ( -0.7071067811865479058, -0.7071067811865472397, -3.204747427460360459E-31 ) ) ;
#928 = ORIENTED_EDGE ( 'NONE', *, *, #1237, .F. ) ;
#929 = CYLINDRICAL_SURFACE ( 'NONE', #456, 2.000000000000000000 ) ;
#930 = VERTEX_POINT ( 'NONE', #1851 ) ;
#931 = CYLINDRICAL_SURFACE ( 'NONE', #840, 0.7700916411881577606 ) ;
#932 = AXIS2_PLACEMENT_3D ( 'NONE', #2441, #1447, #1482 ) ;
#933 = VERTEX_POINT ( 'NONE', #1383 ) ;
#934 = DIRECTION ( 'NONE',  ( 0.03489949670244348046, 0.9993908270190977605, 0.000000000000000000 ) ) ;
#935 = CARTESIAN_POINT ( 'NONE',  ( 2.500487338384722147, -9.008684239185662079, 152.4000000000000057 ) ) ;
#936 = VECTOR ( 'NONE', #979, 1000.000000000000114 ) ;
#937 = AXIS2_PLACEMENT_3D ( 'NONE', #2210, #1972, #762 ) ;
#938 = PLANE ( 'NONE',  #907 ) ;
#939 = CIRCLE ( 'NONE', #1576, 2.000000000000000000 ) ;
#940 = CARTESIAN_POINT ( 'NONE',  ( 9.998781654038179312, -7.930201006595076763, 152.4000000000000057 ) ) ;
#941 = ORIENTED_EDGE ( 'NONE', *, *, #2243, .T. ) ;
#942 = CIRCLE ( 'NONE', #136, 3.000000000000000888 ) ;
#943 = ORIENTED_EDGE ( 'NONE', *, *, #480, .F. ) ;
#944 = CARTESIAN_POINT ( 'NONE',  ( 4.979908358811809599, 8.094188579844569631, -152.4000000000000057 ) ) ;
#945 = ORIENTED_EDGE ( 'NONE', *, *, #1295, .T. ) ;
#946 = CARTESIAN_POINT ( 'NONE',  ( 1.102244776274541094, -3.599999999999861533, -152.4000000000000057 ) ) ;
#947 = VECTOR ( 'NONE', #1172, 1000.000000000000000 ) ;
#948 = EDGE_CURVE ( 'NONE', #1001, #1488, #1795, .T. ) ;
#949 = CARTESIAN_POINT ( 'NONE',  ( 2.824734234182161963, -8.319580509283024838, 152.4000000000000057 ) ) ;
#950 = ORIENTED_EDGE ( 'NONE', *, *, #998, .F. ) ;
#951 = ADVANCED_FACE ( 'NONE', ( #2363 ), #2336, .T. ) ;
#952 = DIRECTION ( 'NONE',  ( -1.836970198721030674E-16, 1.836970198721037083E-16, -1.000000000000000000 ) ) ;
#953 = DIRECTION ( 'NONE',  ( 1.156482317317871607E-14, 1.000000000000000000, 0.000000000000000000 ) ) ;
#954 = EDGE_CURVE ( 'NONE', #1224, #1559, #1304, .T. ) ;
#955 = CARTESIAN_POINT ( 'NONE',  ( 2.149999999999999911, 2.632990618166808742E-16, -152.4000000000000057 ) ) ;
#956 = VECTOR ( 'NONE', #1386, 1000.000000000000000 ) ;
#957 = DIRECTION ( 'NONE',  ( -0.9993908270190976495, -0.03489949670244835850, 0.000000000000000000 ) ) ;
#958 = VERTEX_POINT ( 'NONE', #2348 ) ;
#959 = FACE_OUTER_BOUND ( 'NONE', #106, .T. ) ;
#960 = ADVANCED_FACE ( 'NONE', ( #246 ), #1213, .F. ) ;
#961 = DIRECTION ( 'NONE',  ( -1.836970198721030181E-16, 1.836970198721036590E-16, -1.000000000000000000 ) ) ;
#962 = ORIENTED_EDGE ( 'NONE', *, *, #2516, .T. ) ;
#963 = CARTESIAN_POINT ( 'NONE',  ( 9.036603836547584478, -3.299999999999982059, 152.4000000000000057 ) ) ;
#964 = AXIS2_PLACEMENT_3D ( 'NONE', #1333, #1365, #1660 ) ;
#965 = ORIENTED_EDGE ( 'NONE', *, *, #385, .T. ) ;
#966 = DIRECTION ( 'NONE',  ( -0.9993908270190974275, 0.03489949670245576230, -1.771741830716472798E-16 ) ) ;
#967 = ORIENTED_EDGE ( 'NONE', *, *, #2608, .F. ) ;
#968 = LINE ( 'NONE', #2627, #1535 ) ;
#969 = FACE_OUTER_BOUND ( 'NONE', #748, .T. ) ;
#970 = EDGE_CURVE ( 'NONE', #1321, #1971, #500, .T. ) ;
#971 = DIRECTION ( 'NONE',  ( 0.03489949670244710256, 0.9993908270190976495, 1.771741830716494738E-16 ) ) ;
#972 = CYLINDRICAL_SURFACE ( 'NONE', #1444, 2.149999999999999911 ) ;
#973 = ORIENTED_EDGE ( 'NONE', *, *, #1018, .T. ) ;
#974 = CARTESIAN_POINT ( 'NONE',  ( 8.093719460823926681, -4.953032548119608691, 152.4000000000000057 ) ) ;
#975 = EDGE_CURVE ( 'NONE', #1976, #1001, #1179, .T. ) ;
#976 = CARTESIAN_POINT ( 'NONE',  ( -9.836116498162898125, -3.272080402637969510, 152.4000000000000057 ) ) ;
#977 = ORIENTED_EDGE ( 'NONE', *, *, #2806, .F. ) ;
#978 = VERTEX_POINT ( 'NONE', #1195 ) ;
#979 = DIRECTION ( 'NONE',  ( -0.03489949670245176550, 0.9993908270190974275, 3.671702332218492086E-16 ) ) ;
#980 = EDGE_CURVE ( 'NONE', #1104, #354, #763, .T. ) ;
#981 = ORIENTED_EDGE ( 'NONE', *, *, #364, .T. ) ;
#982 = ORIENTED_EDGE ( 'NONE', *, *, #994, .F. ) ;
#983 = DIRECTION ( 'NONE',  ( -4.336808689942023258E-15, -1.000000000000000000, 0.000000000000000000 ) ) ;
#984 = ORIENTED_EDGE ( 'NONE', *, *, #485, .F. ) ;
#985 = VECTOR ( 'NONE', #572, 1000.000000000000000 ) ;
#986 = LINE ( 'NONE', #54, #1247 ) ;
#987 = CARTESIAN_POINT ( 'NONE',  ( 4.979908358811838021, 7.324096938656357025, 152.4000000000000057 ) ) ;
#988 = VECTOR ( 'NONE', #483, 1000.000000000000000 ) ;
#989 = DIRECTION ( 'NONE',  ( 0.000000000000000000, 1.000000000000000000, 0.000000000000000000 ) ) ;
#990 = FACE_OUTER_BOUND ( 'NONE', #2885, .T. ) ;
#991 = ORIENTED_EDGE ( 'NONE', *, *, #1056, .F. ) ;
#992 = VECTOR ( 'NONE', #1351, 1000.000000000000114 ) ;
#993 = DIRECTION ( 'NONE',  ( 1.084202172485505696E-14, 1.000000000000000000, 0.000000000000000000 ) ) ;
#994 = EDGE_CURVE ( 'NONE', #1501, #250, #2140, .T. ) ;
#995 = CARTESIAN_POINT ( 'NONE',  ( 7.324096938656403211, -4.979908358811727886, -152.4000000000000057 ) ) ;
#996 = ORIENTED_EDGE ( 'NONE', *, *, #1269, .F. ) ;
#997 = LINE ( 'NONE', #2618, #844 ) ;
#998 = EDGE_CURVE ( 'NONE', #1951, #1976, #986, .T. ) ;
#999 = ORIENTED_EDGE ( 'NONE', *, *, #2401, .F. ) ;
#1000 = CARTESIAN_POINT ( 'NONE',  ( 8.093719460823933787, 4.953032548119562506, 152.4000000000000057 ) ) ;
#1001 = VERTEX_POINT ( 'NONE', #1410 ) ;
#1002 = EDGE_CURVE ( 'NONE', #1239, #3, #968, .T. ) ;
#1003 = AXIS2_PLACEMENT_3D ( 'NONE', #22, #1641, #934 ) ;
#1004 = DIRECTION ( 'NONE',  ( -0.000000000000000000, -0.000000000000000000, -1.000000000000000000 ) ) ;
#1005 = CARTESIAN_POINT ( 'NONE',  ( -4.953032548119619349, 8.093719460823889378, 152.4000000000000057 ) ) ;
#1006 = DIRECTION ( 'NONE',  ( 1.836970198721030674E-16, 1.836970198721011199E-16, -1.000000000000000000 ) ) ;
#1007 = CARTESIAN_POINT ( 'NONE',  ( -6.779559917037181194, 5.524445380431009411, 152.4000000000000057 ) ) ;
#1008 = ORIENTED_EDGE ( 'NONE', *, *, #2270, .F. ) ;
#1009 = VECTOR ( 'NONE', #1341, 1000.000000000000114 ) ;
#1010 = CARTESIAN_POINT ( 'NONE',  ( -8.309110660272288840, -2.524916986076373160, 152.4000000000000057 ) ) ;
#1011 = VERTEX_POINT ( 'NONE', #534 ) ;
#1012 = CARTESIAN_POINT ( 'NONE',  ( -7.324096938656442290, -4.979908358811797164, 152.4000000000000057 ) ) ;
#1013 = EDGE_LOOP ( 'NONE', ( #1919, #1750, #1962, #43 ) ) ;
#1014 = DIRECTION ( 'NONE',  ( -1.000000000000000000, 0.000000000000000000, 0.000000000000000000 ) ) ;
#1015 = EDGE_CURVE ( 'NONE', #772, #702, #1142, .T. ) ;
#1016 = ORIENTED_EDGE ( 'NONE', *, *, #140, .F. ) ;
#1017 = AXIS2_PLACEMENT_3D ( 'NONE', #842, #2431, #1275 ) ;
#1018 = EDGE_CURVE ( 'NONE', #1446, #1318, #2833, .T. ) ;
#1019 = DIRECTION ( 'NONE',  ( -1.000000000000000000, 0.000000000000000000, 0.000000000000000000 ) ) ;
#1020 = VECTOR ( 'NONE', #2399, 1000.000000000000000 ) ;
#1021 = CARTESIAN_POINT ( 'NONE',  ( -9.999999999999984013, 7.999999999999918288, 152.4000000000000057 ) ) ;
#1022 = LINE ( 'NONE', #2929, #377 ) ;
#1023 = DIRECTION ( 'NONE',  ( 0.000000000000000000, 1.000000000000000000, 0.000000000000000000 ) ) ;
#1024 = ORIENTED_EDGE ( 'NONE', *, *, #1767, .F. ) ;
#1025 = EDGE_CURVE ( 'NONE', #1832, #1061, #515, .T. ) ;
#1026 = DIRECTION ( 'NONE',  ( -1.000000000000000000, 0.000000000000000000, 0.000000000000000000 ) ) ;
#1027 = APPROVAL ( #2466, 'UNSPECIFIED' ) ;
#1028 = CARTESIAN_POINT ( 'NONE',  ( 1.102244776274551530, 3.599999999999896172, 152.4000000000000057 ) ) ;
#1029 = ORIENTED_EDGE ( 'NONE', *, *, #1789, .T. ) ;
#1030 = DIRECTION ( 'NONE',  ( 1.836970198721030181E-16, 1.836970198721010952E-16, -1.000000000000000000 ) ) ;
#1031 = ORIENTED_EDGE ( 'NONE', *, *, #1242, .F. ) ;
#1032 = CARTESIAN_POINT ( 'NONE',  ( 8.309110660272216009, 2.524916986076431780, -152.4000000000000057 ) ) ;
#1033 = ORIENTED_EDGE ( 'NONE', *, *, #2328, .F. ) ;
#1034 = DIRECTION ( 'NONE',  ( 1.000000000000000000, 0.000000000000000000, 0.000000000000000000 ) ) ;
#1035 = DIRECTION ( 'NONE',  ( 0.03489949670245569985, -0.9993908270190974275, -3.671702332218492086E-16 ) ) ;
#1036 = CARTESIAN_POINT ( 'NONE',  ( 3.599999999999893063, 1.102244776274556415, -152.4000000000000057 ) ) ;
#1037 = ORIENTED_EDGE ( 'NONE', *, *, #1105, .T. ) ;
#1038 = DIRECTION ( 'NONE',  ( -0.000000000000000000, -0.000000000000000000, -1.000000000000000000 ) ) ;
#1039 = DIRECTION ( 'NONE',  ( 1.836970198721030674E-16, 1.836970198721011199E-16, -1.000000000000000000 ) ) ;
#1040 = ORIENTED_EDGE ( 'NONE', *, *, #221, .T. ) ;
#1041 = DIRECTION ( 'NONE',  ( 0.9993908270190973164, 0.03489949670245568597, -0.000000000000000000 ) ) ;
#1042 = VERTEX_POINT ( 'NONE', #2609 ) ;
#1043 = CARTESIAN_POINT ( 'NONE',  ( 2.824734234182150416, 8.319580509282953784, 152.4000000000000057 ) ) ;
#1044 = VERTEX_POINT ( 'NONE', #301 ) ;
#1045 = EDGE_CURVE ( 'NONE', #2074, #2107, #1440, .T. ) ;
#1046 = VECTOR ( 'NONE', #683, 1000.000000000000114 ) ;
#1047 = CARTESIAN_POINT ( 'NONE',  ( 8.319580509282992864, -2.824734234182037618, -152.4000000000000057 ) ) ;
#1048 = DIRECTION ( 'NONE',  ( 1.000000000000000000, 0.000000000000000000, -0.000000000000000000 ) ) ;
#1049 = DIRECTION ( 'NONE',  ( -4.336808689942023258E-15, -1.000000000000000000, 0.000000000000000000 ) ) ;
#1050 = ORIENTED_EDGE ( 'NONE', *, *, #2290, .F. ) ;
#1051 = VECTOR ( 'NONE', #2704, 1000.000000000000000 ) ;
#1052 = ORIENTED_EDGE ( 'NONE', *, *, #506, .F. ) ;
#1053 = DIRECTION ( 'NONE',  ( 1.000000000000000000, 0.000000000000000000, 0.000000000000000000 ) ) ;
#1054 = ORIENTED_EDGE ( 'NONE', *, *, #672, .T. ) ;
#1055 = DIRECTION ( 'NONE',  ( 0.9993908270190974275, 0.03489949670245183488, 1.282186707855337790E-17 ) ) ;
#1056 = EDGE_CURVE ( 'NONE', #1679, #2375, #2867, .T. ) ;
#1057 = ORIENTED_EDGE ( 'NONE', *, *, #1283, .F. ) ;
#1058 = CIRCLE ( 'NONE', #2766, 2.000000000000000000 ) ;
#1059 = AXIS2_PLACEMENT_3D ( 'NONE', #2836, #1939, #2872 ) ;
#1060 = CARTESIAN_POINT ( 'NONE',  ( -9.036603836547584478, 3.299999999999926104, 152.4000000000000057 ) ) ;
#1061 = VERTEX_POINT ( 'NONE', #287 ) ;
#1062 = VECTOR ( 'NONE', #2927, 1000.000000000000000 ) ;
#1063 = EDGE_CURVE ( 'NONE', #2212, #930, #1704, .T. ) ;
#1064 = AXIS2_PLACEMENT_3D ( 'NONE', #1782, #2910, #1964 ) ;
#1065 = CIRCLE ( 'NONE', #1158, 0.2999999999999999334 ) ;
#1066 = CARTESIAN_POINT ( 'NONE',  ( -8.093719460823912470, -4.953032548119506551, -152.4000000000000057 ) ) ;
#1067 = CARTESIAN_POINT ( 'NONE',  ( -8.309110660272233773, -2.524916986076317205, -152.4000000000000057 ) ) ;
#1068 = CALENDAR_DATE ( 2026, 18, 1 ) ;
#1069 = CARTESIAN_POINT ( 'NONE',  ( -2.524916986076424674, -8.309110660272201798, -152.4000000000000057 ) ) ;
#1070 = ADVANCED_FACE ( 'NONE', ( #1164 ), #2109, .F. ) ;
#1071 = ORIENTED_EDGE ( 'NONE', *, *, #443, .T. ) ;
#1072 = FACE_OUTER_BOUND ( 'NONE', #2253, .T. ) ;
#1073 = ORIENTED_EDGE ( 'NONE', *, *, #1943, .T. ) ;
#1074 = CARTESIAN_POINT ( 'NONE',  ( 9.836116498162819966, 3.272080402638038787, -152.4000000000000057 ) ) ;
#1075 = ORIENTED_EDGE ( 'NONE', *, *, #77, .F. ) ;
#1076 = CARTESIAN_POINT ( 'NONE',  ( -4.953032548119610468, -8.093719460823846745, -152.4000000000000057 ) ) ;
#1077 = DIRECTION ( 'NONE',  ( -1.013678791507403614E-14, -1.000000000000000000, 0.000000000000000000 ) ) ;
#1078 = PERSON_AND_ORGANIZATION ( #1996, #28 ) ;
#1079 = ADVANCED_FACE ( 'NONE', ( #866 ), #1474, .F. ) ;
#1080 = CIRCLE ( 'NONE', #307, 2.000000000000000000 ) ;
#1081 = CARTESIAN_POINT ( 'NONE',  ( -7.999999999999984901, 7.999999999999918288, 152.4000000000000057 ) ) ;
#1082 = EDGE_CURVE ( 'NONE', #1559, #1042, #881, .T. ) ;
#1083 = ORIENTED_EDGE ( 'NONE', *, *, #506, .T. ) ;
#1084 = VECTOR ( 'NONE', #2231, 1000.000000000000000 ) ;
#1085 = DIRECTION ( 'NONE',  ( 0.03489949670245575536, 0.9993908270190973164, 1.899960501502001046E-16 ) ) ;
#1086 = ORIENTED_EDGE ( 'NONE', *, *, #1974, .F. ) ;
#1087 = EDGE_CURVE ( 'NONE', #710, #1650, #2129, .T. ) ;
#1088 = DIRECTION ( 'NONE',  ( -0.000000000000000000, -0.000000000000000000, -1.000000000000000000 ) ) ;
#1089 = VERTEX_POINT ( 'NONE', #1100 ) ;
#1090 = VECTOR ( 'NONE', #574, 1000.000000000000000 ) ;
#1091 = CC_DESIGN_APPROVAL ( #1374, ( #131 ) ) ;
#1092 = ADVANCED_FACE ( 'NONE', ( #184 ), #2416, .T. ) ;
#1093 = VECTOR ( 'NONE', #2292, 1000.000000000000000 ) ;
#1094 = FACE_OUTER_BOUND ( 'NONE', #2457, .T. ) ;
#1095 = CARTESIAN_POINT ( 'NONE',  ( -8.309110660272288840, -2.524916986076373160, 152.4000000000000057 ) ) ;
#1096 = AXIS2_PLACEMENT_3D ( 'NONE', #2284, #852, #133 ) ;
#1097 = CARTESIAN_POINT ( 'NONE',  ( 7.324096938656378342, 5.749999999999947597, 152.4000000000000057 ) ) ;
#1098 = ORIENTED_EDGE ( 'NONE', *, *, #2162, .T. ) ;
#1099 = PLANE ( 'NONE',  #1973 ) ;
#1100 = CARTESIAN_POINT ( 'NONE',  ( -3.223565119834156167, -4.478679656440231582, -152.4000000000000057 ) ) ;
#1101 = ORIENTED_EDGE ( 'NONE', *, *, #1767, .T. ) ;
#1102 = DIRECTION ( 'NONE',  ( 0.03489949670244348046, 0.9993908270190977605, 0.000000000000000000 ) ) ;
#1103 = ORIENTED_EDGE ( 'NONE', *, *, #1045, .F. ) ;
#1104 = VERTEX_POINT ( 'NONE', #1572 ) ;
#1105 = EDGE_CURVE ( 'NONE', #508, #172, #2228, .T. ) ;
#1106 = DIRECTION ( 'NONE',  ( 0.9993908270190976495, -0.03489949670244697072, -1.899960501502004744E-16 ) ) ;
#1107 = DIRECTION ( 'NONE',  ( -1.836970198721030181E-16, 1.836970198721036590E-16, -1.000000000000000000 ) ) ;
#1108 = PERSON_AND_ORGANIZATION ( #1996, #28 ) ;
#1109 = EDGE_CURVE ( 'NONE', #2654, #2669, #1984, .T. ) ;
#1110 = VECTOR ( 'NONE', #2595, 1000.000000000000000 ) ;
#1111 = CARTESIAN_POINT ( 'NONE',  ( 6.779559917037182082, 5.524445380431012076, 152.4000000000000057 ) ) ;
#1112 = DIRECTION ( 'NONE',  ( -0.03489949670245183488, 0.9993908270190974275, 0.000000000000000000 ) ) ;
#1113 = APPROVAL ( #1299, 'UNSPECIFIED' ) ;
#1114 = VERTEX_POINT ( 'NONE', #1967 ) ;
#1115 = CARTESIAN_POINT ( 'NONE',  ( -7.999999999999984901, 7.999999999999918288, -152.4000000000000057 ) ) ;
#1116 = LINE ( 'NONE', #1331, #2026 ) ;
#1117 = ORIENTED_EDGE ( 'NONE', *, *, #2135, .F. ) ;
#1118 = CARTESIAN_POINT ( 'NONE',  ( 8.019763261177262237, -2.835204083192885527, 152.4000000000000057 ) ) ;
#1119 = CARTESIAN_POINT ( 'NONE',  ( 9.036603836547584478, -3.299999999999982059, 152.4000000000000057 ) ) ;
#1120 = ORIENTED_EDGE ( 'NONE', *, *, #2827, .T. ) ;
#1121 = CARTESIAN_POINT ( 'NONE',  ( -3.223565119834212123, -4.478679656440287538, 152.4000000000000057 ) ) ;
#1122 = CARTESIAN_POINT ( 'NONE',  ( 2.835204083192829572, 8.019763261177280000, -152.4000000000000057 ) ) ;
#1123 = DIRECTION ( 'NONE',  ( 0.000000000000000000, 1.000000000000000000, 0.000000000000000000 ) ) ;
#1124 = CARTESIAN_POINT ( 'NONE',  ( 8.319580509282992864, -2.824734234182149528, 152.4000000000000057 ) ) ;
#1125 = EDGE_LOOP ( 'NONE', ( #1050, #770, #2101, #1083 ) ) ;
#1126 = VECTOR ( 'NONE', #225, 1000.000000000000000 ) ;
#1127 = ORIENTED_EDGE ( 'NONE', *, *, #1296, .F. ) ;
#1128 = DIRECTION ( 'NONE',  ( 0.7071067811865517916, 0.7071067811865431318, 0.000000000000000000 ) ) ;
#1129 = VERTEX_POINT ( 'NONE', #806 ) ;
#1130 = CIRCLE ( 'NONE', #2841, 3.000000000000000888 ) ;
#1131 = CARTESIAN_POINT ( 'NONE',  ( 5.524445380431064478, -6.779559917037190075, 152.4000000000000057 ) ) ;
#1132 = PLANE ( 'NONE',  #1230 ) ;
#1133 = VERTEX_POINT ( 'NONE', #2674 ) ;
#1134 = EDGE_CURVE ( 'NONE', #870, #2828, #1116, .T. ) ;
#1135 = CARTESIAN_POINT ( 'NONE',  ( -7.930201006595151370, -9.998781654038124245, 152.4000000000000057 ) ) ;
#1136 = PLANE ( 'NONE',  #751 ) ;
#1137 = AXIS2_PLACEMENT_3D ( 'NONE', #1369, #2307, #219 ) ;
#1138 = CARTESIAN_POINT ( 'NONE',  ( 3.599999999999927702, -1.102244776274566851, 152.4000000000000057 ) ) ;
#1139 = EDGE_CURVE ( 'NONE', #1899, #2197, #895, .T. ) ;
#1140 = DIRECTION ( 'NONE',  ( -0.000000000000000000, 3.673940397442061347E-16, -1.000000000000000000 ) ) ;
#1141 = ORIENTED_EDGE ( 'NONE', *, *, #2829, .F. ) ;
#1142 = CIRCLE ( 'NONE', #1633, 0.2999999999999999334 ) ;
#1143 = CARTESIAN_POINT ( 'NONE',  ( -9.998781654038225497, -7.930201006595020807, 152.4000000000000057 ) ) ;
#1144 = ORIENTED_EDGE ( 'NONE', *, *, #293, .T. ) ;
#1145 = CARTESIAN_POINT ( 'NONE',  ( 9.036603836547584478, -2.499999999999869438, -152.4000000000000057 ) ) ;
#1146 = CARTESIAN_POINT ( 'NONE',  ( -2.824734234182161963, 8.319580509282967995, 152.4000000000000057 ) ) ;
#1147 = ADVANCED_FACE ( 'NONE', ( #2913 ), #2268, .F. ) ;
#1148 = ORIENTED_EDGE ( 'NONE', *, *, #2958, .T. ) ;
#1149 = VECTOR ( 'NONE', #645, 1000.000000000000000 ) ;
#1150 = CARTESIAN_POINT ( 'NONE',  ( 2.524916986076432668, -8.309110660272292392, 152.4000000000000057 ) ) ;
#1151 = DIRECTION ( 'NONE',  ( 0.000000000000000000, 3.673940397442060361E-16, -1.000000000000000000 ) ) ;
#1152 = VECTOR ( 'NONE', #91, 1000.000000000000114 ) ;
#1153 = AXIS2_PLACEMENT_3D ( 'NONE', #551, #1908, #2193 ) ;
#1154 = CARTESIAN_POINT ( 'NONE',  ( 4.478679656440292867, -3.223565119834193471, 152.4000000000000057 ) ) ;
#1155 = LINE ( 'NONE', #1613, #330 ) ;
#1156 = ORIENTED_EDGE ( 'NONE', *, *, #522, .T. ) ;
#1157 = VECTOR ( 'NONE', #361, 1000.000000000000000 ) ;
#1158 = AXIS2_PLACEMENT_3D ( 'NONE', #2506, #2048, #2340 ) ;
#1159 = DIRECTION ( 'NONE',  ( 1.000000000000000000, 0.000000000000000000, 0.000000000000000000 ) ) ;
#1160 = ORIENTED_EDGE ( 'NONE', *, *, #1190, .T. ) ;
#1161 = CARTESIAN_POINT ( 'NONE',  ( -9.008684239185603460, -2.500487338384599578, -152.4000000000000057 ) ) ;
#1162 = ORIENTED_EDGE ( 'NONE', *, *, #831, .T. ) ;
#1163 = UNCERTAINTY_MEASURE_WITH_UNIT (LENGTH_MEASURE( 1.000000000000000082E-05 ), #521, 'distance_accuracy_value', 'NONE');
#1164 = FACE_OUTER_BOUND ( 'NONE', #237, .T. ) ;
#1165 = CARTESIAN_POINT ( 'NONE',  ( 7.999999999999984901, -7.999999999999976019, 152.4000000000000057 ) ) ;
#1166 = DIRECTION ( 'NONE',  ( 0.000000000000000000, 1.000000000000000000, 0.000000000000000000 ) ) ;
#1167 = LINE ( 'NONE', #274, #908 ) ;
#1168 = ORIENTED_EDGE ( 'NONE', *, *, #1216, .F. ) ;
#1169 = ADVANCED_FACE ( 'NONE', ( #422 ), #333, .F. ) ;
#1170 = EDGE_CURVE ( 'NONE', #3003, #508, #2726, .T. ) ;
#1171 = ORIENTED_EDGE ( 'NONE', *, *, #885, .F. ) ;
#1172 = DIRECTION ( 'NONE',  ( -0.7071067811865479058, -0.7071067811865472397, -3.204747427460360459E-31 ) ) ;
#1173 = ORIENTED_EDGE ( 'NONE', *, *, #3000, .T. ) ;
#1174 = CARTESIAN_POINT ( 'NONE',  ( 1.102244776274482918, 6.599999999999952571, -152.4000000000000057 ) ) ;
#1175 = EDGE_CURVE ( 'NONE', #354, #1556, #198, .T. ) ;
#1176 = DIRECTION ( 'NONE',  ( 0.000000000000000000, 1.000000000000000000, 0.000000000000000000 ) ) ;
#1177 = ORIENTED_EDGE ( 'NONE', *, *, #113, .F. ) ;
#1178 = AXIS2_PLACEMENT_3D ( 'NONE', #1203, #2838, #1742 ) ;
#1179 = LINE ( 'NONE', #2398, #2090 ) ;
#1180 = DIRECTION ( 'NONE',  ( 0.9993908270190976495, -0.03489949670244876789, -1.899960501502007455E-16 ) ) ;
#1181 = DIRECTION ( 'NONE',  ( -1.000000000000000000, 0.000000000000000000, 0.000000000000000000 ) ) ;
#1182 = CIRCLE ( 'NONE', #2897, 3.000000000000000888 ) ;
#1183 = CARTESIAN_POINT ( 'NONE',  ( -6.779559917037221162, -5.524445380431021846, 152.4000000000000057 ) ) ;
#1184 = ORIENTED_EDGE ( 'NONE', *, *, #1421, .F. ) ;
#1185 = VECTOR ( 'NONE', #594, 1000.000000000000000 ) ;
#1186 = DIRECTION ( 'NONE',  ( 0.000000000000000000, 1.000000000000000000, 0.000000000000000000 ) ) ;
#1187 = EDGE_LOOP ( 'NONE', ( #1160, #376, #2908, #2859 ) ) ;
#1188 = DIRECTION ( 'NONE',  ( -0.000000000000000000, -0.000000000000000000, -1.000000000000000000 ) ) ;
#1189 = LINE ( 'NONE', #1437, #861 ) ;
#1190 = EDGE_CURVE ( 'NONE', #736, #1129, #2980, .T. ) ;
#1191 = ORIENTED_EDGE ( 'NONE', *, *, #1045, .T. ) ;
#1192 = EDGE_CURVE ( 'NONE', #2107, #2801, #1827, .T. ) ;
#1193 = VECTOR ( 'NONE', #2677, 1000.000000000000114 ) ;
#1194 = ADVANCED_FACE ( 'NONE', ( #1558 ), #2498, .F. ) ;
#1195 = CARTESIAN_POINT ( 'NONE',  ( 3.272080402638025021, 9.836116498162823518, 152.4000000000000057 ) ) ;
#1196 = DIRECTION ( 'NONE',  ( 0.9993908270190975385, 0.03489949670245177243, -0.000000000000000000 ) ) ;
#1197 = DIRECTION ( 'NONE',  ( -1.000000000000000000, 0.000000000000000000, 0.000000000000000000 ) ) ;
#1198 = CIRCLE ( 'NONE', #2479, 2.149999999999999911 ) ;
#1199 = AXIS2_PLACEMENT_3D ( 'NONE', #2296, #2993, #893 ) ;
#1200 = DIRECTION ( 'NONE',  ( 1.000000000000000000, 0.000000000000000000, 0.000000000000000000 ) ) ;
#1201 = ORIENTED_EDGE ( 'NONE', *, *, #1979, .F. ) ;
#1202 = EDGE_CURVE ( 'NONE', #588, #1104, #789, .T. ) ;
#1203 = CARTESIAN_POINT ( 'NONE',  ( -4.979908358811888647, -7.324096938656379230, 152.4000000000000057 ) ) ;
#1204 = ADVANCED_FACE ( 'NONE', ( #2434 ), #2810, .F. ) ;
#1205 = CARTESIAN_POINT ( 'NONE',  ( -8.019763261177262237, 2.835204083192829572, 152.4000000000000057 ) ) ;
#1206 = ORIENTED_EDGE ( 'NONE', *, *, #921, .F. ) ;
#1207 = CARTESIAN_POINT ( 'NONE',  ( 8.019763261177276448, 2.835204083192839342, 152.4000000000000057 ) ) ;
#1208 = AXIS2_PLACEMENT_3D ( 'NONE', #1667, #2606, #512 ) ;
#1209 = ORIENTED_EDGE ( 'NONE', *, *, #606, .T. ) ;
#1210 = CARTESIAN_POINT ( 'NONE',  ( 8.309110660272255089, -2.524916986076421566, 152.4000000000000057 ) ) ;
#1211 = ORIENTED_EDGE ( 'NONE', *, *, #2954, .T. ) ;
#1212 = EDGE_CURVE ( 'NONE', #828, #2532, #658, .T. ) ;
#1213 = PLANE ( 'NONE',  #378 ) ;
#1214 = CARTESIAN_POINT ( 'NONE',  ( 0.000000000000000000, 0.000000000000000000, 152.4000000000000057 ) ) ;
#1215 = FACE_OUTER_BOUND ( 'NONE', #1931, .T. ) ;
#1216 = EDGE_CURVE ( 'NONE', #2160, #1044, #2102, .T. ) ;
#1217 = LINE ( 'NONE', #1007, #668 ) ;
#1218 = ORIENTED_EDGE ( 'NONE', *, *, #2162, .F. ) ;
#1219 = CARTESIAN_POINT ( 'NONE',  ( -4.979908358811845126, 7.324096938656361466, 152.4000000000000057 ) ) ;
#1220 = EDGE_CURVE ( 'NONE', #2275, #1347, #1785, .T. ) ;
#1221 = CARTESIAN_POINT ( 'NONE',  ( 3.599999999999949019, 1.102244776274500460, 152.4000000000000057 ) ) ;
#1222 = ORIENTED_EDGE ( 'NONE', *, *, #480, .T. ) ;
#1223 = DIRECTION ( 'NONE',  ( 0.000000000000000000, 1.000000000000000000, 0.000000000000000000 ) ) ;
#1224 = VERTEX_POINT ( 'NONE', #2300 ) ;
#1225 = PLANE ( 'NONE',  #582 ) ;
#1226 = ORIENTED_EDGE ( 'NONE', *, *, #149, .T. ) ;
#1227 = AXIS2_PLACEMENT_3D ( 'NONE', #400, #622, #1528 ) ;
#1228 = DIRECTION ( 'NONE',  ( 0.000000000000000000, 0.000000000000000000, 1.000000000000000000 ) ) ;
#1229 = DIRECTION ( 'NONE',  ( 0.03489949670244876789, 0.9993908270190976495, 0.000000000000000000 ) ) ;
#1230 = AXIS2_PLACEMENT_3D ( 'NONE', #1871, #267, #242 ) ;
#1231 = DIRECTION ( 'NONE',  ( 1.040834085586084257E-14, 1.000000000000000000, 0.000000000000000000 ) ) ;
#1232 = DIRECTION ( 'NONE',  ( -0.000000000000000000, -0.000000000000000000, -1.000000000000000000 ) ) ;
#1233 = VERTEX_POINT ( 'NONE', #944 ) ;
#1234 = AXIS2_PLACEMENT_3D ( 'NONE', #1012, #2373, #1499 ) ;
#1235 = AXIS2_PLACEMENT_3D ( 'NONE', #2728, #899, #1846 ) ;
#1236 = CYLINDRICAL_SURFACE ( 'NONE', #2603, 0.7700916411881568724 ) ;
#1237 = EDGE_CURVE ( 'NONE', #2878, #482, #675, .T. ) ;
#1238 = DIRECTION ( 'NONE',  ( -1.836970198721030674E-16, 1.836970198721037083E-16, -1.000000000000000000 ) ) ;
#1239 = VERTEX_POINT ( 'NONE', #2116 ) ;
#1240 = CARTESIAN_POINT ( 'NONE',  ( 7.324096938656407652, 4.979908358811790947, 152.4000000000000057 ) ) ;
#1241 = VECTOR ( 'NONE', #1818, 1000.000000000000000 ) ;
#1242 = EDGE_CURVE ( 'NONE', #590, #2828, #2710, .T. ) ;
#1243 = EDGE_LOOP ( 'NONE', ( #2071, #244, #1486, #2665 ) ) ;
#1244 = ORIENTED_EDGE ( 'NONE', *, *, #2697, .T. ) ;
#1245 = CYLINDRICAL_SURFACE ( 'NONE', #2683, 0.7700916411881577606 ) ;
#1246 = ORIENTED_EDGE ( 'NONE', *, *, #2829, .T. ) ;
#1247 = VECTOR ( 'NONE', #1686, 1000.000000000000000 ) ;
#1248 = DIRECTION ( 'NONE',  ( 0.7071067811865454633, 0.7071067811865496822, -0.000000000000000000 ) ) ;
#1249 = DIRECTION ( 'NONE',  ( -1.836970198721030674E-16, 1.836970198721037083E-16, -1.000000000000000000 ) ) ;
#1250 = FACE_OUTER_BOUND ( 'NONE', #2985, .T. ) ;
#1251 = DIRECTION ( 'NONE',  ( -1.836970198721030674E-16, 1.836970198721037083E-16, -1.000000000000000000 ) ) ;
#1252 = VERTEX_POINT ( 'NONE', #2086 ) ;
#1253 = DIRECTION ( 'NONE',  ( -1.000000000000000000, 0.000000000000000000, 0.000000000000000000 ) ) ;
#1254 = AXIS2_PLACEMENT_3D ( 'NONE', #1459, #2143, #72 ) ;
#1255 = CARTESIAN_POINT ( 'NONE',  ( -2.524916986076432668, 8.309110660272235549, 152.4000000000000057 ) ) ;
#1256 = ORIENTED_EDGE ( 'NONE', *, *, #477, .F. ) ;
#1257 = DIRECTION ( 'NONE',  ( 0.03489949670245183488, -0.9993908270190974275, -3.671702332218492086E-16 ) ) ;
#1258 = ORIENTED_EDGE ( 'NONE', *, *, #21, .F. ) ;
#1259 = CARTESIAN_POINT ( 'NONE',  ( 8.309110660272272852, 2.524916986076375824, 152.4000000000000057 ) ) ;
#1260 = ORIENTED_EDGE ( 'NONE', *, *, #885, .T. ) ;
#1261 = AXIS2_PLACEMENT_3D ( 'NONE', #2412, #2848, #1419 ) ;
#1262 = DIRECTION ( 'NONE',  ( -0.000000000000000000, -0.000000000000000000, -1.000000000000000000 ) ) ;
#1263 = AXIS2_PLACEMENT_3D ( 'NONE', #334, #2435, #2206 ) ;
#1264 = DIRECTION ( 'NONE',  ( 1.836970198721030181E-16, -1.836970198721036590E-16, 1.000000000000000000 ) ) ;
#1265 = DIRECTION ( 'NONE',  ( -1.836970198721030674E-16, 1.836970198721037083E-16, -1.000000000000000000 ) ) ;
#1266 = CARTESIAN_POINT ( 'NONE',  ( -9.008684239185626552, 2.500487338384647096, -152.4000000000000057 ) ) ;
#1267 = VERTEX_POINT ( 'NONE', #1143 ) ;
#1268 = CARTESIAN_POINT ( 'NONE',  ( -3.223565119834177484, 4.478679656440267998, -152.4000000000000057 ) ) ;
#1269 = EDGE_CURVE ( 'NONE', #2298, #2825, #1736, .T. ) ;
#1270 = EDGE_LOOP ( 'NONE', ( #1073, #809, #188, #973 ) ) ;
#1271 = PLANE ( 'NONE',  #463 ) ;
#1272 = ADVANCED_FACE ( 'NONE', ( #2 ), #210, .F. ) ;
#1273 = ORIENTED_EDGE ( 'NONE', *, *, #2108, .T. ) ;
#1274 = ORIENTED_EDGE ( 'NONE', *, *, #1269, .T. ) ;
#1275 = DIRECTION ( 'NONE',  ( -1.000000000000000000, 0.000000000000000000, 0.000000000000000000 ) ) ;
#1276 = ORIENTED_EDGE ( 'NONE', *, *, #2598, .T. ) ;
#1277 = ADVANCED_FACE ( 'NONE', ( #916 ), #252, .F. ) ;
#1278 = DIRECTION ( 'NONE',  ( -0.000000000000000000, -0.000000000000000000, -1.000000000000000000 ) ) ;
#1279 = VECTOR ( 'NONE', #1791, 1000.000000000000000 ) ;
#1280 = CARTESIAN_POINT ( 'NONE',  ( -4.478679656440292867, 3.223565119834137516, -152.4000000000000057 ) ) ;
#1281 = CIRCLE ( 'NONE', #2702, 2.000000000000000000 ) ;
#1282 = DIRECTION ( 'NONE',  ( 3.469446951953613006E-15, 1.000000000000000000, 0.000000000000000000 ) ) ;
#1283 = EDGE_CURVE ( 'NONE', #138, #2115, #2070, .T. ) ;
#1284 = ORIENTED_EDGE ( 'NONE', *, *, #733, .T. ) ;
#1285 = PERSON_AND_ORGANIZATION ( #1996, #28 ) ;
#1286 = AXIS2_PLACEMENT_3D ( 'NONE', #2886, #2903, #993 ) ;
#1287 = EDGE_CURVE ( 'NONE', #2430, #2742, #847, .T. ) ;
#1288 = CARTESIAN_POINT ( 'NONE',  ( -7.930201006595151370, -9.998781654038124245, 152.4000000000000057 ) ) ;
#1289 = ORIENTED_EDGE ( 'NONE', *, *, #1421, .T. ) ;
#1290 = LINE ( 'NONE', #2469, #175 ) ;
#1291 = ORIENTED_EDGE ( 'NONE', *, *, #580, .F. ) ;
#1292 = CYLINDRICAL_SURFACE ( 'NONE', #1945, 2.000000000000000000 ) ;
#1293 = VERTEX_POINT ( 'NONE', #46 ) ;
#1294 = AXIS2_PLACEMENT_3D ( 'NONE', #584, #137, #1049 ) ;
#1295 = EDGE_CURVE ( 'NONE', #2335, #1129, #31, .T. ) ;
#1296 = EDGE_CURVE ( 'NONE', #1338, #2648, #2584, .T. ) ;
#1297 = DIRECTION ( 'NONE',  ( -1.836970198721030674E-16, 1.836970198721037083E-16, -1.000000000000000000 ) ) ;
#1298 = CARTESIAN_POINT ( 'NONE',  ( 8.019763261177262237, -2.835204083192885527, 152.4000000000000057 ) ) ;
#1299 = APPROVAL_STATUS ( 'not_yet_approved' ) ;
#1300 = AXIS2_PLACEMENT_3D ( 'NONE', #104, #1297, #150 ) ;
#1301 = CARTESIAN_POINT ( 'NONE',  ( -6.599999999999927702, 1.102244776274487803, 152.4000000000000057 ) ) ;
#1302 = ORIENTED_EDGE ( 'NONE', *, *, #217, .T. ) ;
#1303 = CARTESIAN_POINT ( 'NONE',  ( -3.299999999999999822, 9.036603836547559609, 152.4000000000000057 ) ) ;
#1304 = CIRCLE ( 'NONE', #3007, 0.8000000000000003775 ) ;
#1305 = EDGE_LOOP ( 'NONE', ( #1, #1944, #305, #579 ) ) ;
#1306 = VECTOR ( 'NONE', #822, 1000.000000000000000 ) ;
#1307 = AXIS2_PLACEMENT_3D ( 'NONE', #2082, #207, #1854 ) ;
#1308 = CARTESIAN_POINT ( 'NONE',  ( -3.599999999999919265, -3.035766082959412415E-14, -152.4000000000000057 ) ) ;
#1309 = ORIENTED_EDGE ( 'NONE', *, *, #14, .T. ) ;
#1310 = VECTOR ( 'NONE', #331, 1000.000000000000000 ) ;
#1311 = EDGE_CURVE ( 'NONE', #801, #1556, #2753, .T. ) ;
#1312 = VECTOR ( 'NONE', #724, 1000.000000000000114 ) ;
#1313 = CARTESIAN_POINT ( 'NONE',  ( -2.524916986076480629, -8.309110660272256865, 152.4000000000000057 ) ) ;
#1314 = DIRECTION ( 'NONE',  ( 1.836970198721030181E-16, 1.836970198721010952E-16, -1.000000000000000000 ) ) ;
#1315 = DATE_AND_TIME ( #1068, #464 ) ;
#1316 = EDGE_CURVE ( 'NONE', #933, #2391, #687, .T. ) ;
#1317 = CARTESIAN_POINT ( 'NONE',  ( -5.750000000000046185, -7.324096938656350808, 152.4000000000000057 ) ) ;
#1318 = VERTEX_POINT ( 'NONE', #2555 ) ;
#1319 = DIRECTION ( 'NONE',  ( 1.000000000000000000, 0.000000000000000000, 0.000000000000000000 ) ) ;
#1320 = EDGE_CURVE ( 'NONE', #1478, #138, #214, .T. ) ;
#1321 = VERTEX_POINT ( 'NONE', #1389 ) ;
#1322 = LINE ( 'NONE', #1734, #1157 ) ;
#1323 = ORIENTED_EDGE ( 'NONE', *, *, #1435, .T. ) ;
#1324 = DIRECTION ( 'NONE',  ( 2.704576509119208496E-15, 1.000000000000000000, 1.836970198721031660E-16 ) ) ;
#1325 = CARTESIAN_POINT ( 'NONE',  ( -8.319580509282992864, 2.824734234182093573, 152.4000000000000057 ) ) ;
#1326 = APPROVAL_DATE_TIME ( #1775, #1374 ) ;
#1327 = AXIS2_PLACEMENT_3D ( 'NONE', #1081, #141, #598 ) ;
#1328 = CARTESIAN_POINT ( 'NONE',  ( 6.779559917037181194, -5.524445380430952568, -152.4000000000000057 ) ) ;
#1329 = VERTEX_POINT ( 'NONE', #2330 ) ;
#1330 = PLANE ( 'NONE',  #1337 ) ;
#1331 = CARTESIAN_POINT ( 'NONE',  ( 2.835204083192885527, 8.019763261177224933, 152.4000000000000057 ) ) ;
#1332 = ORIENTED_EDGE ( 'NONE', *, *, #2806, .T. ) ;
#1333 = CARTESIAN_POINT ( 'NONE',  ( 2.824734234182161963, -8.319580509283024838, 152.4000000000000057 ) ) ;
#1334 = DIRECTION ( 'NONE',  ( 0.000000000000000000, 0.000000000000000000, 1.000000000000000000 ) ) ;
#1335 = ADVANCED_FACE ( 'NONE', ( #240 ), #929, .T. ) ;
#1336 = AXIS2_PLACEMENT_3D ( 'NONE', #2181, #2652, #2427 ) ;
#1337 = AXIS2_PLACEMENT_3D ( 'NONE', #589, #2021, #814 ) ;
#1338 = VERTEX_POINT ( 'NONE', #2650 ) ;
#1339 = AXIS2_PLACEMENT_3D ( 'NONE', #2691, #823, #1551 ) ;
#1340 = CC_DESIGN_PERSON_AND_ORGANIZATION_ASSIGNMENT ( #1285, #1761, ( #255 ) ) ;
#1341 = DIRECTION ( 'NONE',  ( -0.03489949670244876789, -0.9993908270190975385, -1.771741830716491534E-16 ) ) ;
#1342 = DIRECTION ( 'NONE',  ( -1.836970198721030674E-16, 1.836970198721037083E-16, -1.000000000000000000 ) ) ;
#1343 = SECURITY_CLASSIFICATION_LEVEL ( 'unclassified' ) ;
#1344 = AXIS2_PLACEMENT_3D ( 'NONE', #1885, #437, #717 ) ;
#1345 = DIRECTION ( 'NONE',  ( -1.836970198721030181E-16, -1.836970198721010952E-16, 1.000000000000000000 ) ) ;
#1346 = LINE ( 'NONE', #2281, #148 ) ;
#1347 = VERTEX_POINT ( 'NONE', #798 ) ;
#1348 = CARTESIAN_POINT ( 'NONE',  ( -1.102244776274529103, -6.599999999999888622, -152.4000000000000057 ) ) ;
#1349 = DIRECTION ( 'NONE',  ( -0.7071067811865496822, 0.7071067811865454633, 0.000000000000000000 ) ) ;
#1350 = VERTEX_POINT ( 'NONE', #78 ) ;
#1351 = DIRECTION ( 'NONE',  ( 0.03489949670244710256, 0.9993908270190976495, 1.771741830716494738E-16 ) ) ;
#1352 = VERTEX_POINT ( 'NONE', #109 ) ;
#1353 = AXIS2_PLACEMENT_3D ( 'NONE', #1866, #2808, #2538 ) ;
#1354 = EDGE_LOOP ( 'NONE', ( #1037, #2623, #345, #1276 ) ) ;
#1355 = CARTESIAN_POINT ( 'NONE',  ( -8.093719460823926681, 4.953032548119552736, 152.4000000000000057 ) ) ;
#1356 = LINE ( 'NONE', #2548, #2470 ) ;
#1357 = CIRCLE ( 'NONE', #1261, 2.000000000000000000 ) ;
#1358 = CARTESIAN_POINT ( 'NONE',  ( -8.019763261177295988, -2.835204083192838898, 152.4000000000000057 ) ) ;
#1359 = FACE_OUTER_BOUND ( 'NONE', #2226, .T. ) ;
#1360 = ORIENTED_EDGE ( 'NONE', *, *, #458, .T. ) ;
#1361 = ADVANCED_FACE ( 'NONE', ( #2425 ), #524, .F. ) ;
#1362 = ORIENTED_EDGE ( 'NONE', *, *, #2333, .F. ) ;
#1363 = DIRECTION ( 'NONE',  ( 0.000000000000000000, 1.000000000000000000, 0.000000000000000000 ) ) ;
#1364 = ORIENTED_EDGE ( 'NONE', *, *, #1134, .F. ) ;
#1365 = DIRECTION ( 'NONE',  ( -0.000000000000000000, 3.673940397442061347E-16, -1.000000000000000000 ) ) ;
#1366 = DIRECTION ( 'NONE',  ( -0.000000000000000000, -0.000000000000000000, -1.000000000000000000 ) ) ;
#1367 = ORIENTED_EDGE ( 'NONE', *, *, #1398, .F. ) ;
#1368 = PLANE ( 'NONE',  #2236 ) ;
#1369 = CARTESIAN_POINT ( 'NONE',  ( -7.324096938656403211, 4.979908358811783842, 152.4000000000000057 ) ) ;
#1370 = EDGE_CURVE ( 'NONE', #230, #1577, #835, .T. ) ;
#1371 = DIRECTION ( 'NONE',  ( -0.000000000000000000, -0.000000000000000000, -1.000000000000000000 ) ) ;
#1372 = LINE ( 'NONE', #2312, #956 ) ;
#1373 = VERTEX_POINT ( 'NONE', #2887 ) ;
#1374 = APPROVAL ( #2029, 'UNSPECIFIED' ) ;
#1375 = DIRECTION ( 'NONE',  ( 0.7071067811865432429, -0.7071067811865519026, -2.021973694894735861E-31 ) ) ;
#1376 = VERTEX_POINT ( 'NONE', #278 ) ;
#1377 = AXIS2_PLACEMENT_3D ( 'NONE', #2557, #213, #471 ) ;
#1378 = LINE ( 'NONE', #1896, #533 ) ;
#1379 = DIRECTION ( 'NONE',  ( 1.836970198721030181E-16, -1.836970198721036590E-16, 1.000000000000000000 ) ) ;
#1380 = CIRCLE ( 'NONE', #1776, 0.7700916411881568724 ) ;
#1381 = AXIS2_PLACEMENT_3D ( 'NONE', #339, #60, #322 ) ;
#1382 = ORIENTED_EDGE ( 'NONE', *, *, #1792, .T. ) ;
#1383 = CARTESIAN_POINT ( 'NONE',  ( -9.008684239185626552, 2.500487338384647096, 152.4000000000000057 ) ) ;
#1384 = LINE ( 'NONE', #2520, #2558 ) ;
#1385 = DIRECTION ( 'NONE',  ( -0.000000000000000000, -0.000000000000000000, -1.000000000000000000 ) ) ;
#1386 = DIRECTION ( 'NONE',  ( -0.7071067811865517916, -0.7071067811865432429, -2.597868168706466792E-16 ) ) ;
#1387 = ORIENTED_EDGE ( 'NONE', *, *, #1647, .F. ) ;
#1388 = ORIENTED_EDGE ( 'NONE', *, *, #2079, .T. ) ;
#1389 = CARTESIAN_POINT ( 'NONE',  ( -3.599999999999927702, 1.102244776274510896, 152.4000000000000057 ) ) ;
#1390 = VERTEX_POINT ( 'NONE', #976 ) ;
#1391 = ORIENTED_EDGE ( 'NONE', *, *, #1747, .F. ) ;
#1392 = CARTESIAN_POINT ( 'NONE',  ( 1.102244776274541760, -6.599999999999973888, 152.4000000000000057 ) ) ;
#1393 = VERTEX_POINT ( 'NONE', #1661 ) ;
#1394 = AXIS2_PLACEMENT_3D ( 'NONE', #665, #694, #2759 ) ;
#1395 = EDGE_CURVE ( 'NONE', #1224, #2825, #1959, .T. ) ;
#1396 = DIRECTION ( 'NONE',  ( 0.9993908270190976495, -0.03489949670244527763, -0.000000000000000000 ) ) ;
#1397 = DIRECTION ( 'NONE',  ( 0.7071067811865506814, -0.7071067811865443531, 0.000000000000000000 ) ) ;
#1398 = EDGE_CURVE ( 'NONE', #1414, #1932, #556, .T. ) ;
#1399 = CARTESIAN_POINT ( 'NONE',  ( -10.00000000000003020, -7.999999999999928946, 152.4000000000000057 ) ) ;
#1400 = CARTESIAN_POINT ( 'NONE',  ( 1.102244776274541094, -3.599999999999973443, 152.4000000000000057 ) ) ;
#1401 = EDGE_LOOP ( 'NONE', ( #1156, #1029 ) ) ;
#1402 = CIRCLE ( 'NONE', #6, 0.7999999999999990452 ) ;
#1403 = EDGE_CURVE ( 'NONE', #1650, #1373, #75, .T. ) ;
#1404 = VECTOR ( 'NONE', #712, 1000.000000000000000 ) ;
#1405 = CARTESIAN_POINT ( 'NONE',  ( -4.478679656440330170, -3.223565119834158388, 152.4000000000000057 ) ) ;
#1406 = EDGE_LOOP ( 'NONE', ( #1741, #1184, #241, #85 ) ) ;
#1407 = LINE ( 'NONE', #1651, #359 ) ;
#1408 = CARTESIAN_POINT ( 'NONE',  ( -8.094188579844560749, 4.979908358811783842, 152.4000000000000057 ) ) ;
#1409 = VERTEX_POINT ( 'NONE', #1928 ) ;
#1410 = CARTESIAN_POINT ( 'NONE',  ( -1.102244776274541094, 3.599999999999917488, -152.4000000000000057 ) ) ;
#1411 = FACE_OUTER_BOUND ( 'NONE', #63, .T. ) ;
#1412 = DIRECTION ( 'NONE',  ( 1.836970198721030674E-16, 1.836970198721011199E-16, -1.000000000000000000 ) ) ;
#1413 = PLANE ( 'NONE',  #1692 ) ;
#1414 = VERTEX_POINT ( 'NONE', #1255 ) ;
#1415 = EDGE_CURVE ( 'NONE', #1867, #2648, #1771, .T. ) ;
#1416 = DIRECTION ( 'NONE',  ( 0.9993908270190973164, 0.03489949670245568597, -0.000000000000000000 ) ) ;
#1417 = ORIENTED_EDGE ( 'NONE', *, *, #1056, .T. ) ;
#1418 = CARTESIAN_POINT ( 'NONE',  ( -7.930201006595097191, 9.998781654038113587, -152.4000000000000057 ) ) ;
#1419 = DIRECTION ( 'NONE',  ( -3.469446951953614189E-15, -1.000000000000000000, 0.000000000000000000 ) ) ;
#1420 = ORIENTED_EDGE ( 'NONE', *, *, #970, .T. ) ;
#1421 = EDGE_CURVE ( 'NONE', #1764, #615, #2196, .T. ) ;
#1422 = CC_DESIGN_APPROVAL ( #1113, ( #1757 ) ) ;
#1423 = CARTESIAN_POINT ( 'NONE',  ( -3.599999999999919265, -3.035766082959412415E-14, 152.4000000000000057 ) ) ;
#1424 = DIRECTION ( 'NONE',  ( -0.9993908270190977605, 0.03489949670244361923, -0.000000000000000000 ) ) ;
#1425 = CC_DESIGN_DATE_AND_TIME_ASSIGNMENT ( #2260, #179, ( #2505 ) ) ;
#1426 = CARTESIAN_POINT ( 'NONE',  ( 9.998781654038168654, 7.930201006595035018, 152.4000000000000057 ) ) ;
#1427 = VECTOR ( 'NONE', #779, 1000.000000000000000 ) ;
#1428 = CARTESIAN_POINT ( 'NONE',  ( -9.999999999999984013, 7.999999999999918288, -152.4000000000000057 ) ) ;
#1429 = EDGE_LOOP ( 'NONE', ( #1909, #1201, #2056, #253 ) ) ;
#1430 = CARTESIAN_POINT ( 'NONE',  ( -3.299999999999999822, 9.036603836547559609, 152.4000000000000057 ) ) ;
#1431 = AXIS2_PLACEMENT_3D ( 'NONE', #190, #1107, #2045 ) ;
#1432 = DIRECTION ( 'NONE',  ( -1.000000000000000000, 0.000000000000000000, 0.000000000000000000 ) ) ;
#1433 = ORIENTED_EDGE ( 'NONE', *, *, #1979, .T. ) ;
#1434 = CARTESIAN_POINT ( 'NONE',  ( -3.223565119834212123, -4.478679656440287538, 152.4000000000000057 ) ) ;
#1435 = EDGE_CURVE ( 'NONE', #1951, #2821, #95, .T. ) ;
#1436 = ORIENTED_EDGE ( 'NONE', *, *, #1916, .T. ) ;
#1437 = CARTESIAN_POINT ( 'NONE',  ( 2.835204083192885527, 8.019763261177224933, 152.4000000000000057 ) ) ;
#1438 = ORIENTED_EDGE ( 'NONE', *, *, #1754, .T. ) ;
#1439 = CIRCLE ( 'NONE', #901, 0.7700916411881568724 ) ;
#1440 = LINE ( 'NONE', #711, #514 ) ;
#1441 = PLANE ( 'NONE',  #1451 ) ;
#1442 = FACE_OUTER_BOUND ( 'NONE', #315, .T. ) ;
#1443 = CIRCLE ( 'NONE', #667, 3.000000000000000888 ) ;
#1444 = AXIS2_PLACEMENT_3D ( 'NONE', #2127, #1232, #2174 ) ;
#1445 = DIRECTION ( 'NONE',  ( -7.869048297239252533E-16, 1.000000000000000000, 3.673940397442060854E-16 ) ) ;
#1446 = VERTEX_POINT ( 'NONE', #1010 ) ;
#1447 = DIRECTION ( 'NONE',  ( 1.836970198721030181E-16, 1.836970198721010952E-16, -1.000000000000000000 ) ) ;
#1448 = ORIENTED_EDGE ( 'NONE', *, *, #599, .F. ) ;
#1449 = AXIS2_PLACEMENT_3D ( 'NONE', #2822, #454, #227 ) ;
#1450 = DIRECTION ( 'NONE',  ( -1.836970198721030181E-16, 1.836970198721036590E-16, -1.000000000000000000 ) ) ;
#1451 = AXIS2_PLACEMENT_3D ( 'NONE', #2383, #288, #2157 ) ;
#1452 = VERTEX_POINT ( 'NONE', #294 ) ;
#1453 = DIRECTION ( 'NONE',  ( 1.836970198721030181E-16, -1.836970198721036590E-16, 1.000000000000000000 ) ) ;
#1454 = ORIENTED_EDGE ( 'NONE', *, *, #1966, .T. ) ;
#1455 = DIRECTION ( 'NONE',  ( 1.836970198721030674E-16, 1.836970198721011199E-16, -1.000000000000000000 ) ) ;
#1456 = CARTESIAN_POINT ( 'NONE',  ( 5.524445380431064478, -6.779559917037190075, 152.4000000000000057 ) ) ;
#1457 = EDGE_CURVE ( 'NONE', #270, #1252, #1080, .T. ) ;
#1458 = LINE ( 'NONE', #273, #1989 ) ;
#1459 = CARTESIAN_POINT ( 'NONE',  ( -3.300000000000048672, -9.036603836547579149, 152.4000000000000057 ) ) ;
#1460 = ORIENTED_EDGE ( 'NONE', *, *, #1786, .F. ) ;
#1461 = DIRECTION ( 'NONE',  ( 1.836970198721030674E-16, 1.836970198721011199E-16, -1.000000000000000000 ) ) ;
#1462 = EDGE_CURVE ( 'NONE', #357, #1465, #783, .T. ) ;
#1463 = EDGE_CURVE ( 'NONE', #1350, #2313, #2114, .T. ) ;
#1464 = CARTESIAN_POINT ( 'NONE',  ( -9.998781654038179312, 7.930201006595019031, 152.4000000000000057 ) ) ;
#1465 = VERTEX_POINT ( 'NONE', #2371 ) ;
#1466 = LINE ( 'NONE', #2444, #697 ) ;
#1467 = PRODUCT_RELATED_PRODUCT_CATEGORY ( 'detail', '', ( #255 ) ) ;
#1468 = VERTEX_POINT ( 'NONE', #1205 ) ;
#1469 = ORIENTED_EDGE ( 'NONE', *, *, #1718, .T. ) ;
#1470 = LINE ( 'NONE', #1888, #386 ) ;
#1471 = EDGE_LOOP ( 'NONE', ( #185, #1173, #2917, #1258 ) ) ;
#1472 = AXIS2_PLACEMENT_3D ( 'NONE', #2019, #2481, #2507 ) ;
#1473 = CIRCLE ( 'NONE', #692, 2.000000000000000000 ) ;
#1474 = CYLINDRICAL_SURFACE ( 'NONE', #567, 0.7700916411881568724 ) ;
#1475 = LINE ( 'NONE', #2349, #367 ) ;
#1476 = DIRECTION ( 'NONE',  ( -0.9993908270190977605, 0.03489949670244361923, -0.000000000000000000 ) ) ;
#1477 = DIRECTION ( 'NONE',  ( -0.03489949670244835850, 0.9993908270190976495, 1.899960501502013618E-16 ) ) ;
#1478 = VERTEX_POINT ( 'NONE', #1221 ) ;
#1479 = VECTOR ( 'NONE', #310, 1000.000000000000000 ) ;
#1480 = CIRCLE ( 'NONE', #2018, 3.000000000000000000 ) ;
#1481 = DIRECTION ( 'NONE',  ( 0.7071067811865529018, 0.7071067811865422437, 2.597868168706466792E-16 ) ) ;
#1482 = DIRECTION ( 'NONE',  ( -1.013678791507402668E-14, -1.000000000000000000, 0.000000000000000000 ) ) ;
#1483 = ORIENTED_EDGE ( 'NONE', *, *, #1598, .F. ) ;
#1484 = DIRECTION ( 'NONE',  ( 0.03489949670245176550, -0.9993908270190974275, 0.000000000000000000 ) ) ;
#1485 = CIRCLE ( 'NONE', #2419, 2.000000000000000000 ) ;
#1486 = ORIENTED_EDGE ( 'NONE', *, *, #209, .F. ) ;
#1487 = DIRECTION ( 'NONE',  ( 0.000000000000000000, 1.000000000000000000, 0.000000000000000000 ) ) ;
#1488 = VERTEX_POINT ( 'NONE', #1268 ) ;
#1489 = CARTESIAN_POINT ( 'NONE',  ( -8.019763261177240921, -2.835204083192782942, -152.4000000000000057 ) ) ;
#1490 = DIRECTION ( 'NONE',  ( 3.252606517456511724E-15, 1.000000000000000000, 0.000000000000000000 ) ) ;
#1491 = EDGE_CURVE ( 'NONE', #1267, #2515, #1914, .T. ) ;
#1492 = DIRECTION ( 'NONE',  ( 1.000000000000000000, 0.000000000000000000, 0.000000000000000000 ) ) ;
#1493 = CARTESIAN_POINT ( 'NONE',  ( -1.102244776274541094, 3.599999999999917488, 152.4000000000000057 ) ) ;
#1494 = ORIENTED_EDGE ( 'NONE', *, *, #2701, .T. ) ;
#1495 = CARTESIAN_POINT ( 'NONE',  ( 4.979908358811838021, 7.324096938656357025, 152.4000000000000057 ) ) ;
#1496 = EDGE_CURVE ( 'NONE', #1061, #65, #690, .T. ) ;
#1497 = DIRECTION ( 'NONE',  ( 0.000000000000000000, 3.673940397442060361E-16, -1.000000000000000000 ) ) ;
#1498 = ORIENTED_EDGE ( 'NONE', *, *, #858, .F. ) ;
#1499 = DIRECTION ( 'NONE',  ( 1.013678791507402668E-14, 1.000000000000000000, 0.000000000000000000 ) ) ;
#1500 = EDGE_CURVE ( 'NONE', #1452, #869, #880, .T. ) ;
#1501 = VERTEX_POINT ( 'NONE', #1464 ) ;
#1502 = ORIENTED_EDGE ( 'NONE', *, *, #2574, .F. ) ;
#1503 = PLANE ( 'NONE',  #2484 ) ;
#1504 = ORIENTED_EDGE ( 'NONE', *, *, #2845, .F. ) ;
#1505 = AXIS2_PLACEMENT_3D ( 'NONE', #818, #1950, #591 ) ;
#1506 = EDGE_CURVE ( 'NONE', #603, #1855, #2920, .T. ) ;
#1507 = CARTESIAN_POINT ( 'NONE',  ( 8.309110660272255089, -2.524916986076421566, 152.4000000000000057 ) ) ;
#1508 = CARTESIAN_POINT ( 'NONE',  ( 3.272080402638045005, -9.836116498162892796, 152.4000000000000057 ) ) ;
#1509 = CARTESIAN_POINT ( 'NONE',  ( -2.500487338384722147, 9.008684239185605236, -152.4000000000000057 ) ) ;
#1510 = ORIENTED_EDGE ( 'NONE', *, *, #609, .T. ) ;
#1511 = DIRECTION ( 'NONE',  ( -1.000000000000000000, 0.000000000000000000, 0.000000000000000000 ) ) ;
#1512 = CARTESIAN_POINT ( 'NONE',  ( 0.000000000000000000, -3.599999999999862421, -152.4000000000000057 ) ) ;
#1513 = ORIENTED_EDGE ( 'NONE', *, *, #2324, .F. ) ;
#1514 = CARTESIAN_POINT ( 'NONE',  ( -1.102244776274541760, 6.599999999999918820, 152.4000000000000057 ) ) ;
#1515 = EDGE_CURVE ( 'NONE', #65, #2212, #2596, .T. ) ;
#1516 = ORIENTED_EDGE ( 'NONE', *, *, #1170, .F. ) ;
#1517 = FACE_OUTER_BOUND ( 'NONE', #2055, .T. ) ;
#1518 = ORIENTED_EDGE ( 'NONE', *, *, #2961, .F. ) ;
#1519 = EDGE_CURVE ( 'NONE', #1465, #62, #2694, .T. ) ;
#1520 = ADVANCED_FACE ( 'NONE', ( #1568 ), #1555, .F. ) ;
#1521 = VECTOR ( 'NONE', #1238, 1000.000000000000000 ) ;
#1522 = CYLINDRICAL_SURFACE ( 'NONE', #1300, 0.3000000000000003775 ) ;
#1523 = CIRCLE ( 'NONE', #2461, 0.7700916411881568724 ) ;
#1524 = ORIENTED_EDGE ( 'NONE', *, *, #1212, .F. ) ;
#1525 = CARTESIAN_POINT ( 'NONE',  ( 1.102244776274538873, 6.599999999999895728, 152.4000000000000057 ) ) ;
#1526 = DATE_TIME_ROLE ( 'creation_date' ) ;
#1527 = LOCAL_TIME ( 10, 40, 11.00000000000000000, #1819 ) ;
#1528 = DIRECTION ( 'NONE',  ( -1.000000000000000000, 0.000000000000000000, 0.000000000000000000 ) ) ;
#1529 = ORIENTED_EDGE ( 'NONE', *, *, #2106, .F. ) ;
#1530 = CARTESIAN_POINT ( 'NONE',  ( -2.500487338384713709, -9.008684239185573261, -152.4000000000000057 ) ) ;
#1531 = ORIENTED_EDGE ( 'NONE', *, *, #2840, .T. ) ;
#1532 = DIRECTION ( 'NONE',  ( -0.03489949670244130858, 0.9993908270190978715, 1.771741830716479454E-16 ) ) ;
#1533 = VERTEX_POINT ( 'NONE', #1975 ) ;
#1534 = ADVANCED_FACE ( 'NONE', ( #2252 ), #1991, .T. ) ;
#1535 = VECTOR ( 'NONE', #952, 1000.000000000000000 ) ;
#1536 = ADVANCED_FACE ( 'NONE', ( #2467 ), #2722, .F. ) ;
#1537 = LINE ( 'NONE', #2475, #2233 ) ;
#1538 = LINE ( 'NONE', #121, #805 ) ;
#1539 = PERSON_AND_ORGANIZATION_ROLE ( 'classification_officer' ) ;
#1540 = EDGE_CURVE ( 'NONE', #1577, #615, #2453, .T. ) ;
#1541 = CARTESIAN_POINT ( 'NONE',  ( -8.093719460823926681, 4.953032548119552736, -152.4000000000000057 ) ) ;
#1542 = VERTEX_POINT ( 'NONE', #1541 ) ;
#1543 = DIRECTION ( 'NONE',  ( 1.836970198721030674E-16, 1.836970198721011199E-16, -1.000000000000000000 ) ) ;
#1544 = VECTOR ( 'NONE', #2156, 1000.000000000000000 ) ;
#1545 = ORIENTED_EDGE ( 'NONE', *, *, #2954, .F. ) ;
#1546 = DIRECTION ( 'NONE',  ( -0.000000000000000000, -0.000000000000000000, -1.000000000000000000 ) ) ;
#1547 = EDGE_LOOP ( 'NONE', ( #1585, #156, #1662, #328 ) ) ;
#1548 = VECTOR ( 'NONE', #2272, 1000.000000000000000 ) ;
#1549 = AXIS2_PLACEMENT_3D ( 'NONE', #3008, #2748, #1166 ) ;
#1550 = DIRECTION ( 'NONE',  ( -0.000000000000000000, -0.000000000000000000, -1.000000000000000000 ) ) ;
#1551 = DIRECTION ( 'NONE',  ( -1.000000000000000000, 0.000000000000000000, 0.000000000000000000 ) ) ;
#1552 = MECHANICAL_CONTEXT ( 'NONE', #2564, 'mechanical' ) ;
#1553 = EDGE_CURVE ( 'NONE', #863, #1350, #2789, .T. ) ;
#1554 = EDGE_CURVE ( 'NONE', #801, #1376, #2309, .T. ) ;
#1555 = PLANE ( 'NONE',  #2984 ) ;
#1556 = VERTEX_POINT ( 'NONE', #1069 ) ;
#1557 = DIRECTION ( 'NONE',  ( 1.836970198721030181E-16, 1.836970198721010952E-16, -1.000000000000000000 ) ) ;
#1558 = FACE_OUTER_BOUND ( 'NONE', #2117, .T. ) ;
#1559 = VERTEX_POINT ( 'NONE', #2932 ) ;
#1560 = PLANE ( 'NONE',  #436 ) ;
#1561 = EDGE_LOOP ( 'NONE', ( #1917, #532, #1141, #1209 ) ) ;
#1562 = EDGE_CURVE ( 'NONE', #1393, #2532, #355, .T. ) ;
#1563 = ORIENTED_EDGE ( 'NONE', *, *, #975, .T. ) ;
#1564 = LINE ( 'NONE', #923, #2477 ) ;
#1565 = FACE_OUTER_BOUND ( 'NONE', #2656, .T. ) ;
#1566 = CARTESIAN_POINT ( 'NONE',  ( 0.000000000000000000, 0.000000000000000000, 0.000000000000000000 ) ) ;
#1567 = DIRECTION ( 'NONE',  ( 1.836970198721030674E-16, 1.836970198721011199E-16, -1.000000000000000000 ) ) ;
#1568 = FACE_OUTER_BOUND ( 'NONE', #2745, .T. ) ;
#1569 = ORIENTED_EDGE ( 'NONE', *, *, #2314, .F. ) ;
#1570 = FACE_OUTER_BOUND ( 'NONE', #2407, .T. ) ;
#1571 = APPROVAL_PERSON_ORGANIZATION ( #610, #1374, #2975 ) ;
#1572 = CARTESIAN_POINT ( 'NONE',  ( -3.272080402638037899, -9.836116498162802202, -152.4000000000000057 ) ) ;
#1573 = ORIENTED_EDGE ( 'NONE', *, *, #1562, .F. ) ;
#1574 = DIRECTION ( 'NONE',  ( -1.000000000000000000, 0.000000000000000000, 0.000000000000000000 ) ) ;
#1575 = ORIENTED_EDGE ( 'NONE', *, *, #45, .T. ) ;
#1576 = AXIS2_PLACEMENT_3D ( 'NONE', #1115, #654, #2525 ) ;
#1577 = VERTEX_POINT ( 'NONE', #1328 ) ;
#1578 = AXIS2_PLACEMENT_3D ( 'NONE', #1095, #2208, #2930 ) ;
#1579 = LINE ( 'NONE', #1150, #2190 ) ;
#1580 = DIRECTION ( 'NONE',  ( -1.836970198721030674E-16, 1.836970198721037083E-16, -1.000000000000000000 ) ) ;
#1581 = ADVANCED_FACE ( 'NONE', ( #371 ), #836, .F. ) ;
#1582 = ORIENTED_EDGE ( 'NONE', *, *, #1786, .T. ) ;
#1583 = LINE ( 'NONE', #2780, #776 ) ;
#1584 = DIRECTION ( 'NONE',  ( 0.000000000000000000, -3.673940397442060361E-16, 1.000000000000000000 ) ) ;
#1585 = ORIENTED_EDGE ( 'NONE', *, *, #768, .F. ) ;
#1586 = DIRECTION ( 'NONE',  ( -1.836970198721030674E-16, 1.836970198721037083E-16, -1.000000000000000000 ) ) ;
#1587 = CIRCLE ( 'NONE', #1685, 3.000000000000000000 ) ;
#1588 = DIRECTION ( 'NONE',  ( 0.000000000000000000, -3.673940397442060361E-16, 1.000000000000000000 ) ) ;
#1589 = VERTEX_POINT ( 'NONE', #1097 ) ;
#1590 = LINE ( 'NONE', #2317, #1548 ) ;
#1591 = CARTESIAN_POINT ( 'NONE',  ( -5.750000000000001776, 7.324096938656361466, 152.4000000000000057 ) ) ;
#1592 = VECTOR ( 'NONE', #1476, 1000.000000000000114 ) ;
#1593 = CIRCLE ( 'NONE', #49, 0.2999999999999999334 ) ;
#1594 = VERTEX_POINT ( 'NONE', #1288 ) ;
#1595 = ADVANCED_FACE ( 'NONE', ( #417 ), #2030, .F. ) ;
#1596 = LINE ( 'NONE', #2503, #1009 ) ;
#1597 = FACE_OUTER_BOUND ( 'NONE', #2714, .T. ) ;
#1598 = EDGE_CURVE ( 'NONE', #1044, #958, #2707, .T. ) ;
#1599 = AXIS2_PLACEMENT_3D ( 'NONE', #1060, #145, #2473 ) ;
#1600 = LINE ( 'NONE', #2735, #2579 ) ;
#1601 = LINE ( 'NONE', #466, #2191 ) ;
#1602 = ORIENTED_EDGE ( 'NONE', *, *, #2243, .F. ) ;
#1603 = ORIENTED_EDGE ( 'NONE', *, *, #2494, .T. ) ;
#1604 = CARTESIAN_POINT ( 'NONE',  ( 2.824734234182094461, 8.319580509283010628, -152.4000000000000057 ) ) ;
#1605 = VERTEX_POINT ( 'NONE', #1317 ) ;
#1606 = DIRECTION ( 'NONE',  ( 0.9993908270190977605, -0.03489949670244528457, 0.000000000000000000 ) ) ;
#1607 = DIRECTION ( 'NONE',  ( 0.000000000000000000, 0.000000000000000000, 1.000000000000000000 ) ) ;
#1608 = ORIENTED_EDGE ( 'NONE', *, *, #1619, .F. ) ;
#1609 = EDGE_CURVE ( 'NONE', #888, #1668, #2947, .T. ) ;
#1610 = LINE ( 'NONE', #2044, #2334 ) ;
#1611 = LINE ( 'NONE', #666, #510 ) ;
#1612 = DIRECTION ( 'NONE',  ( -0.000000000000000000, 3.673940397442061347E-16, -1.000000000000000000 ) ) ;
#1613 = CARTESIAN_POINT ( 'NONE',  ( -8.019763261177262237, 2.835204083192829572, 152.4000000000000057 ) ) ;
#1614 = VERTEX_POINT ( 'NONE', #636 ) ;
#1615 = VECTOR ( 'NONE', #1857, 1000.000000000000000 ) ;
#1616 = CARTESIAN_POINT ( 'NONE',  ( -8.309110660272255089, 2.524916986076366054, 152.4000000000000057 ) ) ;
#1617 = ORIENTED_EDGE ( 'NONE', *, *, #1139, .T. ) ;
#1618 = CARTESIAN_POINT ( 'NONE',  ( 7.324096938656403211, -4.979908358811839797, 152.4000000000000057 ) ) ;
#1619 = EDGE_CURVE ( 'NONE', #2031, #710, #1346, .T. ) ;
#1620 = VECTOR ( 'NONE', #638, 1000.000000000000000 ) ;
#1621 = APPROVAL_PERSON_ORGANIZATION ( #2224, #1027, #2945 ) ;
#1622 = ORIENTED_EDGE ( 'NONE', *, *, #2489, .F. ) ;
#1623 = EDGE_CURVE ( 'NONE', #1468, #863, #1155, .T. ) ;
#1624 = CARTESIAN_POINT ( 'NONE',  ( 4.478679656440307966, 3.223565119834133519, 152.4000000000000057 ) ) ;
#1625 = ORIENTED_EDGE ( 'NONE', *, *, #1063, .F. ) ;
#1626 = CARTESIAN_POINT ( 'NONE',  ( 4.953032548119553624, 8.093719460823937339, -152.4000000000000057 ) ) ;
#1627 = EDGE_CURVE ( 'NONE', #170, #1393, #2749, .T. ) ;
#1628 = AXIS2_PLACEMENT_3D ( 'NONE', #2643, #1249, #757 ) ;
#1629 = CARTESIAN_POINT ( 'NONE',  ( -3.599999999999901057, -1.102244776274475369, -152.4000000000000057 ) ) ;
#1630 = DIRECTION ( 'NONE',  ( -1.000000000000000000, 0.000000000000000000, 0.000000000000000000 ) ) ;
#1631 = ORIENTED_EDGE ( 'NONE', *, *, #2894, .T. ) ;
#1632 = EDGE_CURVE ( 'NONE', #2335, #1446, #2527, .T. ) ;
#1633 = AXIS2_PLACEMENT_3D ( 'NONE', #2804, #1228, #88 ) ;
#1634 = ORIENTED_EDGE ( 'NONE', *, *, #1716, .T. ) ;
#1635 = CARTESIAN_POINT ( 'NONE',  ( 8.319580509282950231, 2.824734234182161075, -152.4000000000000057 ) ) ;
#1636 = EDGE_LOOP ( 'NONE', ( #1639, #1711, #2585, #1563 ) ) ;
#1637 = DIRECTION ( 'NONE',  ( -0.000000000000000000, -0.000000000000000000, -1.000000000000000000 ) ) ;
#1638 = CARTESIAN_POINT ( 'NONE',  ( 2.824734234182161963, -8.319580509283024838, 152.4000000000000057 ) ) ;
#1639 = ORIENTED_EDGE ( 'NONE', *, *, #948, .T. ) ;
#1640 = VECTOR ( 'NONE', #2820, 1000.000000000000000 ) ;
#1641 = DIRECTION ( 'NONE',  ( 0.9993908270190977605, -0.03489949670244348046, -1.282186707855030873E-17 ) ) ;
#1642 = CARTESIAN_POINT ( 'NONE',  ( -6.779559917037181194, 5.524445380431009411, -152.4000000000000057 ) ) ;
#1643 = DIRECTION ( 'NONE',  ( 0.000000000000000000, 0.000000000000000000, 1.000000000000000000 ) ) ;
#1644 = DIRECTION ( 'NONE',  ( 1.156482317317869871E-14, 1.000000000000000000, 0.000000000000000000 ) ) ;
#1645 = ORIENTED_EDGE ( 'NONE', *, *, #1553, .F. ) ;
#1646 = CIRCLE ( 'NONE', #1755, 2.149999999999999911 ) ;
#1647 = EDGE_CURVE ( 'NONE', #482, #1409, #1372, .T. ) ;
#1648 = CIRCLE ( 'NONE', #2200, 0.8000000000000003775 ) ;
#1649 = CARTESIAN_POINT ( 'NONE',  ( -8.019763261177295988, -2.835204083192838898, 152.4000000000000057 ) ) ;
#1650 = VERTEX_POINT ( 'NONE', #433 ) ;
#1651 = CARTESIAN_POINT ( 'NONE',  ( -9.836116498162864374, 3.272080402637962848, 152.4000000000000057 ) ) ;
#1652 = ADVANCED_FACE ( 'NONE', ( #2566 ), #492, .F. ) ;
#1653 = LINE ( 'NONE', #2588, #2533 ) ;
#1654 = VERTEX_POINT ( 'NONE', #940 ) ;
#1655 = DIRECTION ( 'NONE',  ( -1.836970198721030181E-16, -1.836970198721010952E-16, 1.000000000000000000 ) ) ;
#1656 = CARTESIAN_POINT ( 'NONE',  ( 7.999999999999946709, 9.999999999999984013, -152.4000000000000057 ) ) ;
#1657 = LINE ( 'NONE', #2592, #527 ) ;
#1658 = CARTESIAN_POINT ( 'NONE',  ( 4.478679656440292867, -3.223565119834193471, 152.4000000000000057 ) ) ;
#1659 = ORIENTED_EDGE ( 'NONE', *, *, #700, .F. ) ;
#1660 = DIRECTION ( 'NONE',  ( 0.000000000000000000, 1.000000000000000000, 0.000000000000000000 ) ) ;
#1661 = CARTESIAN_POINT ( 'NONE',  ( 2.835204083192895297, -8.019763261177184077, -152.4000000000000057 ) ) ;
#1662 = ORIENTED_EDGE ( 'NONE', *, *, #631, .T. ) ;
#1663 = CARTESIAN_POINT ( 'NONE',  ( 3.272080402637969065, 9.836116498162880362, -152.4000000000000057 ) ) ;
#1664 = AXIS2_PLACEMENT_3D ( 'NONE', #862, #2003, #1053 ) ;
#1665 = AXIS2_PLACEMENT_3D ( 'NONE', #900, #1847, #2357 ) ;
#1666 = ORIENTED_EDGE ( 'NONE', *, *, #15, .T. ) ;
#1667 = CARTESIAN_POINT ( 'NONE',  ( 6.599999999999893951, 1.102244776274546645, -152.4000000000000057 ) ) ;
#1668 = VERTEX_POINT ( 'NONE', #26 ) ;
#1669 = VECTOR ( 'NONE', #1481, 1000.000000000000000 ) ;
#1670 = DIRECTION ( 'NONE',  ( -0.7071067811865506814, 0.7071067811865443531, 0.000000000000000000 ) ) ;
#1671 = CARTESIAN_POINT ( 'NONE',  ( 3.223565119834176596, -4.478679656440323065, 152.4000000000000057 ) ) ;
#1672 = DIRECTION ( 'NONE',  ( 0.000000000000000000, 3.673940397442060361E-16, -1.000000000000000000 ) ) ;
#1673 = DIRECTION ( 'NONE',  ( -1.000000000000000000, -7.869048297239252533E-16, 0.000000000000000000 ) ) ;
#1674 = ORIENTED_EDGE ( 'NONE', *, *, #2314, .T. ) ;
#1675 = EDGE_CURVE ( 'NONE', #2532, #786, #2093, .T. ) ;
#1676 = VECTOR ( 'NONE', #1705, 1000.000000000000000 ) ;
#1677 = VECTOR ( 'NONE', #2769, 1000.000000000000000 ) ;
#1678 = CARTESIAN_POINT ( 'NONE',  ( 1.102244776274538873, 6.599999999999895728, 152.4000000000000057 ) ) ;
#1679 = VERTEX_POINT ( 'NONE', #2100 ) ;
#1680 = LINE ( 'NONE', #558, #1479 ) ;
#1681 = ORIENTED_EDGE ( 'NONE', *, *, #243, .F. ) ;
#1682 = LINE ( 'NONE', #1210, #55 ) ;
#1683 = EDGE_CURVE ( 'NONE', #258, #457, #2571, .T. ) ;
#1684 = ORIENTED_EDGE ( 'NONE', *, *, #173, .T. ) ;
#1685 = AXIS2_PLACEMENT_3D ( 'NONE', #833, #1772, #1492 ) ;
#1686 = DIRECTION ( 'NONE',  ( -1.000000000000000000, -7.869048297239250561E-16, 0.000000000000000000 ) ) ;
#1687 = LINE ( 'NONE', #2364, #1404 ) ;
#1688 = ADVANCED_FACE ( 'NONE', ( #2781 ), #1840, .F. ) ;
#1689 = VECTOR ( 'NONE', #2816, 1000.000000000000000 ) ;
#1690 = CARTESIAN_POINT ( 'NONE',  ( 2.524916986076366499, 8.309110660272274629, -152.4000000000000057 ) ) ;
#1691 = VECTOR ( 'NONE', #971, 1000.000000000000114 ) ;
#1692 = AXIS2_PLACEMENT_3D ( 'NONE', #2065, #2764, #2977 ) ;
#1693 = DIRECTION ( 'NONE',  ( 1.040834085586083941E-14, 1.000000000000000000, 0.000000000000000000 ) ) ;
#1694 = ORIENTED_EDGE ( 'NONE', *, *, #896, .F. ) ;
#1695 = DIRECTION ( 'NONE',  ( -1.836970198721030181E-16, 1.836970198721036590E-16, -1.000000000000000000 ) ) ;
#1696 = DIRECTION ( 'NONE',  ( -0.000000000000000000, -0.000000000000000000, -1.000000000000000000 ) ) ;
#1697 = ORIENTED_EDGE ( 'NONE', *, *, #921, .T. ) ;
#1698 = DIRECTION ( 'NONE',  ( -0.7071067811865506814, 0.7071067811865443531, 0.000000000000000000 ) ) ;
#1699 = VECTOR ( 'NONE', #432, 1000.000000000000114 ) ;
#1700 = ORIENTED_EDGE ( 'NONE', *, *, #2062, .T. ) ;
#1701 = ORIENTED_EDGE ( 'NONE', *, *, #2305, .T. ) ;
#1702 = CARTESIAN_POINT ( 'NONE',  ( -9.836116498162864374, 3.272080402637962848, 152.4000000000000057 ) ) ;
#1703 = VERTEX_POINT ( 'NONE', #1881 ) ;
#1704 = LINE ( 'NONE', #2642, #421 ) ;
#1705 = DIRECTION ( 'NONE',  ( 0.7071067811865506814, -0.7071067811865443531, -2.597868168706468764E-16 ) ) ;
#1706 = DIRECTION ( 'NONE',  ( -0.9993908270190975385, -0.03489949670244827523, 1.771741830716485617E-16 ) ) ;
#1707 = CARTESIAN_POINT ( 'NONE',  ( -9.998781654038225497, -7.930201006595020807, 152.4000000000000057 ) ) ;
#1708 = ORIENTED_EDGE ( 'NONE', *, *, #1609, .F. ) ;
#1709 = DIRECTION ( 'NONE',  ( 1.836970198721030181E-16, -1.836970198721036590E-16, 1.000000000000000000 ) ) ;
#1710 = CARTESIAN_POINT ( 'NONE',  ( -8.000000000000030198, -7.999999999999928946, 152.4000000000000057 ) ) ;
#1711 = ORIENTED_EDGE ( 'NONE', *, *, #2454, .F. ) ;
#1712 = CARTESIAN_POINT ( 'NONE',  ( 7.930201006595082092, 9.998781654038124245, 152.4000000000000057 ) ) ;
#1713 = ORIENTED_EDGE ( 'NONE', *, *, #975, .F. ) ;
#1714 = DIRECTION ( 'NONE',  ( -0.9993908270190977605, -0.03489949670244130164, 0.000000000000000000 ) ) ;
#1715 = ORIENTED_EDGE ( 'NONE', *, *, #630, .T. ) ;
#1716 = EDGE_CURVE ( 'NONE', #1703, #958, #1823, .T. ) ;
#1717 = AXIS2_PLACEMENT_3D ( 'NONE', #1678, #1728, #2406 ) ;
#1718 = EDGE_CURVE ( 'NONE', #1061, #2275, #2791, .T. ) ;
#1719 = CARTESIAN_POINT ( 'NONE',  ( -7.930201006595095414, -9.998781654038069178, -152.4000000000000057 ) ) ;
#1720 = CARTESIAN_POINT ( 'NONE',  ( 3.272080402638045005, -9.836116498162892796, 152.4000000000000057 ) ) ;
#1721 = VECTOR ( 'NONE', #2998, 1000.000000000000114 ) ;
#1722 = DIRECTION ( 'NONE',  ( 0.9993908270190974275, 0.03489949670245569985, 0.000000000000000000 ) ) ;
#1723 = EDGE_CURVE ( 'NONE', #1042, #1897, #1593, .T. ) ;
#1724 = PLANE ( 'NONE',  #2813 ) ;
#1725 = VERTEX_POINT ( 'NONE', #478 ) ;
#1726 = CARTESIAN_POINT ( 'NONE',  ( -3.599999999999927702, 1.102244776274510896, -152.4000000000000057 ) ) ;
#1727 = VECTOR ( 'NONE', #2738, 1000.000000000000114 ) ;
#1728 = DIRECTION ( 'NONE',  ( -1.836970198721030674E-16, 1.836970198721037083E-16, -1.000000000000000000 ) ) ;
#1729 = ORIENTED_EDGE ( 'NONE', *, *, #2921, .F. ) ;
#1730 = CARTESIAN_POINT ( 'NONE',  ( 8.093719460823926681, -4.953032548119496781, -152.4000000000000057 ) ) ;
#1731 = CIRCLE ( 'NONE', #1339, 0.8000000000000003775 ) ;
#1732 = ORIENTED_EDGE ( 'NONE', *, *, #2405, .T. ) ;
#1733 = ORIENTED_EDGE ( 'NONE', *, *, #2604, .F. ) ;
#1734 = CARTESIAN_POINT ( 'NONE',  ( 8.019763261177276448, 2.835204083192839342, 152.4000000000000057 ) ) ;
#1735 = VERTEX_POINT ( 'NONE', #685 ) ;
#1736 = CIRCLE ( 'NONE', #2471, 0.8000000000000003775 ) ;
#1737 = CARTESIAN_POINT ( 'NONE',  ( 9.836116498162876809, 3.272080402637982832, 152.4000000000000057 ) ) ;
#1738 = FACE_OUTER_BOUND ( 'NONE', #2329, .T. ) ;
#1739 = ORIENTED_EDGE ( 'NONE', *, *, #729, .F. ) ;
#1740 = CARTESIAN_POINT ( 'NONE',  ( -4.953032548119666423, -8.093719460823901812, 152.4000000000000057 ) ) ;
#1741 = ORIENTED_EDGE ( 'NONE', *, *, #1540, .T. ) ;
#1742 = DIRECTION ( 'NONE',  ( -1.013678791507403614E-14, -1.000000000000000000, 0.000000000000000000 ) ) ;
#1743 = ADVANCED_FACE ( 'NONE', ( #652 ), #1413, .F. ) ;
#1744 = EDGE_CURVE ( 'NONE', #1559, #3003, #670, .T. ) ;
#1745 = AXIS2_PLACEMENT_3D ( 'NONE', #3009, #12, #2112 ) ;
#1746 = DIRECTION ( 'NONE',  ( -0.9993908270190976495, 0.03489949670244697072, 0.000000000000000000 ) ) ;
#1747 = EDGE_CURVE ( 'NONE', #404, #62, #2552, .T. ) ;
#1748 = ORIENTED_EDGE ( 'NONE', *, *, #3002, .T. ) ;
#1749 = DIRECTION ( 'NONE',  ( 1.836970198721030181E-16, 1.836970198721010952E-16, -1.000000000000000000 ) ) ;
#1750 = ORIENTED_EDGE ( 'NONE', *, *, #364, .F. ) ;
#1751 = ORIENTED_EDGE ( 'NONE', *, *, #1496, .F. ) ;
#1752 = LINE ( 'NONE', #2879, #2041 ) ;
#1753 = ORIENTED_EDGE ( 'NONE', *, *, #2366, .T. ) ;
#1754 = EDGE_CURVE ( 'NONE', #1390, #1267, #1601, .T. ) ;
#1755 = AXIS2_PLACEMENT_3D ( 'NONE', #2054, #1088, #2037 ) ;
#1756 = ADVANCED_FACE ( 'NONE', ( #1359 ), #249, .T. ) ;
#1757 = PRODUCT_DEFINITION ( 'UNKNOWN', '', #131, #53 ) ;
#1758 = FACE_BOUND ( 'NONE', #2040, .T. ) ;
#1759 = DIRECTION ( 'NONE',  ( -1.836970198721030674E-16, 1.836970198721037083E-16, -1.000000000000000000 ) ) ;
#1760 = ORIENTED_EDGE ( 'NONE', *, *, #1220, .F. ) ;
#1761 = PERSON_AND_ORGANIZATION_ROLE ( 'design_owner' ) ;
#1762 = CARTESIAN_POINT ( 'NONE',  ( 8.309110660272272852, 2.524916986076375824, 152.4000000000000057 ) ) ;
#1763 = EDGE_CURVE ( 'NONE', #1971, #2429, #1167, .T. ) ;
#1764 = VERTEX_POINT ( 'NONE', #1658 ) ;
#1765 = CARTESIAN_POINT ( 'NONE',  ( -1.102244776274576621, -3.599999999999944134, 152.4000000000000057 ) ) ;
#1766 = ORIENTED_EDGE ( 'NONE', *, *, #15, .F. ) ;
#1767 = EDGE_CURVE ( 'NONE', #2472, #300, #320, .T. ) ;
#1768 = DIRECTION ( 'NONE',  ( -0.000000000000000000, 3.673940397442061347E-16, -1.000000000000000000 ) ) ;
#1769 = ORIENTED_EDGE ( 'NONE', *, *, #2895, .F. ) ;
#1770 = EDGE_CURVE ( 'NONE', #2115, #1452, #726, .T. ) ;
#1771 = CIRCLE ( 'NONE', #2218, 0.7999999999999990452 ) ;
#1772 = DIRECTION ( 'NONE',  ( 0.000000000000000000, 3.673940397442060361E-16, -1.000000000000000000 ) ) ;
#1773 = CIRCLE ( 'NONE', #1915, 0.7700916411881568724 ) ;
#1774 = DIRECTION ( 'NONE',  ( 1.836970198721030674E-16, 1.836970198721011199E-16, -1.000000000000000000 ) ) ;
#1775 = DATE_AND_TIME ( #2931, #1920 ) ;
#1776 = AXIS2_PLACEMENT_3D ( 'NONE', #2670, #1030, #732 ) ;
#1777 = CIRCLE ( 'NONE', #937, 3.000000000000000000 ) ;
#1778 = DIRECTION ( 'NONE',  ( 0.9993908270190977605, -0.03489949670244361923, 0.000000000000000000 ) ) ;
#1779 = ORIENTED_EDGE ( 'NONE', *, *, #970, .F. ) ;
#1780 = LINE ( 'NONE', #1794, #2267 ) ;
#1781 = VERTEX_POINT ( 'NONE', #1428 ) ;
#1782 = CARTESIAN_POINT ( 'NONE',  ( 2.824734234182161963, -8.319580509283024838, 152.4000000000000057 ) ) ;
#1783 = ORIENTED_EDGE ( 'NONE', *, *, #679, .F. ) ;
#1784 = ADVANCED_FACE ( 'NONE', ( #759 ), #2854, .F. ) ;
#1785 = CIRCLE ( 'NONE', #1344, 0.7700916411881568724 ) ;
#1786 = EDGE_CURVE ( 'NONE', #2313, #2197, #1217, .T. ) ;
#1787 = CARTESIAN_POINT ( 'NONE',  ( 2.500487338384706604, 9.008684239185591025, 152.4000000000000057 ) ) ;
#1788 = LINE ( 'NONE', #2732, #2023 ) ;
#1789 = EDGE_CURVE ( 'NONE', #2891, #1329, #857, .T. ) ;
#1790 = COORDINATED_UNIVERSAL_TIME_OFFSET ( 6, 0, .BEHIND. ) ;
#1791 = DIRECTION ( 'NONE',  ( 1.000000000000000000, 7.869048297239250561E-16, 2.891041442864994033E-31 ) ) ;
#1792 = EDGE_CURVE ( 'NONE', #346, #2113, #528, .T. ) ;
#1793 = ORIENTED_EDGE ( 'NONE', *, *, #1311, .F. ) ;
#1794 = CARTESIAN_POINT ( 'NONE',  ( -8.093719460823926681, 4.953032548119552736, 152.4000000000000057 ) ) ;
#1795 = CIRCLE ( 'NONE', #1937, 3.000000000000000888 ) ;
#1796 = CARTESIAN_POINT ( 'NONE',  ( 8.309110660272255089, -2.524916986076310099, -152.4000000000000057 ) ) ;
#1797 = ORIENTED_EDGE ( 'NONE', *, *, #1879, .T. ) ;
#1798 = ORIENTED_EDGE ( 'NONE', *, *, #1515, .T. ) ;
#1799 = CARTESIAN_POINT ( 'NONE',  ( -8.019763261177262237, 2.835204083192829572, -152.4000000000000057 ) ) ;
#1800 = VERTEX_POINT ( 'NONE', #743 ) ;
#1801 = VECTOR ( 'NONE', #604, 1000.000000000000000 ) ;
#1802 = CARTESIAN_POINT ( 'NONE',  ( 2.824734234182161963, -8.019580509283025904, 152.4000000000000057 ) ) ;
#1803 = EDGE_LOOP ( 'NONE', ( #1995, #1362, #991, #2413 ) ) ;
#1804 = CARTESIAN_POINT ( 'NONE',  ( -9.008684239185626552, 2.500487338384647096, 152.4000000000000057 ) ) ;
#1805 = CARTESIAN_POINT ( 'NONE',  ( 2.524916986076422454, 8.309110660272217785, 152.4000000000000057 ) ) ;
#1806 = CARTESIAN_POINT ( 'NONE',  ( 3.223565119834177484, -4.478679656440323065, 152.4000000000000057 ) ) ;
#1807 = ORIENTED_EDGE ( 'NONE', *, *, #2899, .T. ) ;
#1808 = FACE_OUTER_BOUND ( 'NONE', #2589, .T. ) ;
#1809 = DIRECTION ( 'NONE',  ( 0.000000000000000000, -3.673940397442060361E-16, 1.000000000000000000 ) ) ;
#1810 = ORIENTED_EDGE ( 'NONE', *, *, #2762, .F. ) ;
#1811 = DIRECTION ( 'NONE',  ( -0.03489949670244528457, -0.9993908270190977605, -3.671702332218493565E-16 ) ) ;
#1812 = ORIENTED_EDGE ( 'NONE', *, *, #140, .T. ) ;
#1813 = VERTEX_POINT ( 'NONE', #1183 ) ;
#1814 = ADVANCED_FACE ( 'NONE', ( #304 ), #2159, .F. ) ;
#1815 = EDGE_CURVE ( 'NONE', #1971, #2878, #3012, .T. ) ;
#1816 = ORIENTED_EDGE ( 'NONE', *, *, #1015, .F. ) ;
#1817 = CARTESIAN_POINT ( 'NONE',  ( 9.036603836547584478, -3.299999999999982059, 152.4000000000000057 ) ) ;
#1818 = DIRECTION ( 'NONE',  ( -0.000000000000000000, -0.000000000000000000, -1.000000000000000000 ) ) ;
#1819 = COORDINATED_UNIVERSAL_TIME_OFFSET ( 6, 0, .BEHIND. ) ;
#1820 = VECTOR ( 'NONE', #2240, 1000.000000000000000 ) ;
#1821 = EDGE_CURVE ( 'NONE', #1293, #297, #431, .T. ) ;
#1822 = FACE_OUTER_BOUND ( 'NONE', #73, .T. ) ;
#1823 = LINE ( 'NONE', #2049, #767 ) ;
#1824 = VERTEX_POINT ( 'NONE', #537 ) ;
#1825 = CARTESIAN_POINT ( 'NONE',  ( 2.835204083192895297, -8.019763261177295988, 152.4000000000000057 ) ) ;
#1826 = CC_DESIGN_APPROVAL ( #1027, ( #2505 ) ) ;
#1827 = LINE ( 'NONE', #565, #2803 ) ;
#1828 = ORIENTED_EDGE ( 'NONE', *, *, #1202, .T. ) ;
#1829 = CARTESIAN_POINT ( 'NONE',  ( 6.779559917037181194, -5.524445380431064478, 152.4000000000000057 ) ) ;
#1830 = LINE ( 'NONE', #2118, #216 ) ;
#1831 = ADVANCED_FACE ( 'NONE', ( #2402 ), #1724, .F. ) ;
#1832 = VERTEX_POINT ( 'NONE', #2664 ) ;
#1833 = AXIS2_PLACEMENT_3D ( 'NONE', #2097, #1837, #10 ) ;
#1834 = VECTOR ( 'NONE', #775, 1000.000000000000114 ) ;
#1835 = CARTESIAN_POINT ( 'NONE',  ( 2.835204083192885527, 8.019763261177224933, 152.4000000000000057 ) ) ;
#1836 = ORIENTED_EDGE ( 'NONE', *, *, #238, .T. ) ;
#1837 = DIRECTION ( 'NONE',  ( 0.000000000000000000, -3.673940397442060361E-16, 1.000000000000000000 ) ) ;
#1838 = DIRECTION ( 'NONE',  ( 0.03489949670244827523, -0.9993908270190976495, -1.899960501502012879E-16 ) ) ;
#1839 = ADVANCED_FACE ( 'NONE', ( #990 ), #972, .F. ) ;
#1840 = CYLINDRICAL_SURFACE ( 'NONE', #1353, 3.000000000000000000 ) ;
#1841 = ORIENTED_EDGE ( 'NONE', *, *, #1974, .T. ) ;
#1842 = AXIS2_PLACEMENT_3D ( 'NONE', #583, #163, #2463 ) ;
#1843 = ADVANCED_FACE ( 'NONE', ( #569 ), #42, .F. ) ;
#1844 = DIRECTION ( 'NONE',  ( 2.891205793294679017E-15, 1.000000000000000000, 0.000000000000000000 ) ) ;
#1845 = VERTEX_POINT ( 'NONE', #780 ) ;
#1846 = DIRECTION ( 'NONE',  ( -3.469446951953614189E-15, -1.000000000000000000, 0.000000000000000000 ) ) ;
#1847 = DIRECTION ( 'NONE',  ( 1.836970198721030181E-16, 1.836970198721010952E-16, -1.000000000000000000 ) ) ;
#1848 = VECTOR ( 'NONE', #1412, 1000.000000000000000 ) ;
#1849 = AXIS2_PLACEMENT_3D ( 'NONE', #2613, #1477, #957 ) ;
#1850 = ORIENTED_EDGE ( 'NONE', *, *, #2366, .F. ) ;
#1851 = CARTESIAN_POINT ( 'NONE',  ( -2.835204083192895297, 8.019763261177239144, 152.4000000000000057 ) ) ;
#1852 = CARTESIAN_POINT ( 'NONE',  ( 4.979908358811838021, 7.324096938656357025, 152.4000000000000057 ) ) ;
#1853 = DIRECTION ( 'NONE',  ( 1.084202172485505696E-14, 1.000000000000000000, 0.000000000000000000 ) ) ;
#1854 = DIRECTION ( 'NONE',  ( 3.252606517456511724E-15, 1.000000000000000000, 0.000000000000000000 ) ) ;
#1855 = VERTEX_POINT ( 'NONE', #2368 ) ;
#1856 = EDGE_CURVE ( 'NONE', #1267, #300, #1894, .T. ) ;
#1857 = DIRECTION ( 'NONE',  ( -0.000000000000000000, -0.000000000000000000, -1.000000000000000000 ) ) ;
#1858 = ORIENTED_EDGE ( 'NONE', *, *, #1754, .F. ) ;
#1859 = DIRECTION ( 'NONE',  ( -1.836970198721030181E-16, 1.836970198721036590E-16, -1.000000000000000000 ) ) ;
#1860 = ADVANCED_FACE ( 'NONE', ( #290 ), #2646, .F. ) ;
#1861 = ORIENTED_EDGE ( 'NONE', *, *, #2042, .F. ) ;
#1862 = ADVANCED_FACE ( 'NONE', ( #2678 ), #1970, .T. ) ;
#1863 = PLANE ( 'NONE',  #523 ) ;
#1864 = CARTESIAN_POINT ( 'NONE',  ( 7.930201006595097191, -9.998781654038170430, 152.4000000000000057 ) ) ;
#1865 = CYLINDRICAL_SURFACE ( 'NONE', #1549, 2.000000000000000000 ) ;
#1866 = CARTESIAN_POINT ( 'NONE',  ( -1.102244776274585059, -6.599999999999945466, 152.4000000000000057 ) ) ;
#1867 = VERTEX_POINT ( 'NONE', #1509 ) ;
#1868 = AXIS2_PLACEMENT_3D ( 'NONE', #341, #1696, #730 ) ;
#1869 = DIRECTION ( 'NONE',  ( 1.836970198721030674E-16, 1.836970198721011199E-16, -1.000000000000000000 ) ) ;
#1870 = VERTEX_POINT ( 'NONE', #2451 ) ;
#1871 = CARTESIAN_POINT ( 'NONE',  ( 2.524916986076422454, 8.309110660272217785, 152.4000000000000057 ) ) ;
#1872 = CIRCLE ( 'NONE', #1875, 0.7700916411881568724 ) ;
#1873 = LOCAL_TIME ( 10, 40, 11.00000000000000000, #1790 ) ;
#1874 = EDGE_LOOP ( 'NONE', ( #2445, #1713, #950, #1323 ) ) ;
#1875 = AXIS2_PLACEMENT_3D ( 'NONE', #625, #1557, #2924 ) ;
#1876 = DIRECTION ( 'NONE',  ( -1.000000000000000000, 0.000000000000000000, 0.000000000000000000 ) ) ;
#1877 = LINE ( 'NONE', #2788, #2755 ) ;
#1878 = CIRCLE ( 'NONE', #1431, 0.7700916411881568724 ) ;
#1879 = EDGE_CURVE ( 'NONE', #2197, #673, #2718, .T. ) ;
#1880 = CARTESIAN_POINT ( 'NONE',  ( -5.750000000000046185, -7.324096938656379230, 152.4000000000000057 ) ) ;
#1881 = CARTESIAN_POINT ( 'NONE',  ( 5.524445380431004970, 6.779559917037190075, -152.4000000000000057 ) ) ;
#1882 = ORIENTED_EDGE ( 'NONE', *, *, #2067, .F. ) ;
#1883 = VECTOR ( 'NONE', #626, 1000.000000000000114 ) ;
#1884 = EDGE_CURVE ( 'NONE', #1542, #1899, #554, .T. ) ;
#1885 = CARTESIAN_POINT ( 'NONE',  ( -4.979908358811845126, 7.324096938656361466, -152.4000000000000057 ) ) ;
#1886 = ORIENTED_EDGE ( 'NONE', *, *, #447, .F. ) ;
#1887 = LINE ( 'NONE', #48, #2549 ) ;
#1888 = CARTESIAN_POINT ( 'NONE',  ( 0.000000000000000000, -3.599999999999974332, 152.4000000000000057 ) ) ;
#1889 = ORIENTED_EDGE ( 'NONE', *, *, #197, .T. ) ;
#1890 = AXIS2_PLACEMENT_3D ( 'NONE', #449, #194, #1644 ) ;
#1891 = CARTESIAN_POINT ( 'NONE',  ( -3.223565119834176596, 4.478679656440267998, 152.4000000000000057 ) ) ;
#1892 = FACE_OUTER_BOUND ( 'NONE', #1903, .T. ) ;
#1893 = CARTESIAN_POINT ( 'NONE',  ( -7.930201006595097191, 9.998781654038113587, 152.4000000000000057 ) ) ;
#1894 = LINE ( 'NONE', #1707, #1640 ) ;
#1895 = ORIENTED_EDGE ( 'NONE', *, *, #327, .T. ) ;
#1896 = CARTESIAN_POINT ( 'NONE',  ( -8.094188579844599829, -4.979908358811797164, 152.4000000000000057 ) ) ;
#1897 = VERTEX_POINT ( 'NONE', #1298 ) ;
#1898 = DIRECTION ( 'NONE',  ( -0.000000000000000000, -0.000000000000000000, -1.000000000000000000 ) ) ;
#1899 = VERTEX_POINT ( 'NONE', #2957 ) ;
#1900 = DIRECTION ( 'NONE',  ( -1.836970198721030181E-16, 1.836970198721036590E-16, -1.000000000000000000 ) ) ;
#1901 = ORIENTED_EDGE ( 'NONE', *, *, #2057, .T. ) ;
#1902 = CARTESIAN_POINT ( 'NONE',  ( 3.599999999999949019, 1.102244776274500460, 152.4000000000000057 ) ) ;
#1903 = EDGE_LOOP ( 'NONE', ( #2653, #7, #372, #2009 ) ) ;
#1904 = EDGE_CURVE ( 'NONE', #2393, #1452, #398, .T. ) ;
#1905 = CARTESIAN_POINT ( 'NONE',  ( 9.036603836547584478, -3.299999999999982059, 152.4000000000000057 ) ) ;
#1906 = DIRECTION ( 'NONE',  ( -0.000000000000000000, -0.000000000000000000, -1.000000000000000000 ) ) ;
#1907 = CARTESIAN_POINT ( 'NONE',  ( 4.979908358811809599, 8.094188579844514564, 152.4000000000000057 ) ) ;
#1908 = DIRECTION ( 'NONE',  ( 0.03489949670244137103, -0.9993908270190978715, -1.771741830716479454E-16 ) ) ;
#1909 = ORIENTED_EDGE ( 'NONE', *, *, #2353, .T. ) ;
#1910 = DIRECTION ( 'NONE',  ( -3.469446951953614189E-15, -1.000000000000000000, 0.000000000000000000 ) ) ;
#1911 = CARTESIAN_POINT ( 'NONE',  ( 7.999999999999984901, -7.999999999999863221, -152.4000000000000057 ) ) ;
#1912 = ORIENTED_EDGE ( 'NONE', *, *, #1435, .F. ) ;
#1913 = CARTESIAN_POINT ( 'NONE',  ( 8.019763261177276448, 2.835204083192839342, 152.4000000000000057 ) ) ;
#1914 = CIRCLE ( 'NONE', #597, 2.000000000000000000 ) ;
#1915 = AXIS2_PLACEMENT_3D ( 'NONE', #1618, #228, #440 ) ;
#1916 = EDGE_CURVE ( 'NONE', #2600, #933, #1731, .T. ) ;
#1917 = ORIENTED_EDGE ( 'NONE', *, *, #344, .T. ) ;
#1918 = LINE ( 'NONE', #1902, #2337 ) ;
#1919 = ORIENTED_EDGE ( 'NONE', *, *, #980, .T. ) ;
#1920 = LOCAL_TIME ( 10, 40, 11.00000000000000000, #2002 ) ;
#1921 = DIRECTION ( 'NONE',  ( 0.03489949670245408309, 0.9993908270190974275, 0.000000000000000000 ) ) ;
#1922 = DIRECTION ( 'NONE',  ( 1.836970198721030181E-16, 1.836970198721010952E-16, -1.000000000000000000 ) ) ;
#1923 = DIRECTION ( 'NONE',  ( -0.000000000000000000, 3.673940397442061347E-16, -1.000000000000000000 ) ) ;
#1924 = DIRECTION ( 'NONE',  ( 0.7071067811865467956, 0.7071067811865483499, 7.149051953565420362E-31 ) ) ;
#1925 = VERTEX_POINT ( 'NONE', #2259 ) ;
#1926 = FACE_OUTER_BOUND ( 'NONE', #2487, .T. ) ;
#1927 = VECTOR ( 'NONE', #316, 1000.000000000000114 ) ;
#1928 = CARTESIAN_POINT ( 'NONE',  ( -6.779559917037165206, -5.524445380430965891, -152.4000000000000057 ) ) ;
#1929 = EDGE_LOOP ( 'NONE', ( #2951, #1502, #3010, #2144 ) ) ;
#1930 = CARTESIAN_POINT ( 'NONE',  ( 8.093719460823926681, -4.953032548119608691, 152.4000000000000057 ) ) ;
#1931 = EDGE_LOOP ( 'NONE', ( #2468, #2121, #877, #2638 ) ) ;
#1932 = VERTEX_POINT ( 'NONE', #2901 ) ;
#1933 = DIRECTION ( 'NONE',  ( -0.000000000000000000, 3.673940397442061347E-16, -1.000000000000000000 ) ) ;
#1934 = ORIENTED_EDGE ( 'NONE', *, *, #1716, .F. ) ;
#1935 = DIRECTION ( 'NONE',  ( -0.03489949670244348046, -0.9993908270190977605, -3.671702332218493565E-16 ) ) ;
#1936 = CARTESIAN_POINT ( 'NONE',  ( -2.835204083192941482, -8.019763261177260460, 152.4000000000000057 ) ) ;
#1937 = AXIS2_PLACEMENT_3D ( 'NONE', #69, #1004, #723 ) ;
#1938 = CYLINDRICAL_SURFACE ( 'NONE', #3011, 0.7700916411881568724 ) ;
#1939 = DIRECTION ( 'NONE',  ( 1.836970198721030181E-16, -1.836970198721036590E-16, 1.000000000000000000 ) ) ;
#1940 = VERTEX_POINT ( 'NONE', #1266 ) ;
#1941 = FACE_OUTER_BOUND ( 'NONE', #1125, .T. ) ;
#1942 = DIRECTION ( 'NONE',  ( 1.000000000000000000, 0.000000000000000000, 0.000000000000000000 ) ) ;
#1943 = EDGE_CURVE ( 'NONE', #1318, #128, #368, .T. ) ;
#1944 = ORIENTED_EDGE ( 'NONE', *, *, #1627, .F. ) ;
#1945 = AXIS2_PLACEMENT_3D ( 'NONE', #2926, #2230, #2892 ) ;
#1946 = DIRECTION ( 'NONE',  ( 0.7071067811865443531, 0.7071067811865506814, 2.597868168706492430E-16 ) ) ;
#1947 = EDGE_CURVE ( 'NONE', #1044, #1951, #942, .T. ) ;
#1948 = VECTOR ( 'NONE', #910, 1000.000000000000000 ) ;
#1949 = ORIENTED_EDGE ( 'NONE', *, *, #2587, .T. ) ;
#1950 = DIRECTION ( 'NONE',  ( -1.836970198721030181E-16, 1.836970198721036590E-16, -1.000000000000000000 ) ) ;
#1951 = VERTEX_POINT ( 'NONE', #2222 ) ;
#1952 = ADVANCED_FACE ( 'NONE', ( #2438 ), #383, .F. ) ;
#1953 = DIRECTION ( 'NONE',  ( 1.836970198721030674E-16, 1.836970198721011199E-16, -1.000000000000000000 ) ) ;
#1954 = LINE ( 'NONE', #2882, #1948 ) ;
#1955 = PLANE ( 'NONE',  #2624 ) ;
#1956 = DIRECTION ( 'NONE',  ( -0.000000000000000000, -0.000000000000000000, -1.000000000000000000 ) ) ;
#1957 = ORIENTED_EDGE ( 'NONE', *, *, #327, .F. ) ;
#1958 = DIRECTION ( 'NONE',  ( 0.000000000000000000, 3.673940397442060361E-16, -1.000000000000000000 ) ) ;
#1959 = LINE ( 'NONE', #324, #2839 ) ;
#1960 = EDGE_LOOP ( 'NONE', ( #2902, #727, #1861, #898 ) ) ;
#1961 = LINE ( 'NONE', #2877, #2657 ) ;
#1962 = ORIENTED_EDGE ( 'NONE', *, *, #1821, .F. ) ;
#1963 = ORIENTED_EDGE ( 'NONE', *, *, #1815, .T. ) ;
#1964 = DIRECTION ( 'NONE',  ( -1.000000000000000000, 0.000000000000000000, 0.000000000000000000 ) ) ;
#1965 = EDGE_LOOP ( 'NONE', ( #114, #2502, #2909, #945 ) ) ;
#1966 = EDGE_CURVE ( 'NONE', #933, #1940, #151, .T. ) ;
#1967 = CARTESIAN_POINT ( 'NONE',  ( -8.309110660272255089, 2.524916986076366054, -152.4000000000000057 ) ) ;
#1968 = AXIS2_PLACEMENT_3D ( 'NONE', #2649, #1709, #1910 ) ;
#1969 = DIRECTION ( 'NONE',  ( -0.000000000000000000, -0.000000000000000000, -1.000000000000000000 ) ) ;
#1970 = CYLINDRICAL_SURFACE ( 'NONE', #577, 0.2999999999999999334 ) ;
#1971 = VERTEX_POINT ( 'NONE', #860 ) ;
#1972 = DIRECTION ( 'NONE',  ( 0.000000000000000000, 3.673940397442060361E-16, -1.000000000000000000 ) ) ;
#1973 = AXIS2_PLACEMENT_3D ( 'NONE', #391, #402, #1977 ) ;
#1974 = EDGE_CURVE ( 'NONE', #138, #2393, #1788, .T. ) ;
#1975 = CARTESIAN_POINT ( 'NONE',  ( 4.953032548119610468, 8.093719460823882272, 152.4000000000000057 ) ) ;
#1976 = VERTEX_POINT ( 'NONE', #1493 ) ;
#1977 = DIRECTION ( 'NONE',  ( -7.082143467515322941E-15, 1.000000000000000000, 0.000000000000000000 ) ) ;
#1978 = VECTOR ( 'NONE', #2916, 1000.000000000000000 ) ;
#1979 = EDGE_CURVE ( 'NONE', #1390, #2472, #834, .T. ) ;
#1980 = ORIENTED_EDGE ( 'NONE', *, *, #2583, .T. ) ;
#1981 = ORIENTED_EDGE ( 'NONE', *, *, #609, .F. ) ;
#1982 = CARTESIAN_POINT ( 'NONE',  ( -8.309110660272255089, 2.524916986076366054, 152.4000000000000057 ) ) ;
#1983 = ORIENTED_EDGE ( 'NONE', *, *, #1821, .T. ) ;
#1984 = LINE ( 'NONE', #1737, #611 ) ;
#1985 = AXIS2_PLACEMENT_3D ( 'NONE', #859, #9, #2095 ) ;
#1986 = LINE ( 'NONE', #2915, #1306 ) ;
#1987 = CARTESIAN_POINT ( 'NONE',  ( 7.930201006595097191, -9.998781654038170430, 152.4000000000000057 ) ) ;
#1988 = ORIENTED_EDGE ( 'NONE', *, *, #1082, .T. ) ;
#1989 = VECTOR ( 'NONE', #1923, 1000.000000000000000 ) ;
#1990 = VECTOR ( 'NONE', #2341, 1000.000000000000000 ) ;
#1991 = CYLINDRICAL_SURFACE ( 'NONE', #1327, 2.000000000000000000 ) ;
#1992 = VERTEX_POINT ( 'NONE', #2705 ) ;
#1993 = CARTESIAN_POINT ( 'NONE',  ( -2.500487338384769664, -9.008684239185628329, 152.4000000000000057 ) ) ;
#1994 = AXIS2_PLACEMENT_3D ( 'NONE', #1043, #2530, #2500 ) ;
#1995 = ORIENTED_EDGE ( 'NONE', *, *, #2397, .T. ) ;
#1996 = PERSON ( 'UNSPECIFIED', 'UNSPECIFIED', 'UNSPECIFIED', ('UNSPECIFIED'), ('UNSPECIFIED'), ('UNSPECIFIED') ) ;
#1997 = FACE_OUTER_BOUND ( 'NONE', #2905, .T. ) ;
#1998 = LINE ( 'NONE', #2247, #1062 ) ;
#1999 = AXIS2_PLACEMENT_3D ( 'NONE', #543, #314, #1014 ) ;
#2000 = LINE ( 'NONE', #807, #2085 ) ;
#2001 = DIRECTION ( 'NONE',  ( 0.7071067811865467956, 0.7071067811865483499, 7.149051953565420362E-31 ) ) ;
#2002 = COORDINATED_UNIVERSAL_TIME_OFFSET ( 6, 0, .BEHIND. ) ;
#2003 = DIRECTION ( 'NONE',  ( -0.000000000000000000, -0.000000000000000000, -1.000000000000000000 ) ) ;
#2004 = VERTEX_POINT ( 'NONE', #1036 ) ;
#2005 = DIRECTION ( 'NONE',  ( 0.000000000000000000, 0.000000000000000000, 1.000000000000000000 ) ) ;
#2006 = EDGE_CURVE ( 'NONE', #1252, #2298, #1538, .T. ) ;
#2007 = ORIENTED_EDGE ( 'NONE', *, *, #1175, .F. ) ;
#2008 = CARTESIAN_POINT ( 'NONE',  ( -3.272080402638045005, 9.836116498162835953, -152.4000000000000057 ) ) ;
#2009 = ORIENTED_EDGE ( 'NONE', *, *, #1500, .T. ) ;
#2010 = EDGE_CURVE ( 'NONE', #3, #2669, #2611, .T. ) ;
#2011 = AXIS2_PLACEMENT_3D ( 'NONE', #2495, #2263, #812 ) ;
#2012 = CC_DESIGN_PERSON_AND_ORGANIZATION_ASSIGNMENT ( #2706, #165, ( #131 ) ) ;
#2013 = CLOSED_SHELL ( 'NONE', ( #68, #2777, #951, #879, #2823, #1204, #2264, #1335, #1079, #1839, #2177, #1534, #2359, #2297, #2866, #1581, #2937, #2295, #2716, #2647, #1862, #392, #2546, #1147, #1595, #414, #2288, #681, #2619, #2047, #2919, #1743, #44, #663, #722, #1520, #550, #922, #2428, #2433, #774, #122, #1756, #1843, #2105, #1831, #1361, #919, #1860, #871, #2261, #2187, #2550, #1070, #2802, #2091, #2688, #1652, #323, #656, #2720, #351, #1536, #2381, #1169, #1814, #2423, #318, #1272, #2864, #1092, #1952, #851, #960, #2955, #2711, #387, #441, #418, #1784, #655, #283, #1688, #1194, #1277, #2490, #2518 ) ) ;
#2014 = CARTESIAN_POINT ( 'NONE',  ( -8.309110660272255089, 2.524916986076366054, 152.4000000000000057 ) ) ;
#2015 = LINE ( 'NONE', #2492, #1978 ) ;
#2016 = CALENDAR_DATE ( 2026, 18, 1 ) ;
#2017 = VECTOR ( 'NONE', #1484, 1000.000000000000114 ) ;
#2018 = AXIS2_PLACEMENT_3D ( 'NONE', #586, #1038, #2680 ) ;
#2019 = CARTESIAN_POINT ( 'NONE',  ( -2.824734234182208592, -8.319580509282991088, 152.4000000000000057 ) ) ;
#2020 = VERTEX_POINT ( 'NONE', #1987 ) ;
#2021 = DIRECTION ( 'NONE',  ( -0.9993908270190977605, -0.03489949670244522212, -1.899960501502000799E-16 ) ) ;
#2022 = ORIENTED_EDGE ( 'NONE', *, *, #1220, .T. ) ;
#2023 = VECTOR ( 'NONE', #2001, 999.9999999999998863 ) ;
#2024 = CARTESIAN_POINT ( 'NONE',  ( -2.524916986076432668, 8.309110660272235549, -152.4000000000000057 ) ) ;
#2025 = ORIENTED_EDGE ( 'NONE', *, *, #1082, .F. ) ;
#2026 = VECTOR ( 'NONE', #2739, 1000.000000000000000 ) ;
#2027 = CARTESIAN_POINT ( 'NONE',  ( 2.524916986076432668, -8.309110660272180482, -152.4000000000000057 ) ) ;
#2028 = CARTESIAN_POINT ( 'NONE',  ( 6.779559917037182082, 5.524445380431012076, 152.4000000000000057 ) ) ;
#2029 = APPROVAL_STATUS ( 'not_yet_approved' ) ;
#2030 = CYLINDRICAL_SURFACE ( 'NONE', #2626, 3.000000000000000000 ) ;
#2031 = VERTEX_POINT ( 'NONE', #1740 ) ;
#2032 = DIRECTION ( 'NONE',  ( -0.03489949670245183488, 0.9993908270190974275, 0.000000000000000000 ) ) ;
#2033 = ADVANCED_BREP_SHAPE_REPRESENTATION ( '5537T501_T-Slotted Framing', ( #902, #220 ), #2462 ) ;
#2034 = EDGE_CURVE ( 'NONE', #2031, #1605, #2799, .T. ) ;
#2035 = CARTESIAN_POINT ( 'NONE',  ( -4.979908358811845126, 7.324096938656361466, 152.4000000000000057 ) ) ;
#2036 = ORIENTED_EDGE ( 'NONE', *, *, #1515, .F. ) ;
#2037 = DIRECTION ( 'NONE',  ( 1.000000000000000000, 0.000000000000000000, 0.000000000000000000 ) ) ;
#2038 = ORIENTED_EDGE ( 'NONE', *, *, #1763, .T. ) ;
#2039 = EDGE_CURVE ( 'NONE', #65, #1347, #2015, .T. ) ;
#2040 = EDGE_LOOP ( 'NONE', ( #286, #1206 ) ) ;
#2041 = VECTOR ( 'NONE', #2216, 1000.000000000000000 ) ;
#2042 = EDGE_CURVE ( 'NONE', #2893, #2695, #180, .T. ) ;
#2043 = ORIENTED_EDGE ( 'NONE', *, *, #1770, .F. ) ;
#2044 = CARTESIAN_POINT ( 'NONE',  ( 9.998781654038179312, -7.930201006595076763, 152.4000000000000057 ) ) ;
#2045 = DIRECTION ( 'NONE',  ( 3.378929305024675559E-15, 1.000000000000000000, 0.000000000000000000 ) ) ;
#2046 = CALENDAR_DATE ( 2026, 18, 1 ) ;
#2047 = ADVANCED_FACE ( 'NONE', ( #1597 ), #889, .F. ) ;
#2048 = DIRECTION ( 'NONE',  ( -1.836970198721030181E-16, -1.836970198721010952E-16, 1.000000000000000000 ) ) ;
#2049 = CARTESIAN_POINT ( 'NONE',  ( 3.223565119834125081, 4.478679656440309742, -152.4000000000000057 ) ) ;
#2050 = ORIENTED_EDGE ( 'NONE', *, *, #2578, .T. ) ;
#2051 = DIRECTION ( 'NONE',  ( -0.9993908270190976495, 0.03489949670244527763, 1.282186707855096817E-17 ) ) ;
#2052 = CARTESIAN_POINT ( 'NONE',  ( -2.524916986076424674, -8.309110660272201798, -152.4000000000000057 ) ) ;
#2053 = ORIENTED_EDGE ( 'NONE', *, *, #2701, .F. ) ;
#2054 = CARTESIAN_POINT ( 'NONE',  ( 0.000000000000000000, 0.000000000000000000, -152.4000000000000057 ) ) ;
#2055 = EDGE_LOOP ( 'NONE', ( #804, #1171, #540, #2633 ) ) ;
#2056 = ORIENTED_EDGE ( 'NONE', *, *, #2907, .F. ) ;
#2057 = EDGE_CURVE ( 'NONE', #2107, #718, #703, .T. ) ;
#2058 = DIRECTION ( 'NONE',  ( -1.000000000000000000, 2.704576509119208891E-15, 1.836970198721035357E-16 ) ) ;
#2059 = ORIENTED_EDGE ( 'NONE', *, *, #517, .F. ) ;
#2060 = DIRECTION ( 'NONE',  ( -0.9993908270190974275, 0.03489949670245395125, -1.771741830716476003E-16 ) ) ;
#2061 = AXIS2_PLACEMENT_3D ( 'NONE', #825, #2681, #166 ) ;
#2062 = EDGE_CURVE ( 'NONE', #2020, #1654, #1485, .T. ) ;
#2063 = CIRCLE ( 'NONE', #1377, 2.000000000000000000 ) ;
#2064 = DIRECTION ( 'NONE',  ( 0.9993908270190976495, -0.03489949670244527763, -0.000000000000000000 ) ) ;
#2065 = CARTESIAN_POINT ( 'NONE',  ( -2.835204083192895297, 8.019763261177239144, 152.4000000000000057 ) ) ;
#2066 = EDGE_LOOP ( 'NONE', ( #1071, #20, #99, #1454 ) ) ;
#2067 = EDGE_CURVE ( 'NONE', #1813, #1409, #2504, .T. ) ;
#2068 = AXIS2_PLACEMENT_3D ( 'NONE', #1430, #641, #1574 ) ;
#2069 = EDGE_LOOP ( 'NONE', ( #560, #1127, #2639, #1388 ) ) ;
#2070 = LINE ( 'NONE', #897, #2178 ) ;
#2071 = ORIENTED_EDGE ( 'NONE', *, *, #746, .T. ) ;
#2072 = LINE ( 'NONE', #1799, #1721 ) ;
#2073 = DIRECTION ( 'NONE',  ( 1.013678791507402668E-14, 1.000000000000000000, 0.000000000000000000 ) ) ;
#2074 = VERTEX_POINT ( 'NONE', #695 ) ;
#2075 = AXIS2_PLACEMENT_3D ( 'NONE', #2591, #260, #953 ) ;
#2076 = VECTOR ( 'NONE', #2659, 1000.000000000000114 ) ;
#2077 = CARTESIAN_POINT ( 'NONE',  ( 9.998781654038168654, 7.930201006595035018, 152.4000000000000057 ) ) ;
#2078 = CARTESIAN_POINT ( 'NONE',  ( -3.223565119834176596, 4.478679656440267998, 152.4000000000000057 ) ) ;
#2079 = EDGE_CURVE ( 'NONE', #1932, #1867, #446, .T. ) ;
#2080 = VERTEX_POINT ( 'NONE', #1626 ) ;
#2081 = DIRECTION ( 'NONE',  ( -1.000000000000000000, 0.000000000000000000, 0.000000000000000000 ) ) ;
#2082 = CARTESIAN_POINT ( 'NONE',  ( 3.299999999999929656, 9.036603836547600466, -152.4000000000000057 ) ) ;
#2083 = ORIENTED_EDGE ( 'NONE', *, *, #737, .F. ) ;
#2084 = EDGE_CURVE ( 'NONE', #1376, #642, #633, .T. ) ;
#2085 = VECTOR ( 'NONE', #845, 1000.000000000000114 ) ;
#2086 = CARTESIAN_POINT ( 'NONE',  ( 9.998781654038179312, -7.930201006594963964, -152.4000000000000057 ) ) ;
#2087 = ORIENTED_EDGE ( 'NONE', *, *, #1647, .T. ) ;
#2088 = LINE ( 'NONE', #2024, #153 ) ;
#2089 = LINE ( 'NONE', #2318, #988 ) ;
#2090 = VECTOR ( 'NONE', #259, 1000.000000000000000 ) ;
#2091 = ADVANCED_FACE ( 'NONE', ( #906 ), #1136, .F. ) ;
#2092 = AXIS2_PLACEMENT_3D ( 'NONE', #2158, #71, #989 ) ;
#2093 = CIRCLE ( 'NONE', #2675, 0.2999999999999999334 ) ;
#2094 = ORIENTED_EDGE ( 'NONE', *, *, #793, .F. ) ;
#2095 = DIRECTION ( 'NONE',  ( 3.378929305024675559E-15, 1.000000000000000000, 0.000000000000000000 ) ) ;
#2096 = CIRCLE ( 'NONE', #1505, 0.7700916411881568724 ) ;
#2097 = CARTESIAN_POINT ( 'NONE',  ( 3.299999999999999822, -9.036603836547616453, 152.4000000000000057 ) ) ;
#2098 = CIRCLE ( 'NONE', #2776, 0.7999999999999990452 ) ;
#2099 = CARTESIAN_POINT ( 'NONE',  ( -9.036603836547566715, -3.299999999999877254, -152.4000000000000057 ) ) ;
#2100 = CARTESIAN_POINT ( 'NONE',  ( 2.500487338384706604, 9.008684239185591025, 152.4000000000000057 ) ) ;
#2101 = ORIENTED_EDGE ( 'NONE', *, *, #2152, .T. ) ;
#2102 = LINE ( 'NONE', #2995, #947 ) ;
#2103 = EDGE_LOOP ( 'NONE', ( #1360, #2641, #912, #2679 ) ) ;
#2104 = LINE ( 'NONE', #707, #459 ) ;
#2105 = ADVANCED_FACE ( 'NONE', ( #1565 ), #2322, .F. ) ;
#2106 = EDGE_CURVE ( 'NONE', #211, #1614, #1384, .T. ) ;
#2107 = VERTEX_POINT ( 'NONE', #935 ) ;
#2108 = EDGE_CURVE ( 'NONE', #2828, #2080, #2779, .T. ) ;
#2109 = PLANE ( 'NONE',  #1003 ) ;
#2110 = DIRECTION ( 'NONE',  ( -0.9993908270190977605, 0.03489949670244361923, 0.000000000000000000 ) ) ;
#2111 = PLANE ( 'NONE',  #2248 ) ;
#2112 = DIRECTION ( 'NONE',  ( 0.03489949670245177243, -0.9993908270190975385, 0.000000000000000000 ) ) ;
#2113 = VERTEX_POINT ( 'NONE', #924 ) ;
#2114 = CIRCLE ( 'NONE', #1868, 0.7700916411881568724 ) ;
#2115 = VERTEX_POINT ( 'NONE', #411 ) ;
#2116 = CARTESIAN_POINT ( 'NONE',  ( 9.008684239185640763, 2.500487338384662639, 152.4000000000000057 ) ) ;
#2117 = EDGE_LOOP ( 'NONE', ( #1701, #928, #2499, #2038 ) ) ;
#2118 = CARTESIAN_POINT ( 'NONE',  ( 2.149999999999999911, 2.632990618166808742E-16, 152.4000000000000057 ) ) ;
#2119 = CIRCLE ( 'NONE', #1178, 0.7700916411881560952 ) ;
#2120 = FACE_OUTER_BOUND ( 'NONE', #67, .T. ) ;
#2121 = ORIENTED_EDGE ( 'NONE', *, *, #1109, .F. ) ;
#2122 = AXIS2_PLACEMENT_3D ( 'NONE', #2509, #1543, #158 ) ;
#2123 = DIRECTION ( 'NONE',  ( 1.836970198721030674E-16, 1.836970198721011199E-16, -1.000000000000000000 ) ) ;
#2124 = CARTESIAN_POINT ( 'NONE',  ( -8.093719460823969314, -4.953032548119563394, 152.4000000000000057 ) ) ;
#2125 = AXIS2_PLACEMENT_3D ( 'NONE', #164, #1314, #1077 ) ;
#2126 = LINE ( 'NONE', #1893, #1592 ) ;
#2127 = CARTESIAN_POINT ( 'NONE',  ( 0.000000000000000000, 0.000000000000000000, 152.4000000000000057 ) ) ;
#2128 = EDGE_LOOP ( 'NONE', ( #37, #2361, #754, #2768 ) ) ;
#2129 = CIRCLE ( 'NONE', #2852, 0.7700916411881568724 ) ;
#2130 = ORIENTED_EDGE ( 'NONE', *, *, #1856, .F. ) ;
#2131 = DIRECTION ( 'NONE',  ( -5.782411586589358033E-15, -1.000000000000000000, 0.000000000000000000 ) ) ;
#2132 = ORIENTED_EDGE ( 'NONE', *, *, #555, .T. ) ;
#2133 = DIRECTION ( 'NONE',  ( 3.378929305024671615E-15, 1.000000000000000000, 0.000000000000000000 ) ) ;
#2134 = CIRCLE ( 'NONE', #1842, 0.2999999999999999334 ) ;
#2135 = EDGE_CURVE ( 'NONE', #2245, #736, #1877, .T. ) ;
#2136 = EDGE_LOOP ( 'NONE', ( #2712, #1681, #342, #1148 ) ) ;
#2137 = DIRECTION ( 'NONE',  ( -0.03489949670245576230, -0.9993908270190974275, 0.000000000000000000 ) ) ;
#2138 = ORIENTED_EDGE ( 'NONE', *, *, #856, .F. ) ;
#2139 = VECTOR ( 'NONE', #1924, 999.9999999999998863 ) ;
#2140 = LINE ( 'NONE', #39, #1544 ) ;
#2141 = CARTESIAN_POINT ( 'NONE',  ( -9.008684239185658527, -2.500487338384655533, 152.4000000000000057 ) ) ;
#2142 = DIRECTION ( 'NONE',  ( 1.000000000000000000, 0.000000000000000000, 0.000000000000000000 ) ) ;
#2143 = DIRECTION ( 'NONE',  ( -1.836970198721030181E-16, -1.836970198721010952E-16, 1.000000000000000000 ) ) ;
#2144 = ORIENTED_EDGE ( 'NONE', *, *, #2465, .T. ) ;
#2145 = CARTESIAN_POINT ( 'NONE',  ( 4.979908358811838021, 8.094188579844514564, 152.4000000000000057 ) ) ;
#2146 = AXIS2_PLACEMENT_3D ( 'NONE', #949, #299, #2360 ) ;
#2147 = EDGE_CURVE ( 'NONE', #2080, #1233, #1878, .T. ) ;
#2148 = DIRECTION ( 'NONE',  ( -1.836970198721030181E-16, -1.836970198721010952E-16, 1.000000000000000000 ) ) ;
#2149 = ORIENTED_EDGE ( 'NONE', *, *, #1212, .T. ) ;
#2150 = ORIENTED_EDGE ( 'NONE', *, *, #517, .T. ) ;
#2151 = DIRECTION ( 'NONE',  ( -1.000000000000000000, -7.869048297239250561E-16, 0.000000000000000000 ) ) ;
#2152 = EDGE_CURVE ( 'NONE', #419, #144, #2974, .T. ) ;
#2153 = ORIENTED_EDGE ( 'NONE', *, *, #750, .F. ) ;
#2154 = CYLINDRICAL_SURFACE ( 'NONE', #1999, 3.000000000000000888 ) ;
#2155 = ORIENTED_EDGE ( 'NONE', *, *, #2832, .T. ) ;
#2156 = DIRECTION ( 'NONE',  ( -0.000000000000000000, -0.000000000000000000, -1.000000000000000000 ) ) ;
#2157 = DIRECTION ( 'NONE',  ( -0.03489949670244348046, -0.9993908270190977605, 0.000000000000000000 ) ) ;
#2158 = CARTESIAN_POINT ( 'NONE',  ( 9.036603836547598689, 3.299999999999940758, 152.4000000000000057 ) ) ;
#2159 = PLANE ( 'NONE',  #2767 ) ;
#2160 = VERTEX_POINT ( 'NONE', #2746 ) ;
#2161 = CYLINDRICAL_SURFACE ( 'NONE', #797, 2.000000000000000000 ) ;
#2162 = EDGE_CURVE ( 'NONE', #1414, #702, #1611, .T. ) ;
#2163 = DIRECTION ( 'NONE',  ( 0.000000000000000000, 0.000000000000000000, 1.000000000000000000 ) ) ;
#2164 = ORIENTED_EDGE ( 'NONE', *, *, #2293, .F. ) ;
#2165 = CARTESIAN_POINT ( 'NONE',  ( -2.500487338384769664, -9.008684239185628329, 152.4000000000000057 ) ) ;
#2166 = VECTOR ( 'NONE', #2824, 1000.000000000000000 ) ;
#2167 = ORIENTED_EDGE ( 'NONE', *, *, #45, .F. ) ;
#2168 = DIRECTION ( 'NONE',  ( -1.000000000000000000, 0.000000000000000000, 0.000000000000000000 ) ) ;
#2169 = ORIENTED_EDGE ( 'NONE', *, *, #2676, .F. ) ;
#2170 = CARTESIAN_POINT ( 'NONE',  ( -3.299999999999992717, -9.036603836547522306, -152.4000000000000057 ) ) ;
#2171 = CYLINDRICAL_SURFACE ( 'NONE', #390, 0.7700916411881577606 ) ;
#2172 = EDGE_CURVE ( 'NONE', #1446, #2257, #1356, .T. ) ;
#2173 = CARTESIAN_POINT ( 'NONE',  ( 7.930201006595026136, 9.998781654038179312, -152.4000000000000057 ) ) ;
#2174 = DIRECTION ( 'NONE',  ( -1.000000000000000000, 0.000000000000000000, 0.000000000000000000 ) ) ;
#2175 = ORIENTED_EDGE ( 'NONE', *, *, #458, .F. ) ;
#2176 = CARTESIAN_POINT ( 'NONE',  ( -3.223565119834156167, -4.478679656440231582, -152.4000000000000057 ) ) ;
#2177 = ADVANCED_FACE ( 'NONE', ( #2990 ), #461, .F. ) ;
#2178 = VECTOR ( 'NONE', #452, 1000.000000000000000 ) ;
#2179 = CARTESIAN_POINT ( 'NONE',  ( -4.979908358811845126, 7.324096938656361466, 152.4000000000000057 ) ) ;
#2180 = VERTEX_POINT ( 'NONE', #1656 ) ;
#2181 = CARTESIAN_POINT ( 'NONE',  ( -9.036603836547584478, 3.299999999999926104, -152.4000000000000057 ) ) ;
#2182 = EDGE_CURVE ( 'NONE', #888, #2893, #56, .T. ) ;
#2183 = ORIENTED_EDGE ( 'NONE', *, *, #462, .T. ) ;
#2184 = ORIENTED_EDGE ( 'NONE', *, *, #2921, .T. ) ;
#2185 = FACE_OUTER_BOUND ( 'NONE', #1187, .T. ) ;
#2186 = ORIENTED_EDGE ( 'NONE', *, *, #2928, .T. ) ;
#2187 = ADVANCED_FACE ( 'NONE', ( #1411 ), #2417, .F. ) ;
#2188 = DIRECTION ( 'NONE',  ( 0.03489949670245575536, 0.9993908270190973164, 1.899960501502001046E-16 ) ) ;
#2189 = LINE ( 'NONE', #1936, #1312 ) ;
#2190 = VECTOR ( 'NONE', #2519, 1000.000000000000000 ) ;
#2191 = VECTOR ( 'NONE', #2325, 1000.000000000000114 ) ;
#2192 = LINE ( 'NONE', #2580, #2238 ) ;
#2193 = DIRECTION ( 'NONE',  ( 0.9993908270190977605, 0.03489949670244136409, 0.000000000000000000 ) ) ;
#2194 = EDGE_LOOP ( 'NONE', ( #1510, #1708, #623, #266 ) ) ;
#2195 = CARTESIAN_POINT ( 'NONE',  ( -5.524445380431108887, -6.779559917037151884, 152.4000000000000057 ) ) ;
#2196 = LINE ( 'NONE', #2211, #2166 ) ;
#2197 = VERTEX_POINT ( 'NONE', #1642 ) ;
#2198 = VECTOR ( 'NONE', #2543, 1000.000000000000114 ) ;
#2199 = FACE_OUTER_BOUND ( 'NONE', #47, .T. ) ;
#2200 = AXIS2_PLACEMENT_3D ( 'NONE', #119, #1264, #1490 ) ;
#2201 = ORIENTED_EDGE ( 'NONE', *, *, #2625, .T. ) ;
#2202 = LINE ( 'NONE', #2938, #674 ) ;
#2203 = ORIENTED_EDGE ( 'NONE', *, *, #2604, .T. ) ;
#2204 = EDGE_CURVE ( 'NONE', #1488, #2275, #1475, .T. ) ;
#2205 = DIRECTION ( 'NONE',  ( 1.836970198721030181E-16, 1.836970198721010952E-16, -1.000000000000000000 ) ) ;
#2206 = DIRECTION ( 'NONE',  ( 1.000000000000000000, 0.000000000000000000, 0.000000000000000000 ) ) ;
#2207 = DIRECTION ( 'NONE',  ( 0.000000000000000000, 1.000000000000000000, 0.000000000000000000 ) ) ;
#2208 = DIRECTION ( 'NONE',  ( -0.03489949670245395819, -0.9993908270190974275, -1.899960501501997841E-16 ) ) ;
#2209 = ORIENTED_EDGE ( 'NONE', *, *, #831, .F. ) ;
#2210 = CARTESIAN_POINT ( 'NONE',  ( 6.599999999999927702, -1.102244776274543758, 152.4000000000000057 ) ) ;
#2211 = CARTESIAN_POINT ( 'NONE',  ( 4.478679656440292867, -3.223565119834193471, 152.4000000000000057 ) ) ;
#2212 = VERTEX_POINT ( 'NONE', #1005 ) ;
#2213 = CARTESIAN_POINT ( 'NONE',  ( 3.223565119834176596, -4.478679656440323065, 152.4000000000000057 ) ) ;
#2214 = ORIENTED_EDGE ( 'NONE', *, *, #545, .T. ) ;
#2215 = ORIENTED_EDGE ( 'NONE', *, *, #2182, .F. ) ;
#2216 = DIRECTION ( 'NONE',  ( 1.836970198721030674E-16, 1.836970198721011199E-16, -1.000000000000000000 ) ) ;
#2217 = ORIENTED_EDGE ( 'NONE', *, *, #2494, .F. ) ;
#2218 = AXIS2_PLACEMENT_3D ( 'NONE', #2668, #2163, #2857 ) ;
#2219 = DIRECTION ( 'NONE',  ( -1.000000000000000000, 0.000000000000000000, 0.000000000000000000 ) ) ;
#2220 = VECTOR ( 'NONE', #124, 1000.000000000000000 ) ;
#2221 = LINE ( 'NONE', #1787, #1051 ) ;
#2222 = CARTESIAN_POINT ( 'NONE',  ( 1.102244776274551530, 3.599999999999896172, 152.4000000000000057 ) ) ;
#2223 = ORIENTED_EDGE ( 'NONE', *, *, #149, .F. ) ;
#2224 = PERSON_AND_ORGANIZATION ( #1996, #28 ) ;
#2225 = DIRECTION ( 'NONE',  ( -0.7071067811865496822, 0.7071067811865454633, 2.597868168706472708E-16 ) ) ;
#2226 = EDGE_LOOP ( 'NONE', ( #473, #1364, #784, #2939 ) ) ;
#2227 = DIRECTION ( 'NONE',  ( 0.03489949670245183488, -0.9993908270190974275, 0.000000000000000000 ) ) ;
#2228 = CIRCLE ( 'NONE', #2424, 0.2999999999999999334 ) ;
#2229 = ORIENTED_EDGE ( 'NONE', *, *, #1025, .F. ) ;
#2230 = DIRECTION ( 'NONE',  ( -0.000000000000000000, 3.673940397442061347E-16, -1.000000000000000000 ) ) ;
#2231 = DIRECTION ( 'NONE',  ( 0.7071067811865529018, 0.7071067811865422437, 2.597868168706466792E-16 ) ) ;
#2232 = EDGE_CURVE ( 'NONE', #1129, #1318, #2271, .T. ) ;
#2233 = VECTOR ( 'NONE', #568, 1000.000000000000114 ) ;
#2234 = LINE ( 'NONE', #1313, #1193 ) ;
#2235 = DIRECTION ( 'NONE',  ( -1.000000000000000000, 0.000000000000000000, 0.000000000000000000 ) ) ;
#2236 = AXIS2_PLACEMENT_3D ( 'NONE', #460, #2058, #474 ) ;
#2237 = APPROVAL_DATE_TIME ( #2493, #1113 ) ;
#2238 = VECTOR ( 'NONE', #1706, 1000.000000000000114 ) ;
#2239 = VECTOR ( 'NONE', #701, 1000.000000000000000 ) ;
#2240 = DIRECTION ( 'NONE',  ( -1.836970198721030674E-16, 1.836970198721037083E-16, -1.000000000000000000 ) ) ;
#2241 = ORIENTED_EDGE ( 'NONE', *, *, #778, .T. ) ;
#2242 = CARTESIAN_POINT ( 'NONE',  ( 1.102244776274541094, -3.599999999999973443, 152.4000000000000057 ) ) ;
#2243 = EDGE_CURVE ( 'NONE', #2648, #144, #2868, .T. ) ;
#2244 = CIRCLE ( 'NONE', #2146, 0.2999999999999999334 ) ;
#2245 = VERTEX_POINT ( 'NONE', #2124 ) ;
#2246 = CARTESIAN_POINT ( 'NONE',  ( 3.272080402638025021, 9.836116498162823518, 152.4000000000000057 ) ) ;
#2247 = CARTESIAN_POINT ( 'NONE',  ( 5.524445380431060926, 6.779559917037134120, 152.4000000000000057 ) ) ;
#2248 = AXIS2_PLACEMENT_3D ( 'NONE', #892, #1838, #25 ) ;
#2249 = DIRECTION ( 'NONE',  ( 0.000000000000000000, 0.000000000000000000, 1.000000000000000000 ) ) ;
#2250 = CARTESIAN_POINT ( 'NONE',  ( -4.478679656440292867, 3.223565119834137516, -152.4000000000000057 ) ) ;
#2251 = PERSON_AND_ORGANIZATION_ROLE ( 'creator' ) ;
#2252 = FACE_OUTER_BOUND ( 'NONE', #731, .T. ) ;
#2253 = EDGE_LOOP ( 'NONE', ( #2743, #894, #1779, #2621 ) ) ;
#2254 = LINE ( 'NONE', #2497, #178 ) ;
#2255 = ORIENTED_EDGE ( 'NONE', *, *, #1287, .T. ) ;
#2256 = CARTESIAN_POINT ( 'NONE',  ( 8.319580509282992864, -2.824734234182149528, 152.4000000000000057 ) ) ;
#2257 = VERTEX_POINT ( 'NONE', #2141 ) ;
#2258 = CARTESIAN_POINT ( 'NONE',  ( 0.000000000000000000, 0.000000000000000000, -152.4000000000000057 ) ) ;
#2259 = CARTESIAN_POINT ( 'NONE',  ( -2.149999999999999911, 0.000000000000000000, -152.4000000000000057 ) ) ;
#2260 = DATE_AND_TIME ( #2016, #264 ) ;
#2261 = ADVANCED_FACE ( 'NONE', ( #1892 ), #40, .F. ) ;
#2262 = AXIS2_PLACEMENT_3D ( 'NONE', #963, #296, #1223 ) ;
#2263 = DIRECTION ( 'NONE',  ( -0.000000000000000000, 3.673940397442061347E-16, -1.000000000000000000 ) ) ;
#2264 = ADVANCED_FACE ( 'NONE', ( #2577 ), #2171, .F. ) ;
#2265 = ORIENTED_EDGE ( 'NONE', *, *, #599, .T. ) ;
#2266 = CARTESIAN_POINT ( 'NONE',  ( -8.309110660272255089, 2.524916986076366054, -152.4000000000000057 ) ) ;
#2267 = VECTOR ( 'NONE', #2724, 1000.000000000000000 ) ;
#2268 = PLANE ( 'NONE',  #229 ) ;
#2269 = ORIENTED_EDGE ( 'NONE', *, *, #83, .T. ) ;
#2270 = EDGE_CURVE ( 'NONE', #1376, #2031, #2189, .T. ) ;
#2271 = CIRCLE ( 'NONE', #2075, 0.2999999999999999334 ) ;
#2272 = DIRECTION ( 'NONE',  ( -0.000000000000000000, 3.673940397442061347E-16, -1.000000000000000000 ) ) ;
#2273 = DIRECTION ( 'NONE',  ( 1.000000000000000000, 0.000000000000000000, 0.000000000000000000 ) ) ;
#2274 = AXIS2_PLACEMENT_3D ( 'NONE', #2896, #2449, #2967 ) ;
#2275 = VERTEX_POINT ( 'NONE', #740 ) ;
#2276 = ORIENTED_EDGE ( 'NONE', *, *, #737, .T. ) ;
#2277 = LINE ( 'NONE', #1135, #662 ) ;
#2278 = DIRECTION ( 'NONE',  ( 1.836970198721030674E-16, 1.836970198721011199E-16, -1.000000000000000000 ) ) ;
#2279 = APPLICATION_PROTOCOL_DEFINITION ( 'international standard', 'config_control_design', 1994, #2721 ) ;
#2280 = LINE ( 'NONE', #1399, #864 ) ;
#2281 = CARTESIAN_POINT ( 'NONE',  ( -4.953032548119666423, -8.093719460823901812, 152.4000000000000057 ) ) ;
#2282 = ORIENTED_EDGE ( 'NONE', *, *, #2182, .T. ) ;
#2283 = CARTESIAN_POINT ( 'NONE',  ( 7.999999999999974243, 9.999999999999928946, 152.4000000000000057 ) ) ;
#2284 = CARTESIAN_POINT ( 'NONE',  ( 6.599999999999927702, -1.102244776274543758, 152.4000000000000057 ) ) ;
#2285 = ORIENTED_EDGE ( 'NONE', *, *, #1192, .F. ) ;
#2286 = DIRECTION ( 'NONE',  ( 1.836970198721030674E-16, 1.836970198721011199E-16, -1.000000000000000000 ) ) ;
#2287 = ORIENTED_EDGE ( 'NONE', *, *, #428, .T. ) ;
#2288 = ADVANCED_FACE ( 'NONE', ( #969 ), #2805, .F. ) ;
#2289 = ORIENTED_EDGE ( 'NONE', *, *, #858, .T. ) ;
#2290 = EDGE_CURVE ( 'NONE', #1800, #1781, #89, .T. ) ;
#2291 = FACE_OUTER_BOUND ( 'NONE', #2128, .T. ) ;
#2292 = DIRECTION ( 'NONE',  ( 1.836970198721030674E-16, 1.836970198721011199E-16, -1.000000000000000000 ) ) ;
#2293 = EDGE_CURVE ( 'NONE', #1321, #2989, #1687, .T. ) ;
#2294 = DIRECTION ( 'NONE',  ( 0.7071067811865496822, -0.7071067811865454633, 0.000000000000000000 ) ) ;
#2295 = ADVANCED_FACE ( 'NONE', ( #490 ), #2834, .F. ) ;
#2296 = CARTESIAN_POINT ( 'NONE',  ( 2.824734234182150416, 8.319580509282953784, 152.4000000000000057 ) ) ;
#2297 = ADVANCED_FACE ( 'NONE', ( #516 ), #1441, .F. ) ;
#2298 = VERTEX_POINT ( 'NONE', #70 ) ;
#2299 = ORIENTED_EDGE ( 'NONE', *, *, #2928, .F. ) ;
#2300 = CARTESIAN_POINT ( 'NONE',  ( 9.036603836547584478, -2.499999999999981348, 152.4000000000000057 ) ) ;
#2301 = EDGE_LOOP ( 'NONE', ( #160, #1659, #1783, #1284 ) ) ;
#2302 = LINE ( 'NONE', #1118, #2198 ) ;
#2303 = DIRECTION ( 'NONE',  ( -1.000000000000000000, 0.000000000000000000, 0.000000000000000000 ) ) ;
#2304 = ORIENTED_EDGE ( 'NONE', *, *, #1403, .T. ) ;
#2305 = EDGE_CURVE ( 'NONE', #2429, #482, #108, .T. ) ;
#2306 = CYLINDRICAL_SURFACE ( 'NONE', #1394, 0.7999999999999986011 ) ;
#2307 = DIRECTION ( 'NONE',  ( -0.000000000000000000, -0.000000000000000000, -1.000000000000000000 ) ) ;
#2308 = EDGE_CURVE ( 'NONE', #2893, #2873, #535, .T. ) ;
#2309 = CIRCLE ( 'NONE', #1472, 0.2999999999999999334 ) ;
#2310 = CIRCLE ( 'NONE', #2987, 0.2999999999999999334 ) ;
#2311 = LINE ( 'NONE', #1138, #913 ) ;
#2312 = CARTESIAN_POINT ( 'NONE',  ( -4.478679656440274215, -3.223565119834101544, -152.4000000000000057 ) ) ;
#2313 = VERTEX_POINT ( 'NONE', #2660 ) ;
#2314 = EDGE_CURVE ( 'NONE', #718, #1824, #790, .T. ) ;
#2315 = CARTESIAN_POINT ( 'NONE',  ( -3.272080402638045005, 9.836116498162835953, 152.4000000000000057 ) ) ;
#2316 = ORIENTED_EDGE ( 'NONE', *, *, #2034, .F. ) ;
#2317 = CARTESIAN_POINT ( 'NONE',  ( 7.930201006595097191, -9.998781654038170430, 152.4000000000000057 ) ) ;
#2318 = CARTESIAN_POINT ( 'NONE',  ( 4.953032548119619349, -8.093719460823946221, 152.4000000000000057 ) ) ;
#2319 = ORIENTED_EDGE ( 'NONE', *, *, #1519, .T. ) ;
#2320 = VECTOR ( 'NONE', #1869, 1000.000000000000000 ) ;
#2321 = DIRECTION ( 'NONE',  ( -0.000000000000000000, -0.000000000000000000, -1.000000000000000000 ) ) ;
#2322 = CYLINDRICAL_SURFACE ( 'NONE', #2946, 0.7700916411881577606 ) ;
#2323 = DIRECTION ( 'NONE',  ( -0.000000000000000000, -0.000000000000000000, -1.000000000000000000 ) ) ;
#2324 = EDGE_CURVE ( 'NONE', #978, #1679, #1648, .T. ) ;
#2325 = DIRECTION ( 'NONE',  ( -0.03489949670245408309, -0.9993908270190974275, -1.899960501501997841E-16 ) ) ;
#2326 = ORIENTED_EDGE ( 'NONE', *, *, #700, .T. ) ;
#2327 = PRODUCT_DEFINITION_SHAPE ( 'NONE', 'NONE',  #1757 ) ;
#2328 = EDGE_CURVE ( 'NONE', #930, #1414, #624, .T. ) ;
#2329 = EDGE_LOOP ( 'NONE', ( #2485, #2153, #1513, #1494 ) ) ;
#2330 = CARTESIAN_POINT ( 'NONE',  ( -2.149999999999999911, 0.000000000000000000, 152.4000000000000057 ) ) ;
#2331 = ORIENTED_EDGE ( 'NONE', *, *, #2869, .F. ) ;
#2332 = FACE_OUTER_BOUND ( 'NONE', #1803, .T. ) ;
#2333 = EDGE_CURVE ( 'NONE', #2375, #590, #1954, .T. ) ;
#2334 = VECTOR ( 'NONE', #2973, 1000.000000000000000 ) ;
#2335 = VERTEX_POINT ( 'NONE', #1358 ) ;
#2336 = CYLINDRICAL_SURFACE ( 'NONE', #2620, 2.000000000000000000 ) ;
#2337 = VECTOR ( 'NONE', #771, 1000.000000000000000 ) ;
#2338 = CARTESIAN_POINT ( 'NONE',  ( -6.779559917037221162, -5.524445380431021846, 152.4000000000000057 ) ) ;
#2339 = VECTOR ( 'NONE', #2565, 1000.000000000000114 ) ;
#2340 = DIRECTION ( 'NONE',  ( -1.011922027653137735E-14, -1.000000000000000000, 0.000000000000000000 ) ) ;
#2341 = DIRECTION ( 'NONE',  ( -0.000000000000000000, 3.673940397442061347E-16, -1.000000000000000000 ) ) ;
#2342 = ORIENTED_EDGE ( 'NONE', *, *, #2377, .F. ) ;
#2343 = DIRECTION ( 'NONE',  ( -0.000000000000000000, 3.673940397442061347E-16, -1.000000000000000000 ) ) ;
#2344 = ORIENTED_EDGE ( 'NONE', *, *, #2840, .F. ) ;
#2345 = CARTESIAN_POINT ( 'NONE',  ( -8.319580509282992864, 2.824734234182093573, -152.4000000000000057 ) ) ;
#2346 = CARTESIAN_POINT ( 'NONE',  ( -7.324096938656403211, 4.979908358811783842, 152.4000000000000057 ) ) ;
#2347 = VERTEX_POINT ( 'NONE', #193 ) ;
#2348 = CARTESIAN_POINT ( 'NONE',  ( 3.223565119834125081, 4.478679656440309742, -152.4000000000000057 ) ) ;
#2349 = CARTESIAN_POINT ( 'NONE',  ( -3.223565119834176596, 4.478679656440267998, -152.4000000000000057 ) ) ;
#2350 = DIRECTION ( 'NONE',  ( 1.000000000000000000, 0.000000000000000000, 0.000000000000000000 ) ) ;
#2351 = DIRECTION ( 'NONE',  ( -0.000000000000000000, -0.000000000000000000, -1.000000000000000000 ) ) ;
#2352 = ORIENTED_EDGE ( 'NONE', *, *, #820, .T. ) ;
#2353 = EDGE_CURVE ( 'NONE', #128, #2472, #2098, .T. ) ;
#2354 = EDGE_CURVE ( 'NONE', #2212, #2911, #1583, .T. ) ;
#2355 = CARTESIAN_POINT ( 'NONE',  ( 9.036603836547584478, -3.299999999999870148, -152.4000000000000057 ) ) ;
#2356 = ORIENTED_EDGE ( 'NONE', *, *, #2328, .T. ) ;
#2357 = DIRECTION ( 'NONE',  ( -1.048062100069321005E-14, -1.000000000000000000, 0.000000000000000000 ) ) ;
#2358 = CIRCLE ( 'NONE', #1286, 0.7999999999999990452 ) ;
#2359 = ADVANCED_FACE ( 'NONE', ( #465 ), #448, .T. ) ;
#2360 = DIRECTION ( 'NONE',  ( -1.000000000000000000, 0.000000000000000000, 0.000000000000000000 ) ) ;
#2361 = ORIENTED_EDGE ( 'NONE', *, *, #1395, .T. ) ;
#2362 = AXIS2_PLACEMENT_3D ( 'NONE', #2696, #2709, #614 ) ;
#2363 = FACE_OUTER_BOUND ( 'NONE', #1547, .T. ) ;
#2364 = CARTESIAN_POINT ( 'NONE',  ( -3.599999999999927702, 1.102244776274510896, 152.4000000000000057 ) ) ;
#2365 = VECTOR ( 'NONE', #3006, 1000.000000000000000 ) ;
#2366 = EDGE_CURVE ( 'NONE', #642, #710, #235, .T. ) ;
#2367 = LINE ( 'NONE', #2645, #2379 ) ;
#2368 = CARTESIAN_POINT ( 'NONE',  ( 9.998781654038113587, 7.930201006595090085, -152.4000000000000057 ) ) ;
#2369 = EDGE_LOOP ( 'NONE', ( #1753, #1608, #1008, #627 ) ) ;
#2370 = LINE ( 'NONE', #2982, #992 ) ;
#2371 = CARTESIAN_POINT ( 'NONE',  ( -1.102244776274520666, -3.599999999999888178, -152.4000000000000057 ) ) ;
#2372 = ORIENTED_EDGE ( 'NONE', *, *, #447, .T. ) ;
#2373 = DIRECTION ( 'NONE',  ( 1.836970198721030181E-16, 1.836970198721010952E-16, -1.000000000000000000 ) ) ;
#2374 = VECTOR ( 'NONE', #1324, 1000.000000000000000 ) ;
#2375 = VERTEX_POINT ( 'NONE', #1805 ) ;
#2376 = DIRECTION ( 'NONE',  ( -0.000000000000000000, 3.673940397442061347E-16, -1.000000000000000000 ) ) ;
#2377 = EDGE_CURVE ( 'NONE', #2515, #1133, #2280, .T. ) ;
#2378 = ORIENTED_EDGE ( 'NONE', *, *, #19, .T. ) ;
#2379 = VECTOR ( 'NONE', #261, 1000.000000000000000 ) ;
#2380 = AXIS2_PLACEMENT_3D ( 'NONE', #105, #1956, #1200 ) ;
#2381 = ADVANCED_FACE ( 'NONE', ( #650 ), #669, .F. ) ;
#2382 = CARTESIAN_POINT ( 'NONE',  ( 2.524916986076422454, 8.309110660272217785, 152.4000000000000057 ) ) ;
#2383 = CARTESIAN_POINT ( 'NONE',  ( -2.524916986076432668, 8.309110660272235549, 152.4000000000000057 ) ) ;
#2384 = VECTOR ( 'NONE', #2376, 1000.000000000000000 ) ;
#2385 = DIRECTION ( 'NONE',  ( 0.000000000000000000, 0.000000000000000000, 1.000000000000000000 ) ) ;
#2386 = CARTESIAN_POINT ( 'NONE',  ( -6.599999999999957900, -1.102244776274500460, 152.4000000000000057 ) ) ;
#2387 = ORIENTED_EDGE ( 'NONE', *, *, #1562, .T. ) ;
#2388 = EDGE_CURVE ( 'NONE', #2911, #772, #1600, .T. ) ;
#2389 = AXIS2_PLACEMENT_3D ( 'NONE', #302, #1922, #2628 ) ;
#2390 = DIRECTION ( 'NONE',  ( 0.000000000000000000, -3.673940397442060361E-16, 1.000000000000000000 ) ) ;
#2391 = VERTEX_POINT ( 'NONE', #2522 ) ;
#2392 = CARTESIAN_POINT ( 'NONE',  ( -9.998781654038168654, -7.930201006594965740, -152.4000000000000057 ) ) ;
#2393 = VERTEX_POINT ( 'NONE', #1111 ) ;
#2394 = ORIENTED_EDGE ( 'NONE', *, *, #1744, .T. ) ;
#2395 = DIRECTION ( 'NONE',  ( -1.000000000000000000, 0.000000000000000000, 0.000000000000000000 ) ) ;
#2396 = ORIENTED_EDGE ( 'NONE', *, *, #1856, .T. ) ;
#2397 = EDGE_CURVE ( 'NONE', #457, #590, #684, .T. ) ;
#2398 = CARTESIAN_POINT ( 'NONE',  ( -1.102244776274541094, 3.599999999999917488, 152.4000000000000057 ) ) ;
#2399 = DIRECTION ( 'NONE',  ( -0.000000000000000000, 3.673940397442061347E-16, -1.000000000000000000 ) ) ;
#2400 = DIRECTION ( 'NONE',  ( -1.836970198721030181E-16, -1.836970198721010952E-16, 1.000000000000000000 ) ) ;
#2401 = EDGE_CURVE ( 'NONE', #1556, #642, #1065, .T. ) ;
#2402 = FACE_OUTER_BOUND ( 'NONE', #600, .T. ) ;
#2403 = ORIENTED_EDGE ( 'NONE', *, *, #2204, .F. ) ;
#2404 = DIRECTION ( 'NONE',  ( 3.378929305024671615E-15, 1.000000000000000000, 0.000000000000000000 ) ) ;
#2405 = EDGE_CURVE ( 'NONE', #1589, #2535, #2971, .T. ) ;
#2406 = DIRECTION ( 'NONE',  ( 0.000000000000000000, 1.000000000000000000, 0.000000000000000000 ) ) ;
#2407 = EDGE_LOOP ( 'NONE', ( #1631, #676, #298, #2326 ) ) ;
#2408 = LINE ( 'NONE', #343, #1090 ) ;
#2409 = VECTOR ( 'NONE', #2225, 1000.000000000000114 ) ;
#2410 = AXIS2_PLACEMENT_3D ( 'NONE', #1119, #187, #605 ) ;
#2411 = ORIENTED_EDGE ( 'NONE', *, *, #2147, .F. ) ;
#2412 = CARTESIAN_POINT ( 'NONE',  ( 7.999999999999918288, 7.999999999999984901, -152.4000000000000057 ) ) ;
#2413 = ORIENTED_EDGE ( 'NONE', *, *, #750, .T. ) ;
#2414 = AXIS2_PLACEMENT_3D ( 'NONE', #1174, #1900, #2602 ) ;
#2415 = APPROVAL_PERSON_ORGANIZATION ( #1108, #1113, #2693 ) ;
#2416 = CYLINDRICAL_SURFACE ( 'NONE', #2274, 0.2999999999999999334 ) ;
#2417 = PLANE ( 'NONE',  #2663 ) ;
#2418 = CARTESIAN_POINT ( 'NONE',  ( -4.979908358811888647, -7.324096938656379230, 152.4000000000000057 ) ) ;
#2419 = AXIS2_PLACEMENT_3D ( 'NONE', #1165, #475, #2536 ) ;
#2420 = CARTESIAN_POINT ( 'NONE',  ( 6.599999999999950795, 1.102244776274490690, 152.4000000000000057 ) ) ;
#2421 = EDGE_LOOP ( 'NONE', ( #2214, #2053, #2059, #199 ) ) ;
#2422 = CARTESIAN_POINT ( 'NONE',  ( -8.000000000000030198, -7.999999999999928946, 152.4000000000000057 ) ) ;
#2423 = ADVANCED_FACE ( 'NONE', ( #206 ), #2790, .F. ) ;
#2424 = AXIS2_PLACEMENT_3D ( 'NONE', #1047, #1809, #1034 ) ;
#2425 = FACE_OUTER_BOUND ( 'NONE', #853, .T. ) ;
#2426 = ORIENTED_EDGE ( 'NONE', *, *, #1789, .F. ) ;
#2427 = DIRECTION ( 'NONE',  ( -1.000000000000000000, 0.000000000000000000, 0.000000000000000000 ) ) ;
#2428 = ADVANCED_FACE ( 'NONE', ( #1822 ), #1865, .T. ) ;
#2429 = VERTEX_POINT ( 'NONE', #1629 ) ;
#2430 = VERTEX_POINT ( 'NONE', #476 ) ;
#2431 = DIRECTION ( 'NONE',  ( 1.836970198721030674E-16, 1.836970198721011199E-16, -1.000000000000000000 ) ) ;
#2432 = ORIENTED_EDGE ( 'NONE', *, *, #2465, .F. ) ;
#2433 = ADVANCED_FACE ( 'NONE', ( #2992 ), #2111, .F. ) ;
#2434 = FACE_OUTER_BOUND ( 'NONE', #2925, .T. ) ;
#2435 = DIRECTION ( 'NONE',  ( 0.000000000000000000, 0.000000000000000000, 1.000000000000000000 ) ) ;
#2436 = AXIS2_PLACEMENT_3D ( 'NONE', #2420, #1251, #1023 ) ;
#2437 = CYLINDRICAL_SURFACE ( 'NONE', #811, 0.8000000000000003775 ) ;
#2438 = FACE_OUTER_BOUND ( 'NONE', #1270, .T. ) ;
#2439 = ORIENTED_EDGE ( 'NONE', *, *, #173, .F. ) ;
#2440 = CARTESIAN_POINT ( 'NONE',  ( 9.008684239185626552, -2.500487338384591141, -152.4000000000000057 ) ) ;
#2441 = CARTESIAN_POINT ( 'NONE',  ( -4.979908358811832692, -7.324096938656323275, -152.4000000000000057 ) ) ;
#2442 = EDGE_LOOP ( 'NONE', ( #1273, #984, #671, #761 ) ) ;
#2443 = CIRCLE ( 'NONE', #2576, 0.8000000000000003775 ) ;
#2444 = CARTESIAN_POINT ( 'NONE',  ( 3.599999999999945910, -4.056475864834359358E-14, 152.4000000000000057 ) ) ;
#2445 = ORIENTED_EDGE ( 'NONE', *, *, #205, .T. ) ;
#2446 = EDGE_LOOP ( 'NONE', ( #640, #401, #1086, #2888 ) ) ;
#2447 = CYLINDRICAL_SURFACE ( 'NONE', #2870, 0.2999999999999994893 ) ;
#2448 = ORIENTED_EDGE ( 'NONE', *, *, #2907, .T. ) ;
#2449 = DIRECTION ( 'NONE',  ( 1.836970198721030674E-16, 1.836970198721011199E-16, -1.000000000000000000 ) ) ;
#2450 = FACE_OUTER_BOUND ( 'NONE', #2948, .T. ) ;
#2451 = CARTESIAN_POINT ( 'NONE',  ( -9.836116498162864374, 3.272080402637962848, -152.4000000000000057 ) ) ;
#2452 = ORIENTED_EDGE ( 'NONE', *, *, #2353, .F. ) ;
#2453 = LINE ( 'NONE', #2904, #2409 ) ;
#2454 = EDGE_CURVE ( 'NONE', #1832, #1488, #2763, .T. ) ;
#2455 = ORIENTED_EDGE ( 'NONE', *, *, #2204, .T. ) ;
#2456 = DIRECTION ( 'NONE',  ( -0.000000000000000000, -0.000000000000000000, -1.000000000000000000 ) ) ;
#2457 = EDGE_LOOP ( 'NONE', ( #202, #2953, #637, #2770 ) ) ;
#2458 = LINE ( 'NONE', #2246, #1310 ) ;
#2459 = ORIENTED_EDGE ( 'NONE', *, *, #2895, .T. ) ;
#2460 = AXIS2_PLACEMENT_3D ( 'NONE', #265, #961, #469 ) ;
#2461 = AXIS2_PLACEMENT_3D ( 'NONE', #2586, #2812, #2073 ) ;
#2462 =( GEOMETRIC_REPRESENTATION_CONTEXT ( 3 ) GLOBAL_UNCERTAINTY_ASSIGNED_CONTEXT ( ( #1163 ) ) GLOBAL_UNIT_ASSIGNED_CONTEXT ( ( #521, #2615, #306 ) ) REPRESENTATION_CONTEXT ( 'NONE', 'WORKASPACE' ) );
#2463 = DIRECTION ( 'NONE',  ( -1.000000000000000000, 0.000000000000000000, 0.000000000000000000 ) ) ;
#2464 = DIRECTION ( 'NONE',  ( -0.000000000000000000, -0.000000000000000000, -1.000000000000000000 ) ) ;
#2465 = EDGE_CURVE ( 'NONE', #312, #1011, #2311, .T. ) ;
#2466 = APPROVAL_STATUS ( 'not_yet_approved' ) ;
#2467 = FACE_OUTER_BOUND ( 'NONE', #2136, .T. ) ;
#2468 = ORIENTED_EDGE ( 'NONE', *, *, #2010, .T. ) ;
#2469 = CARTESIAN_POINT ( 'NONE',  ( 2.835204083192895297, -8.019763261177184077, -152.4000000000000057 ) ) ;
#2470 = VECTOR ( 'NONE', #2060, 1000.000000000000000 ) ;
#2471 = AXIS2_PLACEMENT_3D ( 'NONE', #2355, #1588, #1159 ) ;
#2472 = VERTEX_POINT ( 'NONE', #2551 ) ;
#2473 = DIRECTION ( 'NONE',  ( -1.000000000000000000, 0.000000000000000000, 0.000000000000000000 ) ) ;
#2474 = ORIENTED_EDGE ( 'NONE', *, *, #1506, .T. ) ;
#2475 = CARTESIAN_POINT ( 'NONE',  ( 7.930201006595097191, -9.998781654038058520, -152.4000000000000057 ) ) ;
#2476 = DIRECTION ( 'NONE',  ( -1.000000000000000000, 0.000000000000000000, 0.000000000000000000 ) ) ;
#2477 = VECTOR ( 'NONE', #1106, 1000.000000000000000 ) ;
#2478 = PERSON_AND_ORGANIZATION ( #1996, #28 ) ;
#2479 = AXIS2_PLACEMENT_3D ( 'NONE', #536, #725, #2871 ) ;
#2480 = VECTOR ( 'NONE', #2593, 1000.000000000000114 ) ;
#2481 = DIRECTION ( 'NONE',  ( -1.836970198721030181E-16, -1.836970198721010952E-16, 1.000000000000000000 ) ) ;
#2482 = ORIENTED_EDGE ( 'NONE', *, *, #2232, .F. ) ;
#2483 = CARTESIAN_POINT ( 'NONE',  ( -7.930201006595097191, 9.998781654038113587, 152.4000000000000057 ) ) ;
#2484 = AXIS2_PLACEMENT_3D ( 'NONE', #616, #1532, #1714 ) ;
#2485 = ORIENTED_EDGE ( 'NONE', *, *, #1683, .T. ) ;
#2486 = FACE_OUTER_BOUND ( 'NONE', #450, .T. ) ;
#2487 = EDGE_LOOP ( 'NONE', ( #2617, #1751, #1469, #2022 ) ) ;
#2488 = AXIS2_PLACEMENT_3D ( 'NONE', #1154, #11, #2294 ) ;
#2489 = EDGE_CURVE ( 'NONE', #2535, #2347, #2572, .T. ) ;
#2490 = ADVANCED_FACE ( 'NONE', ( #2120 ), #1245, .F. ) ;
#2491 = DIRECTION ( 'NONE',  ( 1.040834085586084257E-14, 1.000000000000000000, 0.000000000000000000 ) ) ;
#2492 = CARTESIAN_POINT ( 'NONE',  ( -5.750000000000001776, 7.324096938656361466, 152.4000000000000057 ) ) ;
#2493 = DATE_AND_TIME ( #2046, #1873 ) ;
#2494 = EDGE_CURVE ( 'NONE', #828, #2074, #2244, .T. ) ;
#2495 = CARTESIAN_POINT ( 'NONE',  ( 7.324096938656403211, -4.979908358811839797, 152.4000000000000057 ) ) ;
#2496 = ORIENTED_EDGE ( 'NONE', *, *, #2305, .F. ) ;
#2497 = CARTESIAN_POINT ( 'NONE',  ( -8.019763261177295988, -2.835204083192838898, 152.4000000000000057 ) ) ;
#2498 = CYLINDRICAL_SURFACE ( 'NONE', #370, 3.000000000000000888 ) ;
#2499 = ORIENTED_EDGE ( 'NONE', *, *, #1815, .F. ) ;
#2500 = DIRECTION ( 'NONE',  ( 2.891205793294679017E-15, 1.000000000000000000, 0.000000000000000000 ) ) ;
#2501 = ORIENTED_EDGE ( 'NONE', *, *, #651, .T. ) ;
#2502 = ORIENTED_EDGE ( 'NONE', *, *, #1018, .F. ) ;
#2503 = CARTESIAN_POINT ( 'NONE',  ( 8.019763261177221381, 2.835204083192895297, -152.4000000000000057 ) ) ;
#2504 = LINE ( 'NONE', #2338, #2365 ) ;
#2505 = SECURITY_CLASSIFICATION ( '', '', #1343 ) ;
#2506 = CARTESIAN_POINT ( 'NONE',  ( -2.824734234182152637, -8.319580509282936021, -152.4000000000000057 ) ) ;
#2507 = DIRECTION ( 'NONE',  ( -1.011922027653137735E-14, -1.000000000000000000, 0.000000000000000000 ) ) ;
#2508 = ORIENTED_EDGE ( 'NONE', *, *, #1175, .T. ) ;
#2509 = CARTESIAN_POINT ( 'NONE',  ( -2.824734234182208592, -8.319580509282991088, 152.4000000000000057 ) ) ;
#2510 = AXIS2_PLACEMENT_3D ( 'NONE', #1348, #1749, #2684 ) ;
#2511 = CARTESIAN_POINT ( 'NONE',  ( -4.478679656440292867, 3.223565119834137516, 152.4000000000000057 ) ) ;
#2512 = ORIENTED_EDGE ( 'NONE', *, *, #631, .F. ) ;
#2513 = AXIS2_PLACEMENT_3D ( 'NONE', #2078, #2563, #1397 ) ;
#2514 = FACE_OUTER_BOUND ( 'NONE', #1305, .T. ) ;
#2515 = VERTEX_POINT ( 'NONE', #285 ) ;
#2516 = EDGE_CURVE ( 'NONE', #357, #404, #1470, .T. ) ;
#2517 = ORIENTED_EDGE ( 'NONE', *, *, #696, .F. ) ;
#2518 = ADVANCED_FACE ( 'NONE', ( #2185 ), #1225, .F. ) ;
#2519 = DIRECTION ( 'NONE',  ( -0.000000000000000000, 3.673940397442061347E-16, -1.000000000000000000 ) ) ;
#2520 = CARTESIAN_POINT ( 'NONE',  ( 7.930201006595082092, 9.998781654038124245, 152.4000000000000057 ) ) ;
#2521 = AXIS2_PLACEMENT_3D ( 'NONE', #2943, #593, #120 ) ;
#2522 = CARTESIAN_POINT ( 'NONE',  ( -8.309110660272255089, 2.524916986076366054, 152.4000000000000057 ) ) ;
#2523 = CARTESIAN_POINT ( 'NONE',  ( 9.008684239185626552, -2.500487338384703051, 152.4000000000000057 ) ) ;
#2524 = ORIENTED_EDGE ( 'NONE', *, *, #746, .F. ) ;
#2525 = DIRECTION ( 'NONE',  ( 1.000000000000000000, 0.000000000000000000, 0.000000000000000000 ) ) ;
#2526 = CIRCLE ( 'NONE', #281, 2.000000000000000000 ) ;
#2527 = CIRCLE ( 'NONE', #1890, 0.3000000000000003775 ) ;
#2528 = CARTESIAN_POINT ( 'NONE',  ( 7.324096938656407652, 4.979908358811790947, 152.4000000000000057 ) ) ;
#2529 = EDGE_LOOP ( 'NONE', ( #2087, #1882, #1957, #826 ) ) ;
#2530 = DIRECTION ( 'NONE',  ( 1.836970198721030181E-16, -1.836970198721036590E-16, 1.000000000000000000 ) ) ;
#2531 = CARTESIAN_POINT ( 'NONE',  ( -7.324096938656442290, -4.979908358811797164, 152.4000000000000057 ) ) ;
#2532 = VERTEX_POINT ( 'NONE', #2863 ) ;
#2533 = VECTOR ( 'NONE', #497, 1000.000000000000114 ) ;
#2534 = CARTESIAN_POINT ( 'NONE',  ( -4.478679656440292867, 3.223565119834137516, 152.4000000000000057 ) ) ;
#2535 = VERTEX_POINT ( 'NONE', #1000 ) ;
#2536 = DIRECTION ( 'NONE',  ( -1.000000000000000000, 0.000000000000000000, 0.000000000000000000 ) ) ;
#2537 = CARTESIAN_POINT ( 'NONE',  ( -3.223565119834177484, 4.478679656440267998, 152.4000000000000057 ) ) ;
#2538 = DIRECTION ( 'NONE',  ( -1.000000000000000000, 0.000000000000000000, 0.000000000000000000 ) ) ;
#2539 = ORIENTED_EDGE ( 'NONE', *, *, #19, .F. ) ;
#2540 = EDGE_CURVE ( 'NONE', #1239, #2654, #1402, .T. ) ;
#2541 = CARTESIAN_POINT ( 'NONE',  ( -4.478679656440330170, -3.223565119834157500, 152.4000000000000057 ) ) ;
#2542 = ORIENTED_EDGE ( 'NONE', *, *, #1063, .T. ) ;
#2543 = DIRECTION ( 'NONE',  ( 0.03489949670245183488, -0.9993908270190974275, -3.671702332218492086E-16 ) ) ;
#2544 = FACE_BOUND ( 'NONE', #1401, .T. ) ;
#2545 = EDGE_LOOP ( 'NONE', ( #1531, #2562, #2215, #309 ) ) ;
#2546 = ADVANCED_FACE ( 'NONE', ( #753 ), #269, .F. ) ;
#2547 = DIRECTION ( 'NONE',  ( -0.000000000000000000, -0.000000000000000000, -1.000000000000000000 ) ) ;
#2548 = CARTESIAN_POINT ( 'NONE',  ( -8.309110660272288840, -2.524916986076373160, 152.4000000000000057 ) ) ;
#2549 = VECTOR ( 'NONE', #1366, 1000.000000000000000 ) ;
#2550 = ADVANCED_FACE ( 'NONE', ( #100 ), #66, .T. ) ;
#2551 = CARTESIAN_POINT ( 'NONE',  ( -9.836116498162843058, -3.272080402637913554, -152.4000000000000057 ) ) ;
#2552 = LINE ( 'NONE', #1400, #1990 ) ;
#2553 = ORIENTED_EDGE ( 'NONE', *, *, #1463, .F. ) ;
#2554 = CIRCLE ( 'NONE', #2942, 0.7700916411881568724 ) ;
#2555 = CARTESIAN_POINT ( 'NONE',  ( -8.309110660272233773, -2.524916986076317205, -152.4000000000000057 ) ) ;
#2556 = ORIENTED_EDGE ( 'NONE', *, *, #2961, .T. ) ;
#2557 = CARTESIAN_POINT ( 'NONE',  ( -7.999999999999974243, -7.999999999999873879, -152.4000000000000057 ) ) ;
#2558 = VECTOR ( 'NONE', #1342, 1000.000000000000000 ) ;
#2559 = ORIENTED_EDGE ( 'NONE', *, *, #693, .F. ) ;
#2560 = AXIS2_PLACEMENT_3D ( 'NONE', #1635, #16, #2131 ) ;
#2561 = DIRECTION ( 'NONE',  ( -0.7071067811865467956, -0.7071067811865483499, 0.000000000000000000 ) ) ;
#2562 = ORIENTED_EDGE ( 'NONE', *, *, #2308, .F. ) ;
#2563 = DIRECTION ( 'NONE',  ( -0.7071067811865443531, -0.7071067811865506814, 0.000000000000000000 ) ) ;
#2564 = APPLICATION_CONTEXT ( 'configuration controlled 3d designs of mechanical parts and assemblies' ) ;
#2565 = DIRECTION ( 'NONE',  ( -0.9993908270190977605, -0.03489949670244136409, -1.899960501501993650E-16 ) ) ;
#2566 = FACE_OUTER_BOUND ( 'NONE', #686, .T. ) ;
#2567 = ORIENTED_EDGE ( 'NONE', *, *, #1598, .T. ) ;
#2568 = CARTESIAN_POINT ( 'NONE',  ( 2.824734234182161963, -8.019580509283025904, 152.4000000000000057 ) ) ;
#2569 = ORIENTED_EDGE ( 'NONE', *, *, #1025, .T. ) ;
#2570 = DIRECTION ( 'NONE',  ( -3.469446951953614189E-15, -1.000000000000000000, 0.000000000000000000 ) ) ;
#2571 = CIRCLE ( 'NONE', #1307, 0.8000000000000003775 ) ;
#2572 = LINE ( 'NONE', #2814, #2725 ) ;
#2573 = ORIENTED_EDGE ( 'NONE', *, *, #1320, .T. ) ;
#2574 = EDGE_CURVE ( 'NONE', #1478, #2004, #1918, .T. ) ;
#2575 = DIRECTION ( 'NONE',  ( -1.029992063861228739E-14, -1.000000000000000000, 0.000000000000000000 ) ) ;
#2576 = AXIS2_PLACEMENT_3D ( 'NONE', #728, #2952, #439 ) ;
#2577 = FACE_OUTER_BOUND ( 'NONE', #1471, .T. ) ;
#2578 = EDGE_CURVE ( 'NONE', #2876, #1764, #1653, .T. ) ;
#2579 = VECTOR ( 'NONE', #2064, 1000.000000000000114 ) ;
#2580 = CARTESIAN_POINT ( 'NONE',  ( 7.930201006595082092, 9.998781654038124245, 152.4000000000000057 ) ) ;
#2581 = DIRECTION ( 'NONE',  ( 1.000000000000000000, 0.000000000000000000, 0.000000000000000000 ) ) ;
#2582 = ORIENTED_EDGE ( 'NONE', *, *, #1947, .F. ) ;
#2583 = EDGE_CURVE ( 'NONE', #2180, #1614, #1357, .T. ) ;
#2584 = LINE ( 'NONE', #2315, #1615 ) ;
#2585 = ORIENTED_EDGE ( 'NONE', *, *, #462, .F. ) ;
#2586 = CARTESIAN_POINT ( 'NONE',  ( -7.324096938656442290, -4.979908358811797164, 152.4000000000000057 ) ) ;
#2587 = EDGE_CURVE ( 'NONE', #870, #1533, #1189, .T. ) ;
#2588 = CARTESIAN_POINT ( 'NONE',  ( 4.478679656440292867, -3.223565119834193471, 152.4000000000000057 ) ) ;
#2589 = EDGE_LOOP ( 'NONE', ( #2508, #1793, #2559, #981 ) ) ;
#2590 = DIRECTION ( 'NONE',  ( 0.000000000000000000, -3.673940397442060361E-16, 1.000000000000000000 ) ) ;
#2591 = CARTESIAN_POINT ( 'NONE',  ( -8.319580509282969771, -2.824734234182046944, -152.4000000000000057 ) ) ;
#2592 = CARTESIAN_POINT ( 'NONE',  ( -7.930201006595151370, -9.998781654038124245, 152.4000000000000057 ) ) ;
#2593 = DIRECTION ( 'NONE',  ( -0.03489949670245408309, -0.9993908270190974275, -1.899960501501997841E-16 ) ) ;
#2594 = ORIENTED_EDGE ( 'NONE', *, *, #293, .F. ) ;
#2595 = DIRECTION ( 'NONE',  ( 0.7071067811865506814, -0.7071067811865443531, -2.597868168706468764E-16 ) ) ;
#2596 = CIRCLE ( 'NONE', #1664, 0.7700916411881568724 ) ;
#2597 = CIRCLE ( 'NONE', #1665, 3.000000000000000000 ) ;
#2598 = EDGE_CURVE ( 'NONE', #1042, #508, #1682, .T. ) ;
#2599 = DIRECTION ( 'NONE',  ( 0.000000000000000000, 1.000000000000000000, 0.000000000000000000 ) ) ;
#2600 = VERTEX_POINT ( 'NONE', #1702 ) ;
#2601 = ORIENTED_EDGE ( 'NONE', *, *, #110, .F. ) ;
#2602 = DIRECTION ( 'NONE',  ( 3.469446951953614189E-15, 1.000000000000000000, 0.000000000000000000 ) ) ;
#2603 = AXIS2_PLACEMENT_3D ( 'NONE', #1219, #795, #810 ) ;
#2604 = EDGE_CURVE ( 'NONE', #2004, #2115, #2630, .T. ) ;
#2605 = EDGE_LOOP ( 'NONE', ( #2276, #2432, #1518, #1289 ) ) ;
#2606 = DIRECTION ( 'NONE',  ( -1.836970198721030181E-16, 1.836970198721036590E-16, -1.000000000000000000 ) ) ;
#2607 = ORIENTED_EDGE ( 'NONE', *, *, #1370, .F. ) ;
#2608 = EDGE_CURVE ( 'NONE', #1352, #2298, #709, .T. ) ;
#2609 = CARTESIAN_POINT ( 'NONE',  ( 8.309110660272255089, -2.524916986076421566, 152.4000000000000057 ) ) ;
#2610 = DIRECTION ( 'NONE',  ( -0.03489949670245177243, 0.9993908270190975385, 0.000000000000000000 ) ) ;
#2611 = CIRCLE ( 'NONE', #1294, 0.7999999999999990452 ) ;
#2612 = CYLINDRICAL_SURFACE ( 'NONE', #2092, 0.7999999999999990452 ) ;
#2613 = CARTESIAN_POINT ( 'NONE',  ( 2.835204083192885527, 8.019763261177224933, 152.4000000000000057 ) ) ;
#2614 = ORIENTED_EDGE ( 'NONE', *, *, #2388, .F. ) ;
#2615 =( NAMED_UNIT ( * ) PLANE_ANGLE_UNIT ( ) SI_UNIT ( $, .RADIAN. ) );
#2616 = DIRECTION ( 'NONE',  ( -1.836970198721030674E-16, 1.836970198721037083E-16, -1.000000000000000000 ) ) ;
#2617 = ORIENTED_EDGE ( 'NONE', *, *, #2039, .F. ) ;
#2618 = CARTESIAN_POINT ( 'NONE',  ( 8.019763261177262237, -2.835204083192773616, -152.4000000000000057 ) ) ;
#2619 = ADVANCED_FACE ( 'NONE', ( #2622 ), #2154, .F. ) ;
#2620 = AXIS2_PLACEMENT_3D ( 'NONE', #2850, #2123, #1876 ) ;
#2621 = ORIENTED_EDGE ( 'NONE', *, *, #2293, .T. ) ;
#2622 = FACE_OUTER_BOUND ( 'NONE', #1636, .T. ) ;
#2623 = ORIENTED_EDGE ( 'NONE', *, *, #606, .F. ) ;
#2624 = AXIS2_PLACEMENT_3D ( 'NONE', #352, #2249, #1048 ) ;
#2625 = EDGE_CURVE ( 'NONE', #1350, #1899, #2800, .T. ) ;
#2626 = AXIS2_PLACEMENT_3D ( 'NONE', #1301, #155, #356 ) ;
#2627 = CARTESIAN_POINT ( 'NONE',  ( 9.008684239185640763, 2.500487338384662639, 152.4000000000000057 ) ) ;
#2628 = DIRECTION ( 'NONE',  ( 1.040834085586083941E-14, 1.000000000000000000, 0.000000000000000000 ) ) ;
#2629 = EDGE_CURVE ( 'NONE', #869, #2347, #2096, .T. ) ;
#2630 = CIRCLE ( 'NONE', #1208, 3.000000000000000888 ) ;
#2631 = CARTESIAN_POINT ( 'NONE',  ( 4.478679656440292867, -3.223565119834081560, -152.4000000000000057 ) ) ;
#2632 = DIRECTION ( 'NONE',  ( 0.7071067811865472397, -0.7071067811865479058, -2.597868168706485527E-16 ) ) ;
#2633 = ORIENTED_EDGE ( 'NONE', *, *, #2845, .T. ) ;
#2634 = CYLINDRICAL_SURFACE ( 'NONE', #1381, 2.000000000000000000 ) ;
#2635 = DIRECTION ( 'NONE',  ( -1.836970198721030181E-16, 1.836970198721036590E-16, -1.000000000000000000 ) ) ;
#2636 = ORIENTED_EDGE ( 'NONE', *, *, #2034, .T. ) ;
#2637 = LINE ( 'NONE', #2844, #2017 ) ;
#2638 = ORIENTED_EDGE ( 'NONE', *, *, #1002, .T. ) ;
#2639 = ORIENTED_EDGE ( 'NONE', *, *, #424, .F. ) ;
#2640 = CARTESIAN_POINT ( 'NONE',  ( 9.836116498162864374, -3.272080402638018803, 152.4000000000000057 ) ) ;
#2641 = ORIENTED_EDGE ( 'NONE', *, *, #1462, .F. ) ;
#2642 = CARTESIAN_POINT ( 'NONE',  ( -2.835204083192895297, 8.019763261177239144, 152.4000000000000057 ) ) ;
#2643 = CARTESIAN_POINT ( 'NONE',  ( 7.324096938656407652, 4.979908358811790947, 152.4000000000000057 ) ) ;
#2644 = EDGE_CURVE ( 'NONE', #170, #828, #2923, .T. ) ;
#2645 = CARTESIAN_POINT ( 'NONE',  ( -2.149999999999999911, 0.000000000000000000, 152.4000000000000057 ) ) ;
#2646 = CYLINDRICAL_SURFACE ( 'NONE', #2436, 3.000000000000000888 ) ;
#2647 = ADVANCED_FACE ( 'NONE', ( #161 ), #394, .F. ) ;
#2648 = VERTEX_POINT ( 'NONE', #2008 ) ;
#2649 = CARTESIAN_POINT ( 'NONE',  ( 7.999999999999918288, 7.999999999999984901, -152.4000000000000057 ) ) ;
#2650 = CARTESIAN_POINT ( 'NONE',  ( -3.272080402638045005, 9.836116498162835953, 152.4000000000000057 ) ) ;
#2651 = ORIENTED_EDGE ( 'NONE', *, *, #890, .F. ) ;
#2652 = DIRECTION ( 'NONE',  ( 0.000000000000000000, 0.000000000000000000, 1.000000000000000000 ) ) ;
#2653 = ORIENTED_EDGE ( 'NONE', *, *, #2689, .F. ) ;
#2654 = VERTEX_POINT ( 'NONE', #347 ) ;
#2655 = CYLINDRICAL_SURFACE ( 'NONE', #1599, 0.8000000000000003775 ) ;
#2656 = EDGE_LOOP ( 'NONE', ( #98, #2439, #573, #542 ) ) ;
#2657 = VECTOR ( 'NONE', #2151, 1000.000000000000000 ) ;
#2658 = VECTOR ( 'NONE', #2666, 1000.000000000000000 ) ;
#2659 = DIRECTION ( 'NONE',  ( 0.9993908270190977605, 0.03489949670244130164, 1.899960501501993650E-16 ) ) ;
#2660 = CARTESIAN_POINT ( 'NONE',  ( -6.779559917037181194, 5.524445380431009411, 152.4000000000000057 ) ) ;
#2661 = VECTOR ( 'NONE', #1586, 1000.000000000000000 ) ;
#2662 = CARTESIAN_POINT ( 'NONE',  ( 8.309110660272255089, -2.524916986076421566, 152.4000000000000057 ) ) ;
#2663 = AXIS2_PLACEMENT_3D ( 'NONE', #2851, #1180, #1229 ) ;
#2664 = CARTESIAN_POINT ( 'NONE',  ( -3.223565119834177484, 4.478679656440267998, 152.4000000000000057 ) ) ;
#2665 = ORIENTED_EDGE ( 'NONE', *, *, #994, .T. ) ;
#2666 = DIRECTION ( 'NONE',  ( -1.836970198721030674E-16, 1.836970198721037083E-16, -1.000000000000000000 ) ) ;
#2667 = AXIS2_PLACEMENT_3D ( 'NONE', #2528, #2794, #1186 ) ;
#2668 = CARTESIAN_POINT ( 'NONE',  ( -3.299999999999999822, 9.036603836547559609, -152.4000000000000057 ) ) ;
#2669 = VERTEX_POINT ( 'NONE', #1074 ) ;
#2670 = CARTESIAN_POINT ( 'NONE',  ( -7.324096938656385447, -4.979908358811740321, -152.4000000000000057 ) ) ;
#2671 = ORIENTED_EDGE ( 'NONE', *, *, #256, .T. ) ;
#2672 = DIRECTION ( 'NONE',  ( -0.03489949670245569985, 0.9993908270190974275, 0.000000000000000000 ) ) ;
#2673 = ORIENTED_EDGE ( 'NONE', *, *, #21, .T. ) ;
#2674 = CARTESIAN_POINT ( 'NONE',  ( -9.999999999999973355, -7.999999999999901412, -152.4000000000000057 ) ) ;
#2675 = AXIS2_PLACEMENT_3D ( 'NONE', #236, #1584, #1630 ) ;
#2676 = EDGE_CURVE ( 'NONE', #1293, #1104, #1752, .T. ) ;
#2677 = DIRECTION ( 'NONE',  ( -0.03489949670244521518, 0.9993908270190976495, 1.771741830716472552E-16 ) ) ;
#2678 = FACE_OUTER_BOUND ( 'NONE', #2301, .T. ) ;
#2679 = ORIENTED_EDGE ( 'NONE', *, *, #890, .T. ) ;
#2680 = DIRECTION ( 'NONE',  ( -1.000000000000000000, 0.000000000000000000, 0.000000000000000000 ) ) ;
#2681 = DIRECTION ( 'NONE',  ( 0.000000000000000000, -3.673940397442060361E-16, 1.000000000000000000 ) ) ;
#2682 = ORIENTED_EDGE ( 'NONE', *, *, #1627, .T. ) ;
#2683 = AXIS2_PLACEMENT_3D ( 'NONE', #257, #36, #2168 ) ;
#2684 = DIRECTION ( 'NONE',  ( -1.048062100069320690E-14, -1.000000000000000000, 0.000000000000000000 ) ) ;
#2685 = ORIENTED_EDGE ( 'NONE', *, *, #134, .T. ) ;
#2686 = LINE ( 'NONE', #803, #1801 ) ;
#2687 = CARTESIAN_POINT ( 'NONE',  ( -3.223565119834212123, -4.478679656440287538, 152.4000000000000057 ) ) ;
#2688 = ADVANCED_FACE ( 'NONE', ( #1517 ), #1292, .T. ) ;
#2689 = EDGE_CURVE ( 'NONE', #1589, #869, #2686, .T. ) ;
#2690 = FACE_OUTER_BOUND ( 'NONE', #1874, .T. ) ;
#2691 = CARTESIAN_POINT ( 'NONE',  ( -9.036603836547584478, 3.299999999999926104, 152.4000000000000057 ) ) ;
#2692 = ORIENTED_EDGE ( 'NONE', *, *, #2454, .T. ) ;
#2693 = APPROVAL_ROLE ( '' ) ;
#2694 = LINE ( 'NONE', #1512, #1279 ) ;
#2695 = VERTEX_POINT ( 'NONE', #829 ) ;
#2696 = CARTESIAN_POINT ( 'NONE',  ( -3.300000000000048672, -9.036603836547579149, 152.4000000000000057 ) ) ;
#2697 = EDGE_CURVE ( 'NONE', #2113, #1239, #787, .T. ) ;
#2698 = ORIENTED_EDGE ( 'NONE', *, *, #256, .F. ) ;
#2699 = CYLINDRICAL_SURFACE ( 'NONE', #1017, 0.7700916411881568724 ) ;
#2700 = CARTESIAN_POINT ( 'NONE',  ( -7.999999999999984901, 7.999999999999918288, 152.4000000000000057 ) ) ;
#2701 = EDGE_CURVE ( 'NONE', #978, #258, #2458, .T. ) ;
#2702 = AXIS2_PLACEMENT_3D ( 'NONE', #719, #1379, #2570 ) ;
#2703 = AXIS2_PLACEMENT_3D ( 'NONE', #2772, #677, #1253 ) ;
#2704 = DIRECTION ( 'NONE',  ( -1.836970198721030674E-16, 1.836970198721037083E-16, -1.000000000000000000 ) ) ;
#2705 = CARTESIAN_POINT ( 'NONE',  ( -3.223565119834212123, -4.478679656440287538, 152.4000000000000057 ) ) ;
#2706 = PERSON_AND_ORGANIZATION ( #1996, #28 ) ;
#2707 = LINE ( 'NONE', #612, #2960 ) ;
#2708 = ORIENTED_EDGE ( 'NONE', *, *, #1287, .F. ) ;
#2709 = DIRECTION ( 'NONE',  ( 1.836970198721030674E-16, 1.836970198721011199E-16, -1.000000000000000000 ) ) ;
#2710 = CIRCLE ( 'NONE', #755, 0.2999999999999999334 ) ;
#2711 = ADVANCED_FACE ( 'NONE', ( #2486 ), #1503, .F. ) ;
#2712 = ORIENTED_EDGE ( 'NONE', *, *, #1370, .T. ) ;
#2713 = DIRECTION ( 'NONE',  ( 0.9993908270190976495, -0.03489949670244697072, -1.899960501502004744E-16 ) ) ;
#2714 = EDGE_LOOP ( 'NONE', ( #2455, #50, #2229, #2692 ) ) ;
#2715 = EDGE_CURVE ( 'NONE', #346, #2430, #1322, .T. ) ;
#2716 = ADVANCED_FACE ( 'NONE', ( #115 ), #2655, .T. ) ;
#2717 = DIRECTION ( 'NONE',  ( -1.836970198721030181E-16, -1.836970198721010952E-16, 1.000000000000000000 ) ) ;
#2718 = LINE ( 'NONE', #2250, #192 ) ;
#2719 = AXIS2_PLACEMENT_3D ( 'NONE', #2258, #2321, #2988 ) ;
#2720 = ADVANCED_FACE ( 'NONE', ( #562 ), #2447, .T. ) ;
#2721 = APPLICATION_CONTEXT ( 'configuration controlled 3d designs of mechanical parts and assemblies' ) ;
#2722 = CYLINDRICAL_SURFACE ( 'NONE', #2011, 0.7700916411881568724 ) ;
#2723 = ORIENTED_EDGE ( 'NONE', *, *, #954, .T. ) ;
#2724 = DIRECTION ( 'NONE',  ( -0.000000000000000000, -0.000000000000000000, -1.000000000000000000 ) ) ;
#2725 = VECTOR ( 'NONE', #86, 1000.000000000000000 ) ;
#2726 = LINE ( 'NONE', #1796, #1883 ) ;
#2727 = ORIENTED_EDGE ( 'NONE', *, *, #1403, .F. ) ;
#2728 = CARTESIAN_POINT ( 'NONE',  ( 7.999999999999974243, 7.999999999999928946, 152.4000000000000057 ) ) ;
#2729 = ORIENTED_EDGE ( 'NONE', *, *, #2941, .F. ) ;
#2730 = AXIS2_PLACEMENT_3D ( 'NONE', #2976, #1385, #2081 ) ;
#2731 = CARTESIAN_POINT ( 'NONE',  ( -4.979908358811845126, 7.324096938656361466, -152.4000000000000057 ) ) ;
#2732 = CARTESIAN_POINT ( 'NONE',  ( 4.478679656440307966, 3.223565119834133519, 152.4000000000000057 ) ) ;
#2733 = CALENDAR_DATE ( 2026, 18, 1 ) ;
#2734 = EDGE_CURVE ( 'NONE', #2257, #128, #2202, .T. ) ;
#2735 = CARTESIAN_POINT ( 'NONE',  ( -2.835204083192895297, 8.019763261177239144, -152.4000000000000057 ) ) ;
#2736 = DIRECTION ( 'NONE',  ( -0.000000000000000000, 3.673940397442061347E-16, -1.000000000000000000 ) ) ;
#2737 = ORIENTED_EDGE ( 'NONE', *, *, #2079, .F. ) ;
#2738 = DIRECTION ( 'NONE',  ( 0.9993908270190977605, -0.03489949670244361923, -1.282186707855035804E-17 ) ) ;
#2739 = DIRECTION ( 'NONE',  ( -1.836970198721030674E-16, 1.836970198721037083E-16, -1.000000000000000000 ) ) ;
#2740 = ORIENTED_EDGE ( 'NONE', *, *, #768, .T. ) ;
#2741 = CYLINDRICAL_SURFACE ( 'NONE', #2068, 0.7999999999999994893 ) ;
#2742 = VERTEX_POINT ( 'NONE', #1032 ) ;
#2743 = ORIENTED_EDGE ( 'NONE', *, *, #2762, .T. ) ;
#2744 = CARTESIAN_POINT ( 'NONE',  ( 3.223565119834177484, -4.478679656440323065, 152.4000000000000057 ) ) ;
#2745 = EDGE_LOOP ( 'NONE', ( #426, #208, #680, #1575 ) ) ;
#2746 = CARTESIAN_POINT ( 'NONE',  ( 5.524445380431060926, 6.779559917037134120, 152.4000000000000057 ) ) ;
#2747 = AXIS2_PLACEMENT_3D ( 'NONE', #1495, #1695, #2404 ) ;
#2748 = DIRECTION ( 'NONE',  ( -1.836970198721030674E-16, 1.836970198721037083E-16, -1.000000000000000000 ) ) ;
#2749 = LINE ( 'NONE', #911, #714 ) ;
#2750 = EDGE_LOOP ( 'NONE', ( #442, #646, #146, #434 ) ) ;
#2751 = LINE ( 'NONE', #2283, #2661 ) ;
#2752 = CIRCLE ( 'NONE', #2510, 3.000000000000000888 ) ;
#2753 = LINE ( 'NONE', #2783, #24 ) ;
#2754 = ORIENTED_EDGE ( 'NONE', *, *, #778, .F. ) ;
#2755 = VECTOR ( 'NONE', #2278, 1000.000000000000000 ) ;
#2756 = CARTESIAN_POINT ( 'NONE',  ( -4.478679656440330170, -3.223565119834158388, 152.4000000000000057 ) ) ;
#2757 = CARTESIAN_POINT ( 'NONE',  ( 8.309110660272272852, 2.524916986076375824, 152.4000000000000057 ) ) ;
#2758 = ORIENTED_EDGE ( 'NONE', *, *, #2042, .T. ) ;
#2759 = DIRECTION ( 'NONE',  ( -1.000000000000000000, 0.000000000000000000, 0.000000000000000000 ) ) ;
#2760 = CARTESIAN_POINT ( 'NONE',  ( -2.500487338384722147, 9.008684239185605236, 152.4000000000000057 ) ) ;
#2761 = VECTOR ( 'NONE', #632, 1000.000000000000114 ) ;
#2762 = EDGE_CURVE ( 'NONE', #2989, #2429, #375, .T. ) ;
#2763 = LINE ( 'NONE', #2537, #2874 ) ;
#2764 = DIRECTION ( 'NONE',  ( 0.03489949670244528457, 0.9993908270190977605, -0.000000000000000000 ) ) ;
#2765 = ORIENTED_EDGE ( 'NONE', *, *, #2388, .T. ) ;
#2766 = AXIS2_PLACEMENT_3D ( 'NONE', #758, #2400, #1231 ) ;
#2767 = AXIS2_PLACEMENT_3D ( 'NONE', #2884, #1445, #1673 ) ;
#2768 = ORIENTED_EDGE ( 'NONE', *, *, #1744, .F. ) ;
#2769 = DIRECTION ( 'NONE',  ( -0.000000000000000000, 3.673940397442061347E-16, -1.000000000000000000 ) ) ;
#2770 = ORIENTED_EDGE ( 'NONE', *, *, #1109, .T. ) ;
#2771 = ORIENTED_EDGE ( 'NONE', *, *, #634, .T. ) ;
#2772 = CARTESIAN_POINT ( 'NONE',  ( -6.599999999999927702, 1.102244776274487803, -152.4000000000000057 ) ) ;
#2773 = CARTESIAN_POINT ( 'NONE',  ( 4.478679656440307966, 3.223565119834134407, 152.4000000000000057 ) ) ;
#2774 = CIRCLE ( 'NONE', #1994, 0.2999999999999999334 ) ;
#2775 = ORIENTED_EDGE ( 'NONE', *, *, #2489, .T. ) ;
#2776 = AXIS2_PLACEMENT_3D ( 'NONE', #2099, #1345, #1853 ) ;
#2777 = ADVANCED_FACE ( 'NONE', ( #1997 ), #2699, .F. ) ;
#2778 = CARTESIAN_POINT ( 'NONE',  ( 7.324096938656378342, 5.750000000000004441, -152.4000000000000057 ) ) ;
#2779 = LINE ( 'NONE', #1122, #1046 ) ;
#2780 = CARTESIAN_POINT ( 'NONE',  ( -4.953032548119619349, 8.093719460823889378, 152.4000000000000057 ) ) ;
#2781 = FACE_OUTER_BOUND ( 'NONE', #2103, .T. ) ;
#2782 = ORIENTED_EDGE ( 'NONE', *, *, #2818, .F. ) ;
#2783 = CARTESIAN_POINT ( 'NONE',  ( -2.524916986076480629, -8.309110660272256865, 152.4000000000000057 ) ) ;
#2784 = ORIENTED_EDGE ( 'NONE', *, *, #2715, .T. ) ;
#2785 = DIRECTION ( 'NONE',  ( 1.000000000000000000, 0.000000000000000000, -0.000000000000000000 ) ) ;
#2786 = ORIENTED_EDGE ( 'NONE', *, *, #693, .T. ) ;
#2787 = FACE_OUTER_BOUND ( 'NONE', #2446, .T. ) ;
#2788 = CARTESIAN_POINT ( 'NONE',  ( -8.093719460823969314, -4.953032548119563394, 152.4000000000000057 ) ) ;
#2789 = CIRCLE ( 'NONE', #1227, 0.7700916411881568724 ) ;
#2790 = CYLINDRICAL_SURFACE ( 'NONE', #245, 3.000000000000000888 ) ;
#2791 = LINE ( 'NONE', #223, #2239 ) ;
#2792 = ORIENTED_EDGE ( 'NONE', *, *, #980, .F. ) ;
#2793 = CIRCLE ( 'NONE', #1234, 0.7700916411881568724 ) ;
#2794 = DIRECTION ( 'NONE',  ( -1.836970198721030674E-16, 1.836970198721037083E-16, -1.000000000000000000 ) ) ;
#2795 = ORIENTED_EDGE ( 'NONE', *, *, #998, .T. ) ;
#2796 = DIRECTION ( 'NONE',  ( -0.000000000000000000, -0.000000000000000000, -1.000000000000000000 ) ) ;
#2797 = CIRCLE ( 'NONE', #561, 2.000000000000000000 ) ;
#2798 = EDGE_CURVE ( 'NONE', #2375, #870, #2774, .T. ) ;
#2799 = CIRCLE ( 'NONE', #2125, 0.7700916411881560952 ) ;
#2800 = LINE ( 'NONE', #1408, #2966 ) ;
#2801 = VERTEX_POINT ( 'NONE', #2969 ) ;
#2802 = ADVANCED_FACE ( 'NONE', ( #505 ), #628, .T. ) ;
#2803 = VECTOR ( 'NONE', #547, 1000.000000000000000 ) ;
#2804 = CARTESIAN_POINT ( 'NONE',  ( -2.824734234182161963, 8.319580509282967995, -152.4000000000000057 ) ) ;
#2805 = CYLINDRICAL_SURFACE ( 'NONE', #8, 2.149999999999999911 ) ;
#2806 = EDGE_CURVE ( 'NONE', #702, #1867, #2088, .T. ) ;
#2807 = LINE ( 'NONE', #2173, #1152 ) ;
#2808 = DIRECTION ( 'NONE',  ( 1.836970198721030674E-16, 1.836970198721011199E-16, -1.000000000000000000 ) ) ;
#2809 = ORIENTED_EDGE ( 'NONE', *, *, #2405, .F. ) ;
#2810 = CYLINDRICAL_SURFACE ( 'NONE', #2667, 0.7700916411881568724 ) ;
#2811 = ORIENTED_EDGE ( 'NONE', *, *, #2324, .T. ) ;
#2812 = DIRECTION ( 'NONE',  ( 1.836970198721030181E-16, 1.836970198721010952E-16, -1.000000000000000000 ) ) ;
#2813 = AXIS2_PLACEMENT_3D ( 'NONE', #262, #2632, #58 ) ;
#2814 = CARTESIAN_POINT ( 'NONE',  ( 8.093719460823933787, 4.953032548119562506, 152.4000000000000057 ) ) ;
#2815 = EDGE_LOOP ( 'NONE', ( #2255, #2167, #123, #2784 ) ) ;
#2816 = DIRECTION ( 'NONE',  ( 7.082143467515321363E-15, -1.000000000000000000, -0.000000000000000000 ) ) ;
#2817 = DIRECTION ( 'NONE',  ( -1.836970198721030674E-16, 1.836970198721037083E-16, -1.000000000000000000 ) ) ;
#2818 = EDGE_CURVE ( 'NONE', #2825, #3003, #2443, .T. ) ;
#2819 = LINE ( 'NONE', #1880, #1848 ) ;
#2820 = DIRECTION ( 'NONE',  ( 1.836970198721030674E-16, 1.836970198721011199E-16, -1.000000000000000000 ) ) ;
#2821 = VERTEX_POINT ( 'NONE', #4 ) ;
#2822 = CARTESIAN_POINT ( 'NONE',  ( 3.299999999999999822, -9.036603836547616453, 152.4000000000000057 ) ) ;
#2823 = ADVANCED_FACE ( 'NONE', ( #959 ), #868, .T. ) ;
#2824 = DIRECTION ( 'NONE',  ( -0.000000000000000000, 3.673940397442061347E-16, -1.000000000000000000 ) ) ;
#2825 = VERTEX_POINT ( 'NONE', #1145 ) ;
#2826 = LINE ( 'NONE', #785, #936 ) ;
#2827 = EDGE_CURVE ( 'NONE', #1725, #2862, #1378, .T. ) ;
#2828 = VERTEX_POINT ( 'NONE', #200 ) ;
#2829 = EDGE_CURVE ( 'NONE', #1897, #348, #2302, .T. ) ;
#2830 = DIRECTION ( 'NONE',  ( 1.000000000000000000, 7.869048297239250561E-16, 2.891041442864994033E-31 ) ) ;
#2831 = ORIENTED_EDGE ( 'NONE', *, *, #443, .F. ) ;
#2832 = EDGE_CURVE ( 'NONE', #1925, #585, #1646, .T. ) ;
#2833 = LINE ( 'NONE', #739, #2950 ) ;
#2834 = PLANE ( 'NONE',  #915 ) ;
#2835 = CARTESIAN_POINT ( 'NONE',  ( 8.309110660272255089, -2.524916986076310099, -152.4000000000000057 ) ) ;
#2836 = CARTESIAN_POINT ( 'NONE',  ( 8.319580509283007075, 2.824734234182105119, 152.4000000000000057 ) ) ;
#2837 = ORIENTED_EDGE ( 'NONE', *, *, #1519, .F. ) ;
#2838 = DIRECTION ( 'NONE',  ( 1.836970198721030181E-16, 1.836970198721010952E-16, -1.000000000000000000 ) ) ;
#2839 = VECTOR ( 'NONE', #2875, 1000.000000000000000 ) ;
#2840 = EDGE_CURVE ( 'NONE', #1668, #2873, #854, .T. ) ;
#2841 = AXIS2_PLACEMENT_3D ( 'NONE', #1392, #678, #455 ) ;
#2842 = CARTESIAN_POINT ( 'NONE',  ( -2.524916986076432668, 8.309110660272235549, 152.4000000000000057 ) ) ;
#2843 = ORIENTED_EDGE ( 'NONE', *, *, #1170, .T. ) ;
#2844 = CARTESIAN_POINT ( 'NONE',  ( -9.998781654038179312, 7.930201006595019031, 152.4000000000000057 ) ) ;
#2845 = EDGE_CURVE ( 'NONE', #2020, #270, #1590, .T. ) ;
#2846 = CC_DESIGN_SECURITY_CLASSIFICATION ( #2505, ( #131 ) ) ;
#2847 = ORIENTED_EDGE ( 'NONE', *, *, #2270, .T. ) ;
#2848 = DIRECTION ( 'NONE',  ( 1.836970198721030181E-16, -1.836970198721036590E-16, 1.000000000000000000 ) ) ;
#2849 = ORIENTED_EDGE ( 'NONE', *, *, #1540, .F. ) ;
#2850 = CARTESIAN_POINT ( 'NONE',  ( -8.000000000000030198, -7.999999999999928946, 152.4000000000000057 ) ) ;
#2851 = CARTESIAN_POINT ( 'NONE',  ( 8.019763261177276448, 2.835204083192839342, 152.4000000000000057 ) ) ;
#2852 = AXIS2_PLACEMENT_3D ( 'NONE', #581, #2205, #118 ) ;
#2853 = CARTESIAN_POINT ( 'NONE',  ( 1.102244776274541760, -6.599999999999861977, -152.4000000000000057 ) ) ;
#2854 = PLANE ( 'NONE',  #1153 ) ;
#2855 = ORIENTED_EDGE ( 'NONE', *, *, #2172, .T. ) ;
#2856 = LINE ( 'NONE', #2195, #2220 ) ;
#2857 = DIRECTION ( 'NONE',  ( 1.000000000000000000, 0.000000000000000000, 0.000000000000000000 ) ) ;
#2858 = ORIENTED_EDGE ( 'NONE', *, *, #1553, .T. ) ;
#2859 = ORIENTED_EDGE ( 'NONE', *, *, #2135, .T. ) ;
#2860 = DIRECTION ( 'NONE',  ( 2.704576509119208496E-15, 1.000000000000000000, 1.836970198721031660E-16 ) ) ;
#2861 = AXIS2_PLACEMENT_3D ( 'NONE', #2170, #1655, #2575 ) ;
#2862 = VERTEX_POINT ( 'NONE', #425 ) ;
#2863 = CARTESIAN_POINT ( 'NONE',  ( 2.824734234182161963, -8.019580509282912217, -152.4000000000000057 ) ) ;
#2864 = ADVANCED_FACE ( 'NONE', ( #2514 ), #1560, .F. ) ;
#2865 = ORIENTED_EDGE ( 'NONE', *, *, #1202, .F. ) ;
#2866 = ADVANCED_FACE ( 'NONE', ( #212 ), #2741, .T. ) ;
#2867 = LINE ( 'NONE', #2382, #1834 ) ;
#2868 = LINE ( 'NONE', #777, #35 ) ;
#2869 = EDGE_CURVE ( 'NONE', #2669, #1855, #2370, .T. ) ;
#2870 = AXIS2_PLACEMENT_3D ( 'NONE', #2256, #1768, #1487 ) ;
#2871 = DIRECTION ( 'NONE',  ( 1.000000000000000000, 0.000000000000000000, 0.000000000000000000 ) ) ;
#2872 = DIRECTION ( 'NONE',  ( -5.782411586589349356E-15, -1.000000000000000000, 0.000000000000000000 ) ) ;
#2873 = VERTEX_POINT ( 'NONE', #883 ) ;
#2874 = VECTOR ( 'NONE', #1371, 1000.000000000000000 ) ;
#2875 = DIRECTION ( 'NONE',  ( -0.000000000000000000, 3.673940397442061347E-16, -1.000000000000000000 ) ) ;
#2876 = VERTEX_POINT ( 'NONE', #1829 ) ;
#2877 = CARTESIAN_POINT ( 'NONE',  ( 0.000000000000000000, 3.599999999999918376, -152.4000000000000057 ) ) ;
#2878 = VERTEX_POINT ( 'NONE', #2756 ) ;
#2879 = CARTESIAN_POINT ( 'NONE',  ( -3.272080402638093855, -9.836116498162857269, 152.4000000000000057 ) ) ;
#2880 = ORIENTED_EDGE ( 'NONE', *, *, #2039, .T. ) ;
#2881 = DIRECTION ( 'NONE',  ( -1.000000000000000000, 0.000000000000000000, 0.000000000000000000 ) ) ;
#2882 = CARTESIAN_POINT ( 'NONE',  ( 2.524916986076422454, 8.309110660272217785, 152.4000000000000057 ) ) ;
#2883 = CARTESIAN_POINT ( 'NONE',  ( 3.599999999999890399, 1.542609300867360456E-14, -152.4000000000000057 ) ) ;
#2884 = CARTESIAN_POINT ( 'NONE',  ( 0.000000000000000000, -3.599999999999974332, 152.4000000000000057 ) ) ;
#2885 = EDGE_LOOP ( 'NONE', ( #2426, #332, #1697, #653 ) ) ;
#2886 = CARTESIAN_POINT ( 'NONE',  ( -9.036603836547621782, -3.299999999999933209, 152.4000000000000057 ) ) ;
#2887 = CARTESIAN_POINT ( 'NONE',  ( -5.524445380431052044, -6.779559917037095929, -152.4000000000000057 ) ) ;
#2888 = ORIENTED_EDGE ( 'NONE', *, *, #1283, .T. ) ;
#2889 = FACE_OUTER_BOUND ( 'NONE', #2545, .T. ) ;
#2890 = ORIENTED_EDGE ( 'NONE', *, *, #209, .T. ) ;
#2891 = VERTEX_POINT ( 'NONE', #660 ) ;
#2892 = DIRECTION ( 'NONE',  ( 0.000000000000000000, 1.000000000000000000, 0.000000000000000000 ) ) ;
#2893 = VERTEX_POINT ( 'NONE', #1131 ) ;
#2894 = EDGE_CURVE ( 'NONE', #765, #1542, #2072, .T. ) ;
#2895 = EDGE_CURVE ( 'NONE', #1735, #211, #698, .T. ) ;
#2896 = CARTESIAN_POINT ( 'NONE',  ( -8.319580509283024838, -2.824734234182102899, 152.4000000000000057 ) ) ;
#2897 = AXIS2_PLACEMENT_3D ( 'NONE', #1514, #2456, #358 ) ;
#2898 = CARTESIAN_POINT ( 'NONE',  ( -2.524916986076432668, 8.309110660272235549, -152.4000000000000057 ) ) ;
#2899 = EDGE_CURVE ( 'NONE', #673, #2989, #408, .T. ) ;
#2900 = AXIS2_PLACEMENT_3D ( 'NONE', #620, #353, #2235 ) ;
#2901 = CARTESIAN_POINT ( 'NONE',  ( -2.500487338384722147, 9.008684239185605236, 152.4000000000000057 ) ) ;
#2902 = ORIENTED_EDGE ( 'NONE', *, *, #2986, .T. ) ;
#2903 = DIRECTION ( 'NONE',  ( -1.836970198721030181E-16, -1.836970198721010952E-16, 1.000000000000000000 ) ) ;
#2904 = CARTESIAN_POINT ( 'NONE',  ( 4.478679656440292867, -3.223565119834081560, -152.4000000000000057 ) ) ;
#2905 = EDGE_LOOP ( 'NONE', ( #1729, #2265, #2304, #2299 ) ) ;
#2906 = PLANE ( 'NONE',  #268 ) ;
#2907 = EDGE_CURVE ( 'NONE', #2257, #1390, #2358, .T. ) ;
#2908 = ORIENTED_EDGE ( 'NONE', *, *, #428, .F. ) ;
#2909 = ORIENTED_EDGE ( 'NONE', *, *, #1632, .F. ) ;
#2910 = DIRECTION ( 'NONE',  ( 0.000000000000000000, -3.673940397442060361E-16, 1.000000000000000000 ) ) ;
#2911 = VERTEX_POINT ( 'NONE', #553 ) ;
#2912 = VECTOR ( 'NONE', #1550, 1000.000000000000000 ) ;
#2913 = FACE_OUTER_BOUND ( 'NONE', #224, .T. ) ;
#2914 = AXIS2_PLACEMENT_3D ( 'NONE', #742, #713, #289 ) ;
#2915 = CARTESIAN_POINT ( 'NONE',  ( 2.524916986076432668, -8.309110660272180482, -152.4000000000000057 ) ) ;
#2916 = DIRECTION ( 'NONE',  ( -0.000000000000000000, -0.000000000000000000, -1.000000000000000000 ) ) ;
#2917 = ORIENTED_EDGE ( 'NONE', *, *, #793, .T. ) ;
#2918 = PERSON_AND_ORGANIZATION ( #1996, #28 ) ;
#2919 = ADVANCED_FACE ( 'NONE', ( #1926 ), #1236, .F. ) ;
#2920 = LINE ( 'NONE', #587, #1820 ) ;
#2921 = EDGE_CURVE ( 'NONE', #1605, #613, #2119, .T. ) ;
#2922 = VERTEX_POINT ( 'NONE', #571 ) ;
#2923 = CIRCLE ( 'NONE', #1064, 0.2999999999999999334 ) ;
#2924 = DIRECTION ( 'NONE',  ( 1.013678791507402668E-14, 1.000000000000000000, 0.000000000000000000 ) ) ;
#2925 = EDGE_LOOP ( 'NONE', ( #2809, #920, #226, #1622 ) ) ;
#2926 = CARTESIAN_POINT ( 'NONE',  ( 7.999999999999984901, -7.999999999999976019, 152.4000000000000057 ) ) ;
#2927 = DIRECTION ( 'NONE',  ( -1.836970198721030674E-16, 1.836970198721037083E-16, -1.000000000000000000 ) ) ;
#2928 = EDGE_CURVE ( 'NONE', #613, #1373, #2856, .T. ) ;
#2929 = CARTESIAN_POINT ( 'NONE',  ( -8.019763261177262237, 2.835204083192829572, 152.4000000000000057 ) ) ;
#2930 = DIRECTION ( 'NONE',  ( 0.9993908270190974275, -0.03489949670245395819, 0.000000000000000000 ) ) ;
#2931 = CALENDAR_DATE ( 2026, 18, 1 ) ;
#2932 = CARTESIAN_POINT ( 'NONE',  ( 9.008684239185626552, -2.500487338384703051, 152.4000000000000057 ) ) ;
#2933 = EDGE_CURVE ( 'NONE', #1855, #2180, #745, .T. ) ;
#2934 = ORIENTED_EDGE ( 'NONE', *, *, #113, .T. ) ;
#2935 = FACE_OUTER_BOUND ( 'NONE', #1013, .T. ) ;
#2936 = ORIENTED_EDGE ( 'NONE', *, *, #1192, .T. ) ;
#2937 = ADVANCED_FACE ( 'NONE', ( #1941 ), #2634, .T. ) ;
#2938 = CARTESIAN_POINT ( 'NONE',  ( -9.008684239185658527, -2.500487338384655533, 152.4000000000000057 ) ) ;
#2939 = ORIENTED_EDGE ( 'NONE', *, *, #2333, .T. ) ;
#2940 = VECTOR ( 'NONE', #1416, 1000.000000000000114 ) ;
#2941 = EDGE_CURVE ( 'NONE', #1373, #1089, #292, .T. ) ;
#2942 = AXIS2_PLACEMENT_3D ( 'NONE', #1240, #1450, #80 ) ;
#2943 = CARTESIAN_POINT ( 'NONE',  ( 0.000000000000000000, 3.599999999999918376, 152.4000000000000057 ) ) ;
#2944 = CARTESIAN_POINT ( 'NONE',  ( -9.836116498162898125, -3.272080402637969510, 152.4000000000000057 ) ) ;
#2945 = APPROVAL_ROLE ( '' ) ;
#2946 = AXIS2_PLACEMENT_3D ( 'NONE', #1852, #1580, #23 ) ;
#2947 = LINE ( 'NONE', #1806, #380 ) ;
#2948 = EDGE_LOOP ( 'NONE', ( #467, #815, #1934, #2094, #2411, #167, #1031, #321, #752, #295, #830, #884, #2331, #52, #2138, #2708, #1498, #794, #27, #2043, #1733, #1739, #2083, #2849, #2607, #570, #644, #1516, #2782, #996, #576, #813, #2517, #799, #329, #17, #1573, #769, #595, #2344, #1981, #2837, #2175, #2729, #2727, #659, #1850, #999, #2007, #2792, #2865, #2512, #1177, #1024, #2452, #2968, #2482, #563, #374, #32, #1387, #2496, #1810, #511, #215, #552, #116, #182, #657, #2831, #2698, #2524, #943, #1052, #1602, #451, #977, #1816, #2614, #2209, #1760, #2403, #96 ) ) ;
#2949 = LINE ( 'NONE', #2266, #648 ) ;
#2950 = VECTOR ( 'NONE', #1455, 1000.000000000000000 ) ;
#2951 = ORIENTED_EDGE ( 'NONE', *, *, #729, .T. ) ;
#2952 = DIRECTION ( 'NONE',  ( 0.000000000000000000, -3.673940397442060361E-16, 1.000000000000000000 ) ) ;
#2953 = ORIENTED_EDGE ( 'NONE', *, *, #1506, .F. ) ;
#2954 = EDGE_CURVE ( 'NONE', #2922, #1321, #1480, .T. ) ;
#2955 = ADVANCED_FACE ( 'NONE', ( #94 ), #2161, .T. ) ;
#2956 = LINE ( 'NONE', #2534, #2761 ) ;
#2957 = CARTESIAN_POINT ( 'NONE',  ( -8.094188579844560749, 4.979908358811783842, -152.4000000000000057 ) ) ;
#2958 = EDGE_CURVE ( 'NONE', #348, #230, #107, .T. ) ;
#2959 = SHAPE_DEFINITION_REPRESENTATION ( #2327, #2033 ) ;
#2960 = VECTOR ( 'NONE', #388, 1000.000000000000000 ) ;
#2961 = EDGE_CURVE ( 'NONE', #1764, #312, #1777, .T. ) ;
#2962 = DIRECTION ( 'NONE',  ( -0.03489949670244361923, -0.9993908270190977605, 0.000000000000000000 ) ) ;
#2963 = CC_DESIGN_DATE_AND_TIME_ASSIGNMENT ( #1315, #1526, ( #1757 ) ) ;
#2964 = EDGE_LOOP ( 'NONE', ( #2553, #2201, #1617, #1460 ) ) ;
#2965 = LINE ( 'NONE', #1993, #1620 ) ;
#2966 = VECTOR ( 'NONE', #1546, 1000.000000000000000 ) ;
#2967 = DIRECTION ( 'NONE',  ( -1.000000000000000000, 0.000000000000000000, 0.000000000000000000 ) ) ;
#2968 = ORIENTED_EDGE ( 'NONE', *, *, #1943, .F. ) ;
#2969 = CARTESIAN_POINT ( 'NONE',  ( 2.500487338384722147, -9.008684239185548392, -152.4000000000000057 ) ) ;
#2970 = ORIENTED_EDGE ( 'NONE', *, *, #110, .T. ) ;
#2971 = CIRCLE ( 'NONE', #340, 0.7700916411881568724 ) ;
#2972 = ORIENTED_EDGE ( 'NONE', *, *, #2827, .F. ) ;
#2973 = DIRECTION ( 'NONE',  ( -0.000000000000000000, 3.673940397442061347E-16, -1.000000000000000000 ) ) ;
#2974 = LINE ( 'NONE', #873, #1241 ) ;
#2975 = APPROVAL_ROLE ( '' ) ;
#2976 = CARTESIAN_POINT ( 'NONE',  ( -2.824734234182161963, 8.319580509282967995, 152.4000000000000057 ) ) ;
#2977 = DIRECTION ( 'NONE',  ( -0.9993908270190977605, 0.03489949670244528457, 0.000000000000000000 ) ) ;
#2978 = ORIENTED_EDGE ( 'NONE', *, *, #2574, .T. ) ;
#2979 = LINE ( 'NONE', #878, #1427 ) ;
#2980 = LINE ( 'NONE', #1489, #3001 ) ;
#2981 = EDGE_LOOP ( 'NONE', ( #843, #1569, #84, #2936 ) ) ;
#2982 = CARTESIAN_POINT ( 'NONE',  ( 9.998781654038113587, 7.930201006595090085, -152.4000000000000057 ) ) ;
#2983 = LINE ( 'NONE', #2687, #1084 ) ;
#2984 = AXIS2_PLACEMENT_3D ( 'NONE', #1762, #181, #1746 ) ;
#2985 = EDGE_LOOP ( 'NONE', ( #2843, #664, #2025, #2394 ) ) ;
#2986 = EDGE_CURVE ( 'NONE', #2873, #1845, #363, .T. ) ;
#2987 = AXIS2_PLACEMENT_3D ( 'NONE', #2345, #496, #5 ) ;
#2988 = DIRECTION ( 'NONE',  ( 1.000000000000000000, 0.000000000000000000, 0.000000000000000000 ) ) ;
#2989 = VERTEX_POINT ( 'NONE', #1726 ) ;
#2990 = FACE_OUTER_BOUND ( 'NONE', #2964, .T. ) ;
#2991 = CIRCLE ( 'NONE', #2747, 0.7700916411881577606 ) ;
#2992 = FACE_OUTER_BOUND ( 'NONE', #2421, .T. ) ;
#2993 = DIRECTION ( 'NONE',  ( -1.836970198721030674E-16, 1.836970198721037083E-16, -1.000000000000000000 ) ) ;
#2994 = EDGE_LOOP ( 'NONE', ( #395, #1120, #1836, #1117 ) ) ;
#2995 = CARTESIAN_POINT ( 'NONE',  ( 3.223565119834181036, 4.478679656440252899, 152.4000000000000057 ) ) ;
#2996 = ORIENTED_EDGE ( 'NONE', *, *, #159, .T. ) ;
#2997 = VECTOR ( 'NONE', #430, 1000.000000000000000 ) ;
#2998 = DIRECTION ( 'NONE',  ( -0.03489949670245183488, 0.9993908270190974275, 0.000000000000000000 ) ) ;
#2999 = DIRECTION ( 'NONE',  ( 1.836970198721030674E-16, 1.836970198721011199E-16, -1.000000000000000000 ) ) ;
#3000 = EDGE_CURVE ( 'NONE', #495, #1233, #277, .T. ) ;
#3001 = VECTOR ( 'NONE', #2188, 1000.000000000000114 ) ;
#3002 = EDGE_CURVE ( 'NONE', #495, #2160, #2991, .T. ) ;
#3003 = VERTEX_POINT ( 'NONE', #2440 ) ;
#3004 = PLANE ( 'NONE',  #904 ) ;
#3005 = ORIENTED_EDGE ( 'NONE', *, *, #2067, .T. ) ;
#3006 = DIRECTION ( 'NONE',  ( 1.836970198721030674E-16, 1.836970198721011199E-16, -1.000000000000000000 ) ) ;
#3007 = AXIS2_PLACEMENT_3D ( 'NONE', #1905, #2590, #271 ) ;
#3008 = CARTESIAN_POINT ( 'NONE',  ( 7.999999999999974243, 7.999999999999928946, 152.4000000000000057 ) ) ;
#3009 = CARTESIAN_POINT ( 'NONE',  ( 9.998781654038179312, -7.930201006595076763, 152.4000000000000057 ) ) ;
#3010 = ORIENTED_EDGE ( 'NONE', *, *, #217, .F. ) ;
#3011 = AXIS2_PLACEMENT_3D ( 'NONE', #2418, #319, #1181 ) ;
#3012 = CIRCLE ( 'NONE', #817, 3.000000000000000888 ) ;
ENDSEC;
END-ISO-10303-21;
